exchange,timestamp,market,observed_entry_price,alpha_score,reason_group,status,window_start,deadline,max_high,min_low,time_stop_exit,mfe_net_pct,mae_net_pct,time_stop_net_pct,reason
bithumb,2026-09-07T00:31:36+09:00,KRW-WOO,16.71,43,돌파 미확인,COMPLETE,2026-09-07T00:35:00+09:00,2026-09-07T02:01:36+09:00,18.33,16.47,16.52,9.3881,-1.7119,-1.4135,"1차 퀀트 관망 대기: 하드게이트 차단, 알파스코어 43점, MA5 > MA20, RSI 69.5, %B 0.93, 저점거리 5.63%, 최근고점대비 4.07%, 반등확인 통과, 이격 안정, 1H 16.0 < EMA20 16.4 (기준 0.998), 모멘텀 돌파 직전 4봉 고점 돌파=차단, 거래량배수=2.59, 양봉=통과, RSI=통과, 1H MTF=차단"
bithumb,2026-09-07T01:11:42+09:00,KRW-XAN,24.73,59,반등 미확인,COMPLETE,2026-09-07T01:15:00+09:00,2026-09-07T02:41:42+09:00,25.82,24.5,25.29,4.1157,-1.2071,1.9785,"1차 퀀트 관망 대기: 하드게이트 차단, 알파스코어 59점, MA5 > MA20, RSI 55.7, %B 0.86, 저점거리 3.91%, 최근고점대비 0.89%, 반등확인 차단, 이격 안정, 1H 24.4 >= EMA20 22.6 (기준 0.998)"
bithumb,2026-09-07T01:16:35+09:00,KRW-BTR,67.04,47,이격 과열,COMPLETE,2026-09-07T01:20:00+09:00,2026-09-07T02:46:35+09:00,67.48,64.0,64.77,0.3749,-4.8015,-3.6562,"1차 퀀트 관망 대기: 하드게이트 차단, 알파스코어 47점, MA5 > MA20, RSI 78.9, %B 1.00, 저점거리 7.44%, 최근고점대비 1.78%, 반등확인 차단, 이격 과열차단, 1H 65.5 >= EMA20 64.9 (기준 0.998), 모멘텀 돌파 직전 4봉 고점 돌파=차단, 거래량배수=4.24, 양봉=차단, RSI=차단, 1H MTF=통과"
bithumb,2026-09-07T01:16:36+09:00,KRW-XAN,24.69,64,반등 미확인,COMPLETE,2026-09-07T01:20:00+09:00,2026-09-07T02:46:36+09:00,25.96,24.5,25.29,4.8498,-1.047,2.1437,"1차 퀀트 관망 대기: 하드게이트 차단, 알파스코어 64점, MA5 > MA20, RSI 51.4, %B 0.80, 저점거리 3.65%, 최근고점대비 1.05%, 반등확인 차단, 이격 안정, 1H 24.4 >= EMA20 22.6 (기준 0.998)"
bithumb,2026-09-07T01:21:38+09:00,KRW-UNI,9685.0,50,하드 게이트,COMPLETE,2026-09-07T01:25:00+09:00,2026-09-07T02:51:38+09:00,10120.0,9630.0,9740.0,4.1993,-0.8459,0.2867,"1차 퀀트 관망 대기: 하드게이트 차단, 알파스코어 50점, MA5 > MA20, RSI 94.5, %B 1.28, 저점거리 2.54%, 최근고점대비 0.31%, 반등확인 통과, 이격 안정, 1H 9515.0 >= EMA20 9471.0 (기준 0.998)"
bithumb,2026-09-07T01:21:38+09:00,KRW-VIRTUAL,955.0,44,하드 게이트,COMPLETE,2026-09-07T01:25:00+09:00,2026-09-07T02:51:38+09:00,960.0,945.0,949.0,0.2425,-1.3238,-0.9061,"1차 퀀트 관망 대기: 하드게이트 차단, 알파스코어 44점, MA5 > MA20, RSI 85.7, %B 1.24, 저점거리 1.27%, 최근고점대비 0.00%, 반등확인 통과, 이격 안정, 1H 946.0 >= EMA20 942.1 (기준 0.998)"
bithumb,2026-09-07T01:26:36+09:00,KRW-VIRTUAL,956.0,44,하드 게이트,COMPLETE,2026-09-07T01:30:00+09:00,2026-09-07T02:56:36+09:00,960.0,945.0,949.0,0.1376,-1.427,-1.0098,"1차 퀀트 관망 대기: 하드게이트 차단, 알파스코어 44점, MA5 > MA20, RSI 85.0, %B 1.14, 저점거리 1.38%, 최근고점대비 0.00%, 반등확인 통과, 이격 안정, 1H 946.0 >= EMA20 942.1 (기준 0.998)"
bithumb,2026-09-07T01:26:36+09:00,KRW-LINK,16710.0,44,RSI 범위 이탈,COMPLETE,2026-09-07T01:30:00+09:00,2026-09-07T02:56:36+09:00,16870.0,16710.0,16770.0,0.6752,-0.2796,0.0785,"1차 퀀트 관망 대기: 하드게이트 차단, 알파스코어 44점, MA5 > MA20, RSI 76.7, %B 0.93, 저점거리 0.78%, 최근고점대비 0.06%, 반등확인 차단, 이격 안정, 1H 16650.0 >= EMA20 16616.4 (기준 0.998), 모멘텀 돌파 직전 4봉 고점 돌파=차단, 거래량배수=0.39, 양봉=차단, RSI=차단, 1H MTF=통과"
bithumb,2026-09-07T01:32:00+09:00,KRW-SUI,1087.0,39,상위 추세 미달,COMPLETE,2026-09-07T01:35:00+09:00,2026-09-07T03:02:00+09:00,1095.0,1081.0,1085.0,0.4543,-0.83,-0.4631,"1차 퀀트 관망 대기: 하드게이트 차단, 알파스코어 39점, MA5 > MA20, RSI 83.3, %B 0.99, 저점거리 1.12%, 최근고점대비 0.09%, 반등확인 통과, 이격 안정, 1H 1080.0 < EMA20 1085.4 (기준 0.998)"
bithumb,2026-09-07T01:32:01+09:00,KRW-VIRTUAL,958.0,44,하드 게이트,COMPLETE,2026-09-07T01:35:00+09:00,2026-09-07T03:02:01+09:00,960.0,945.0,950.0,-0.0714,-1.6328,-1.1123,"1차 퀀트 관망 대기: 하드게이트 차단, 알파스코어 44점, MA5 > MA20, RSI 85.0, %B 1.11, 저점거리 1.59%, 최근고점대비 0.00%, 반등확인 통과, 이격 안정, 1H 946.0 >= EMA20 942.1 (기준 0.998)"
bithumb,2026-09-07T01:32:02+09:00,KRW-XAN,24.88,44,하드 게이트,COMPLETE,2026-09-07T01:35:00+09:00,2026-09-07T03:02:02+09:00,25.96,24.5,25.37,4.0491,-1.8027,1.6843,"1차 퀀트 관망 대기: 하드게이트 차단, 알파스코어 44점, MA5 > MA20, RSI 67.3, %B 0.82, 저점거리 3.75%, 최근고점대비 0.32%, 반등확인 통과, 이격 안정, 1H 24.4 >= EMA20 22.6 (기준 0.998)"
bithumb,2026-09-07T01:32:03+09:00,KRW-LINK,16810.0,50,하드 게이트,COMPLETE,2026-09-07T01:35:00+09:00,2026-09-07T03:02:03+09:00,16870.0,16710.0,16790.0,0.0763,-0.8728,-0.3983,"1차 퀀트 관망 대기: 하드게이트 차단, 알파스코어 50점, MA5 > MA20, RSI 80.0, %B 1.22, 저점거리 1.39%, 최근고점대비 0.06%, 반등확인 통과, 이격 안정, 1H 16650.0 >= EMA20 16616.4 (기준 0.998)"
bithumb,2026-09-07T01:36:48+09:00,KRW-SUI,1091.0,42,상위 추세 미달,COMPLETE,2026-09-07T01:40:00+09:00,2026-09-07T03:06:48+09:00,1095.0,1081.0,1086.0,0.086,-1.1936,-0.7366,"1차 퀀트 관망 대기: 하드게이트 차단, 알파스코어 42점, MA5 > MA20, RSI 86.4, %B 1.10, 저점거리 1.49%, 최근고점대비 0.00%, 반등확인 통과, 이격 안정, 1H 1080.0 < EMA20 1085.4 (기준 0.998)"
bithumb,2026-09-07T01:36:49+09:00,KRW-VIRTUAL,957.0,44,하드 게이트,COMPLETE,2026-09-07T01:40:00+09:00,2026-09-07T03:06:49+09:00,958.0,945.0,950.0,-0.1754,-1.53,-1.009,"1차 퀀트 관망 대기: 하드게이트 차단, 알파스코어 44점, MA5 > MA20, RSI 80.0, %B 0.98, 저점거리 1.48%, 최근고점대비 0.21%, 반등확인 통과, 이격 안정, 1H 946.0 >= EMA20 942.1 (기준 0.998)"
bithumb,2026-09-07T01:36:50+09:00,KRW-UNI,10040.0,42,이격 과열,COMPLETE,2026-09-07T01:40:00+09:00,2026-09-07T03:06:50+09:00,9995.0,9715.0,9805.0,-0.7266,-3.5076,-2.6137,"1차 퀀트 관망 대기: 하드게이트 차단, 알파스코어 42점, MA5 > MA20, RSI 88.0, %B 1.17, 저점거리 6.13%, 최근고점대비 0.80%, 반등확인 차단, 이격 과열차단, 1H 9515.0 >= EMA20 9471.0 (기준 0.998), 모멘텀 돌파 직전 4봉 고점 돌파=차단, 거래량배수=4.22, 양봉=차단, RSI=차단, 1H MTF=통과"
bithumb,2026-09-07T01:36:50+09:00,KRW-LINK,16860.0,47,하드 게이트,COMPLETE,2026-09-07T01:40:00+09:00,2026-09-07T03:06:50+09:00,16870.0,16710.0,16790.0,-0.2205,-1.1668,-0.6936,"1차 퀀트 관망 대기: 하드게이트 차단, 알파스코어 47점, MA5 > MA20, RSI 81.6, %B 1.19, 저점거리 1.69%, 최근고점대비 0.06%, 반등확인 통과, 이격 안정, 1H 16650.0 >= EMA20 16616.4 (기준 0.998)"
bithumb,2026-09-07T01:36:51+09:00,KRW-ONDO,515.0,42,RSI 범위 이탈,COMPLETE,2026-09-07T01:40:00+09:00,2026-09-07T03:06:51+09:00,518.0,513.0,516.0,0.3013,-0.6669,-0.086,"1차 퀀트 관망 대기: 하드게이트 차단, 알파스코어 42점, MA5 > MA20, RSI 80.0, %B 1.16, 저점거리 1.18%, 최근고점대비 0.19%, 반등확인 통과, 이격 안정, 1H 509.0 < EMA20 511.0 (기준 0.998), 모멘텀 돌파 직전 4봉 고점 돌파=통과, 거래량배수=1.24, 양봉=통과, RSI=차단, 1H MTF=통과"
bithumb,2026-09-07T01:36:51+09:00,KRW-WLD,561.0,54,거래량 부족,COMPLETE,2026-09-07T01:40:00+09:00,2026-09-07T03:06:51+09:00,564.0,558.0,562.0,0.2537,-0.8129,-0.1019,"1차 퀀트 관망 대기: 하드게이트 차단, 알파스코어 54점, MA5 > MA20, RSI 62.5, %B 1.04, 저점거리 1.26%, 최근고점대비 0.18%, 반등확인 차단, 이격 안정, 1H 557.0 >= EMA20 552.9 (기준 0.998), 모멘텀 돌파 직전 4봉 고점 돌파=차단, 거래량배수=0.17, 양봉=차단, RSI=통과, 1H MTF=통과"
bithumb,2026-09-07T01:41:37+09:00,KRW-SUI,1092.0,42,상위 추세 미달,COMPLETE,2026-09-07T01:45:00+09:00,2026-09-07T03:11:37+09:00,1095.0,1081.0,1086.0,-0.0057,-1.2841,-0.8275,"1차 퀀트 관망 대기: 하드게이트 차단, 알파스코어 42점, MA5 > MA20, RSI 86.4, %B 1.04, 저점거리 1.39%, 최근고점대비 0.09%, 반등확인 통과, 이격 안정, 1H 1080.0 < EMA20 1085.4 (기준 0.998)"
bithumb,2026-09-07T01:41:37+09:00,KRW-VIRTUAL,957.0,44,하드 게이트,COMPLETE,2026-09-07T01:45:00+09:00,2026-09-07T03:11:37+09:00,956.0,945.0,951.0,-0.3838,-1.53,-0.9048,"1차 퀀트 관망 대기: 하드게이트 차단, 알파스코어 44점, MA5 > MA20, RSI 80.0, %B 0.98, 저점거리 1.48%, 최근고점대비 0.21%, 반등확인 통과, 이격 안정, 1H 946.0 >= EMA20 942.1 (기준 0.998)"
bithumb,2026-09-07T01:41:38+09:00,KRW-UNI,9995.0,44,이격 과열,COMPLETE,2026-09-07T01:45:00+09:00,2026-09-07T03:11:38+09:00,9955.0,9715.0,9780.0,-0.6787,-3.0732,-2.4247,"1차 퀀트 관망 대기: 하드게이트 차단, 알파스코어 44점, MA5 > MA20, RSI 82.8, %B 1.01, 저점거리 5.49%, 최근고점대비 1.25%, 반등확인 차단, 이격 과열차단, 1H 9515.0 >= EMA20 9471.0 (기준 0.998), 모멘텀 돌파 직전 4봉 고점 돌파=차단, 거래량배수=1.16, 양봉=차단, RSI=차단, 1H MTF=통과"
bithumb,2026-09-07T01:41:39+09:00,KRW-NEAR,3332.0,47,하드 게이트,COMPLETE,2026-09-07T01:45:00+09:00,2026-09-07T03:11:39+09:00,3337.0,3228.0,3247.0,-0.13,-3.3921,-2.8235,"1차 퀀트 관망 대기: 하드게이트 차단, 알파스코어 47점, MA5 > MA20, RSI 73.8, %B 1.00, 저점거리 2.81%, 최근고점대비 0.12%, 반등확인 통과, 이격 안정, 1H 3258.0 >= EMA20 3153.8 (기준 0.998)"
bithumb,2026-09-07T01:41:40+09:00,KRW-LINK,16860.0,47,하드 게이트,COMPLETE,2026-09-07T01:45:00+09:00,2026-09-07T03:11:40+09:00,16870.0,16710.0,16800.0,-0.2205,-1.1668,-0.6345,"1차 퀀트 관망 대기: 하드게이트 차단, 알파스코어 47점, MA5 > MA20, RSI 81.6, %B 1.19, 저점거리 1.69%, 최근고점대비 0.06%, 반등확인 통과, 이격 안정, 1H 16650.0 >= EMA20 16616.4 (기준 0.998)"
bithumb,2026-09-07T01:41:40+09:00,KRW-ONDO,515.0,42,RSI 범위 이탈,COMPLETE,2026-09-07T01:45:00+09:00,2026-09-07T03:11:40+09:00,518.0,513.0,516.0,0.3013,-0.6669,-0.086,"1차 퀀트 관망 대기: 하드게이트 차단, 알파스코어 42점, MA5 > MA20, RSI 80.0, %B 1.16, 저점거리 1.18%, 최근고점대비 0.19%, 반등확인 통과, 이격 안정, 1H 509.0 < EMA20 511.0 (기준 0.998), 모멘텀 돌파 직전 4봉 고점 돌파=통과, 거래량배수=1.24, 양봉=통과, RSI=차단, 1H MTF=통과"
bithumb,2026-09-07T01:46:41+09:00,KRW-SUI,1094.0,45,상위 추세 미달,COMPLETE,2026-09-07T01:50:00+09:00,2026-09-07T03:16:41+09:00,1095.0,1081.0,1086.0,-0.1885,-1.4646,-1.0088,"1차 퀀트 관망 대기: 하드게이트 차단, 알파스코어 45점, MA5 > MA20, RSI 87.5, %B 1.03, 저점거리 1.58%, 최근고점대비 0.00%, 반등확인 통과, 이격 안정, 1H 1080.0 < EMA20 1085.4 (기준 0.998)"
bithumb,2026-09-07T01:46:42+09:00,KRW-VIRTUAL,958.0,44,하드 게이트,COMPLETE,2026-09-07T01:50:00+09:00,2026-09-07T03:16:42+09:00,955.0,945.0,950.0,-0.5919,-1.6328,-1.1123,"1차 퀀트 관망 대기: 하드게이트 차단, 알파스코어 44점, MA5 > MA20, RSI 84.2, %B 0.91, 저점거리 1.48%, 최근고점대비 0.21%, 반등확인 통과, 이격 안정, 1H 946.0 >= EMA20 942.1 (기준 0.998)"
bithumb,2026-09-07T01:46:43+09:00,KRW-LINK,16860.0,44,하드 게이트,COMPLETE,2026-09-07T01:50:00+09:00,2026-09-07T03:16:43+09:00,16870.0,16710.0,16800.0,-0.2205,-1.1668,-0.6345,"1차 퀀트 관망 대기: 하드게이트 차단, 알파스코어 44점, MA5 > MA20, RSI 86.5, %B 0.97, 저점거리 1.38%, 최근고점대비 0.06%, 반등확인 통과, 이격 안정, 1H 16650.0 >= EMA20 16616.4 (기준 0.998)"
bithumb,2026-09-07T01:46:44+09:00,KRW-ONDO,515.0,39,RSI 범위 이탈,COMPLETE,2026-09-07T01:50:00+09:00,2026-09-07T03:16:44+09:00,518.0,513.0,517.0,0.3013,-0.6669,0.1077,"1차 퀀트 관망 대기: 하드게이트 차단, 알파스코어 39점, MA5 > MA20, RSI 80.0, %B 0.97, 저점거리 1.18%, 최근고점대비 0.19%, 반등확인 통과, 이격 안정, 1H 509.0 < EMA20 511.0 (기준 0.998), 모멘텀 돌파 직전 4봉 고점 돌파=차단, 거래량배수=0.98, 양봉=통과, RSI=차단, 1H MTF=통과"
bithumb,2026-09-07T01:51:36+09:00,KRW-SUI,1090.0,42,상위 추세 미달,COMPLETE,2026-09-07T01:55:00+09:00,2026-09-07T03:21:36+09:00,1091.0,1081.0,1087.0,-0.1881,-1.103,-0.5541,"1차 퀀트 관망 대기: 하드게이트 차단, 알파스코어 42점, MA5 > MA20, RSI 74.1, %B 0.84, 저점거리 1.21%, 최근고점대비 0.37%, 반등확인 차단, 이격 안정, 1H 1080.0 < EMA20 1085.4 (기준 0.998)"
bithumb,2026-09-07T01:51:36+09:00,KRW-VIRTUAL,954.0,59,반등 미확인,COMPLETE,2026-09-07T01:55:00+09:00,2026-09-07T03:21:36+09:00,954.0,945.0,951.0,-0.2796,-1.2204,-0.5932,"1차 퀀트 관망 대기: 하드게이트 차단, 알파스코어 59점, MA5 > MA20, RSI 66.7, %B 0.71, 저점거리 1.06%, 최근고점대비 0.63%, 반등확인 차단, 이격 안정, 1H 946.0 >= EMA20 942.1 (기준 0.998)"
bithumb,2026-09-07T01:51:38+09:00,KRW-UNI,9900.0,47,RSI 범위 이탈,COMPLETE,2026-09-07T01:55:00+09:00,2026-09-07T03:21:38+09:00,9900.0,9715.0,9790.0,-0.2796,-2.1431,-1.3876,"1차 퀀트 관망 대기: 하드게이트 차단, 알파스코어 47점, MA5 > MA20, RSI 74.6, %B 0.81, 저점거리 4.38%, 최근고점대비 2.22%, 반등확인 차단, 이격 안정, 1H 9515.0 >= EMA20 9471.0 (기준 0.998), 모멘텀 돌파 직전 4봉 고점 돌파=차단, 거래량배수=1.89, 양봉=통과, RSI=차단, 1H MTF=통과"
bithumb,2026-09-07T01:51:39+09:00,KRW-NEAR,3328.0,52,반등 미확인,COMPLETE,2026-09-07T01:55:00+09:00,2026-09-07T03:21:39+09:00,3311.0,3228.0,3244.0,-0.789,-3.276,-2.7966,"1차 퀀트 관망 대기: 하드게이트 차단, 알파스코어 52점, MA5 > MA20, RSI 72.2, %B 0.86, 저점거리 2.37%, 최근고점대비 0.33%, 반등확인 차단, 이격 안정, 1H 3258.0 >= EMA20 3153.8 (기준 0.998)"
bithumb,2026-09-07T01:51:40+09:00,KRW-LINK,16810.0,44,반등 미확인,COMPLETE,2026-09-07T01:55:00+09:00,2026-09-07T03:21:40+09:00,16860.0,16710.0,16870.0,0.017,-0.8728,0.0763,"1차 퀀트 관망 대기: 하드게이트 차단, 알파스코어 44점, MA5 > MA20, RSI 73.0, %B 0.81, 저점거리 0.96%, 최근고점대비 0.36%, 반등확인 차단, 이격 안정, 1H 16650.0 >= EMA20 16616.4 (기준 0.998)"
bithumb,2026-09-07T01:51:41+09:00,KRW-ONDO,515.0,39,RSI 범위 이탈,COMPLETE,2026-09-07T01:55:00+09:00,2026-09-07T03:21:41+09:00,518.0,513.0,517.0,0.3013,-0.6669,0.1077,"1차 퀀트 관망 대기: 하드게이트 차단, 알파스코어 39점, MA5 > MA20, RSI 77.8, %B 0.92, 저점거리 1.18%, 최근고점대비 0.19%, 반등확인 통과, 이격 안정, 1H 509.0 < EMA20 511.0 (기준 0.998), 모멘텀 돌파 직전 4봉 고점 돌파=차단, 거래량배수=0.50, 양봉=통과, RSI=차단, 1H MTF=통과"
bithumb,2026-09-07T01:56:34+09:00,KRW-ONDO,516.0,32,상위 추세 미달,COMPLETE,2026-09-07T02:00:00+09:00,2026-09-07T03:26:34+09:00,518.0,513.0,516.0,0.1069,-0.8594,-0.2796,"1차 퀀트 관망 대기: 하드게이트 차단, 알파스코어 32점, MA5 > MA20, RSI 80.0, %B 0.96, 저점거리 1.38%, 최근고점대비 0.00%, 반등확인 통과, 이격 안정, 1H 509.0 < EMA20 511.0 (기준 0.998)"
bithumb,2026-09-07T01:56:34+09:00,KRW-VIRTUAL,954.0,59,반등 미확인,COMPLETE,2026-09-07T02:00:00+09:00,2026-09-07T03:26:34+09:00,954.0,945.0,953.0,-0.2796,-1.2204,-0.3841,"1차 퀀트 관망 대기: 하드게이트 차단, 알파스코어 59점, MA5 > MA20, RSI 66.7, %B 0.71, 저점거리 1.06%, 최근고점대비 0.63%, 반등확인 차단, 이격 안정, 1H 946.0 >= EMA20 942.1 (기준 0.998)"
bithumb,2026-09-07T01:56:34+09:00,KRW-LINK,16860.0,44,하드 게이트,COMPLETE,2026-09-07T02:00:00+09:00,2026-09-07T03:26:34+09:00,16870.0,16710.0,16920.0,-0.2205,-1.1668,0.0753,"1차 퀀트 관망 대기: 하드게이트 차단, 알파스코어 44점, MA5 > MA20, RSI 75.6, %B 0.90, 저점거리 1.26%, 최근고점대비 0.06%, 반등확인 통과, 이격 안정, 1H 16650.0 >= EMA20 16616.4 (기준 0.998)"
bithumb,2026-09-07T01:56:35+09:00,KRW-WLD,562.0,49,거래량 부족,COMPLETE,2026-09-07T02:00:00+09:00,2026-09-07T03:26:35+09:00,564.0,558.0,562.0,0.0753,-0.9894,-0.2796,"1차 퀀트 관망 대기: 하드게이트 차단, 알파스코어 49점, MA5 > MA20, RSI 66.7, %B 0.91, 저점거리 1.44%, 최근고점대비 0.18%, 반등확인 통과, 이격 안정, 1H 557.0 >= EMA20 552.9 (기준 0.998), 모멘텀 돌파 직전 4봉 고점 돌파=차단, 거래량배수=0.30, 양봉=통과, RSI=통과, 1H MTF=통과"
bithumb,2026-09-07T01:56:35+09:00,KRW-SUI,1090.0,39,RSI 범위 이탈,COMPLETE,2026-09-07T02:00:00+09:00,2026-09-07T03:26:35+09:00,1091.0,1081.0,1088.0,-0.1881,-1.103,-0.4626,"1차 퀀트 관망 대기: 하드게이트 차단, 알파스코어 39점, MA5 > MA20, RSI 73.1, %B 0.81, 저점거리 1.21%, 최근고점대비 0.46%, 반등확인 차단, 이격 안정, 1H 1080.0 < EMA20 1085.4 (기준 0.998), 모멘텀 돌파 직전 4봉 고점 돌파=차단, 거래량배수=0.81, 양봉=차단, RSI=차단, 1H MTF=통과"
bithumb,2026-09-07T02:01:32+09:00,KRW-VIRTUAL,953.0,59,반등 미확인,COMPLETE,2026-09-07T02:05:00+09:00,2026-09-07T03:31:32+09:00,954.0,945.0,953.0,-0.175,-1.1167,-0.2796,"1차 퀀트 관망 대기: 하드게이트 차단, 알파스코어 59점, MA5 > MA20, RSI 70.0, %B 0.62, 저점거리 0.85%, 최근고점대비 0.73%, 반등확인 차단, 이격 안정, 1H 953.0 >= EMA20 943.1 (기준 0.998)"
bithumb,2026-09-07T02:01:32+09:00,KRW-LINK,16860.0,44,하드 게이트,COMPLETE,2026-09-07T02:05:00+09:00,2026-09-07T03:31:32+09:00,16920.0,16710.0,16890.0,0.0753,-1.1668,-0.1022,"1차 퀀트 관망 대기: 하드게이트 차단, 알파스코어 44점, MA5 > MA20, RSI 75.6, %B 0.90, 저점거리 1.26%, 최근고점대비 0.06%, 반등확인 통과, 이격 안정, 1H 16650.0 >= EMA20 16616.4 (기준 0.998)"
bithumb,2026-09-07T02:01:32+09:00,KRW-WLD,564.0,55,하드 게이트,COMPLETE,2026-09-07T02:05:00+09:00,2026-09-07T03:31:32+09:00,562.0,558.0,563.0,-0.6332,-1.3405,-0.4564,"1차 퀀트 관망 대기: 하드게이트 차단, 알파스코어 55점, MA5 > MA20, RSI 70.6, %B 1.03, 저점거리 1.81%, 최근고점대비 0.00%, 반등확인 통과, 이격 안정, 1H 564.0 >= EMA20 554.0 (기준 0.998)"
bithumb,2026-09-07T02:01:32+09:00,KRW-ONDO,516.0,37,RSI 범위 이탈,COMPLETE,2026-09-07T02:05:00+09:00,2026-09-07T03:31:32+09:00,518.0,513.0,515.0,0.1069,-0.8594,-0.4729,"1차 퀀트 관망 대기: 하드게이트 차단, 알파스코어 37점, MA5 > MA20, RSI 88.9, %B 0.90, 저점거리 1.18%, 최근고점대비 0.00%, 반등확인 통과, 이격 안정, 1H 516.0 >= EMA20 511.5 (기준 0.998), 모멘텀 돌파 직전 4봉 고점 돌파=차단, 거래량배수=0.93, 양봉=통과, RSI=차단, 1H MTF=통과"
bithumb,2026-09-07T02:06:34+09:00,KRW-BTR,64.5,39,상위 추세 미달,COMPLETE,2026-09-07T02:10:00+09:00,2026-09-07T03:36:34+09:00,66.3,64.18,64.45,2.5033,-0.7743,-0.3569,"1차 퀀트 관망 대기: 하드게이트 차단, 알파스코어 39점, MA5 <= MA20, RSI 43.6, %B 0.42, 저점거리 0.78%, 최근고점대비 6.02%, 반등확인 통과, 이격 안정, 1H 64.4 < EMA20 64.9 (기준 0.998)"
bithumb,2026-09-07T02:06:34+09:00,KRW-UNI,9840.0,59,거래량 부족,COMPLETE,2026-09-07T02:10:00+09:00,2026-09-07T03:36:34+09:00,9850.0,9715.0,9730.0,-0.1783,-1.5464,-1.3944,"1차 퀀트 관망 대기: 하드게이트 차단, 알파스코어 59점, MA5 > MA20, RSI 69.2, %B 0.67, 저점거리 3.36%, 최근고점대비 2.85%, 반등확인 차단, 이격 안정, 1H 9845.0 >= EMA20 9506.3 (기준 0.998), 모멘텀 돌파 직전 4봉 고점 돌파=차단, 거래량배수=0.33, 양봉=차단, RSI=통과, 1H MTF=통과"
bithumb,2026-09-07T02:06:34+09:00,KRW-ONDO,515.0,47,RSI 범위 이탈,COMPLETE,2026-09-07T02:10:00+09:00,2026-09-07T03:36:34+09:00,518.0,513.0,514.0,0.3013,-0.6669,-0.4732,"1차 퀀트 관망 대기: 하드게이트 차단, 알파스코어 47점, MA5 > MA20, RSI 77.8, %B 0.78, 저점거리 0.98%, 최근고점대비 0.19%, 반등확인 차단, 이격 안정, 1H 516.0 >= EMA20 511.5 (기준 0.998), 모멘텀 돌파 직전 4봉 고점 돌파=차단, 거래량배수=0.99, 양봉=차단, RSI=차단, 1H MTF=통과"
bithumb,2026-09-07T02:06:34+09:00,KRW-VIRTUAL,953.0,59,거래량 부족,COMPLETE,2026-09-07T02:10:00+09:00,2026-09-07T03:36:34+09:00,954.0,945.0,953.0,-0.175,-1.1167,-0.2796,"1차 퀀트 관망 대기: 하드게이트 차단, 알파스코어 59점, MA5 > MA20, RSI 70.0, %B 0.61, 저점거리 0.85%, 최근고점대비 0.73%, 반등확인 차단, 이격 안정, 1H 953.0 >= EMA20 943.1 (기준 0.998), 모멘텀 돌파 직전 4봉 고점 돌파=차단, 거래량배수=0.56, 양봉=차단, RSI=통과, 1H MTF=통과"
bithumb,2026-09-07T02:11:34+09:00,KRW-UNI,9835.0,59,거래량 부족,COMPLETE,2026-09-07T02:15:00+09:00,2026-09-07T03:41:34+09:00,9825.0,9695.0,9730.0,-0.381,-1.6991,-1.3442,"1차 퀀트 관망 대기: 하드게이트 차단, 알파스코어 59점, MA5 > MA20, RSI 68.0, %B 0.64, 저점거리 3.04%, 최근고점대비 2.90%, 반등확인 차단, 이격 안정, 1H 9845.0 >= EMA20 9506.3 (기준 0.998), 모멘텀 돌파 직전 4봉 고점 돌파=차단, 거래량배수=0.23, 양봉=차단, RSI=통과, 1H MTF=통과"
bithumb,2026-09-07T02:11:35+09:00,KRW-ONDO,514.0,52,RSI 범위 이탈,COMPLETE,2026-09-07T02:15:00+09:00,2026-09-07T03:41:35+09:00,518.0,513.0,514.0,0.4964,-0.4736,-0.2796,"1차 퀀트 관망 대기: 하드게이트 차단, 알파스코어 52점, MA5 > MA20, RSI 77.8, %B 0.66, 저점거리 0.78%, 최근고점대비 0.39%, 반등확인 차단, 이격 안정, 1H 516.0 >= EMA20 511.5 (기준 0.998), 모멘텀 돌파 직전 4봉 고점 돌파=차단, 거래량배수=0.16, 양봉=차단, RSI=차단, 1H MTF=통과"
bithumb,2026-09-07T02:16:31+09:00,KRW-BTR,64.35,29,상위 추세 미달,COMPLETE,2026-09-07T02:20:00+09:00,2026-09-07T03:46:31+09:00,66.3,64.18,64.26,2.7422,-0.5431,-0.4191,"1차 퀀트 관망 대기: 하드게이트 차단, 알파스코어 29점, MA5 <= MA20, RSI 32.3, %B 0.35, 저점거리 0.55%, 최근고점대비 6.26%, 반등확인 차단, 이격 안정, 1H 64.4 < EMA20 64.9 (기준 0.998)"
bithumb,2026-09-07T02:16:31+09:00,KRW-XAN,25.1,44,하드 게이트,COMPLETE,2026-09-07T02:20:00+09:00,2026-09-07T03:46:31+09:00,25.96,24.65,25.26,3.1371,-2.0674,0.3561,"1차 퀀트 관망 대기: 하드게이트 차단, 알파스코어 44점, MA5 > MA20, RSI 69.9, %B 0.96, 저점거리 2.45%, 최근고점대비 0.04%, 반등확인 통과, 이격 안정, 1H 24.7 >= EMA20 22.8 (기준 0.998)"
bithumb,2026-09-07T02:16:31+09:00,KRW-UNI,9800.0,54,거래량 부족,COMPLETE,2026-09-07T02:20:00+09:00,2026-09-07T03:46:31+09:00,9820.0,9695.0,9730.0,-0.0761,-1.348,-0.9919,"1차 퀀트 관망 대기: 하드게이트 차단, 알파스코어 54점, MA5 > MA20, RSI 65.4, %B 0.59, 저점거리 1.77%, 최근고점대비 3.27%, 반등확인 차단, 이격 안정, 1H 9845.0 >= EMA20 9506.3 (기준 0.998), 모멘텀 돌파 직전 4봉 고점 돌파=차단, 거래량배수=0.11, 양봉=차단, RSI=통과, 1H MTF=통과"
bithumb,2026-09-07T02:16:32+09:00,KRW-ONDO,514.0,52,RSI 범위 이탈,COMPLETE,2026-09-07T02:20:00+09:00,2026-09-07T03:46:32+09:00,518.0,513.0,514.0,0.4964,-0.4736,-0.2796,"1차 퀀트 관망 대기: 하드게이트 차단, 알파스코어 52점, MA5 > MA20, RSI 75.0, %B 0.64, 저점거리 0.59%, 최근고점대비 0.39%, 반등확인 통과, 이격 안정, 1H 516.0 >= EMA20 511.5 (기준 0.998), 모멘텀 돌파 직전 4봉 고점 돌파=차단, 거래량배수=0.27, 양봉=통과, RSI=차단, 1H MTF=통과"
bithumb,2026-09-07T02:16:32+09:00,KRW-SUI,1088.0,69,거래량 부족,COMPLETE,2026-09-07T02:20:00+09:00,2026-09-07T03:46:32+09:00,1090.0,1081.0,1082.0,-0.0963,-0.9212,-0.8295,"1차 퀀트 관망 대기: 하드게이트 차단, 알파스코어 69점, MA5 > MA20, RSI 65.6, %B 0.65, 저점거리 0.55%, 최근고점대비 0.64%, 반등확인 통과, 이격 안정, 1H 1089.0 >= EMA20 1085.7 (기준 0.998), 모멘텀 돌파 직전 4봉 고점 돌파=차단, 거래량배수=0.52, 양봉=통과, RSI=통과, 1H MTF=통과"
bithumb,2026-09-07T02:21:33+09:00,KRW-UNI,9800.0,54,거래량 부족,COMPLETE,2026-09-07T02:25:00+09:00,2026-09-07T03:51:33+09:00,9810.0,9695.0,9740.0,-0.1779,-1.348,-0.8901,"1차 퀀트 관망 대기: 하드게이트 차단, 알파스코어 54점, MA5 > MA20, RSI 64.0, %B 0.57, 저점거리 1.77%, 최근고점대비 3.27%, 반등확인 차단, 이격 안정, 1H 9845.0 >= EMA20 9506.3 (기준 0.998), 모멘텀 돌파 직전 4봉 고점 돌파=차단, 거래량배수=0.25, 양봉=차단, RSI=통과, 1H MTF=통과"
bithumb,2026-09-07T02:21:33+09:00,KRW-VIRTUAL,949.0,74,반등 미확인,COMPLETE,2026-09-07T02:25:00+09:00,2026-09-07T03:51:33+09:00,954.0,945.0,950.0,0.2458,-0.6999,-0.1745,"1차 퀀트 관망 대기: 하드게이트 통과, 알파스코어 74점, MA5 > MA20, RSI 56.5, %B 0.38, 저점거리 0.00%, 최근고점대비 1.16%, 반등확인 차단, 이격 안정, 1H 953.0 >= EMA20 943.1 (기준 0.998)"
bithumb,2026-09-07T02:21:33+09:00,KRW-ONDO,515.0,52,RSI 범위 이탈,COMPLETE,2026-09-07T02:25:00+09:00,2026-09-07T03:51:33+09:00,518.0,513.0,515.0,0.3013,-0.6669,-0.2796,"1차 퀀트 관망 대기: 하드게이트 차단, 알파스코어 52점, MA5 > MA20, RSI 77.8, %B 0.72, 저점거리 0.59%, 최근고점대비 0.19%, 반등확인 통과, 이격 안정, 1H 516.0 >= EMA20 511.5 (기준 0.998), 모멘텀 돌파 직전 4봉 고점 돌파=차단, 거래량배수=0.23, 양봉=통과, RSI=차단, 1H MTF=통과"
bithumb,2026-09-07T02:26:31+09:00,KRW-UNI,9755.0,67,반등 미확인,COMPLETE,2026-09-07T02:30:00+09:00,2026-09-07T03:56:31+09:00,9810.0,9695.0,9720.0,0.2826,-0.893,-0.6374,"1차 퀀트 관망 대기: 하드게이트 통과, 알파스코어 67점, MA5 > MA20, RSI 57.8, %B 0.49, 저점거리 1.30%, 최근고점대비 3.74%, 반등확인 차단, 이격 안정, 1H 9845.0 >= EMA20 9506.3 (기준 0.998)"
bithumb,2026-09-07T02:26:31+09:00,KRW-VIRTUAL,952.0,74,거래량 부족,COMPLETE,2026-09-07T02:30:00+09:00,2026-09-07T03:56:31+09:00,954.0,945.0,950.0,-0.0701,-1.0128,-0.4891,"1차 퀀트 관망 대기: 하드게이트 통과, 알파스코어 74점, MA5 <= MA20, RSI 52.0, %B 0.51, 저점거리 0.32%, 최근고점대비 0.84%, 반등확인 차단, 이격 안정, 1H 953.0 >= EMA20 943.1 (기준 0.998), 모멘텀 돌파 직전 4봉 고점 돌파=차단, 거래량배수=0.04, 양봉=차단, RSI=통과, 1H MTF=통과"
bithumb,2026-09-07T02:36:34+09:00,KRW-HEMI,15.84,33,상위 추세 미달,COMPLETE,2026-09-07T02:40:00+09:00,2026-09-07T04:06:34+09:00,16.18,15.41,15.52,1.8609,-2.9867,-2.2942,"1차 퀀트 관망 대기: 하드게이트 차단, 알파스코어 33점, MA5 > MA20, RSI 74.8, %B 1.43, 저점거리 4.55%, 최근고점대비 0.00%, 반등확인 통과, 이격 안정, 1H 15.3 < EMA20 15.8 (기준 0.998)"
bithumb,2026-09-07T02:36:34+09:00,KRW-XAN,25.03,64,거래량 부족,COMPLETE,2026-09-07T02:40:00+09:00,2026-09-07T04:06:34+09:00,25.96,24.65,25.3,3.4255,-1.7935,0.7961,"1차 퀀트 관망 대기: 하드게이트 차단, 알파스코어 64점, MA5 > MA20, RSI 53.2, %B 0.79, 저점거리 2.16%, 최근고점대비 0.92%, 반등확인 통과, 이격 안정, 1H 24.7 >= EMA20 22.8 (기준 0.998), 모멘텀 돌파 직전 4봉 고점 돌파=차단, 거래량배수=0.44, 양봉=통과, RSI=통과, 1H MTF=통과"
bithumb,2026-09-07T02:36:34+09:00,KRW-ONDO,515.0,65,돌파 미확인,COMPLETE,2026-09-07T02:40:00+09:00,2026-09-07T04:06:34+09:00,518.0,514.0,515.0,0.3013,-0.4732,-0.2796,"1차 퀀트 관망 대기: 하드게이트 차단, 알파스코어 65점, MA5 > MA20, RSI 66.7, %B 0.67, 저점거리 0.39%, 최근고점대비 0.19%, 반등확인 통과, 이격 안정, 1H 516.0 >= EMA20 511.5 (기준 0.998), 모멘텀 돌파 직전 4봉 고점 돌파=차단, 거래량배수=5.78, 양봉=통과, RSI=통과, 1H MTF=통과"
bithumb,2026-09-07T02:41:34+09:00,KRW-BTR,65.34,39,상위 추세 미달,COMPLETE,2026-09-07T02:45:00+09:00,2026-09-07T04:11:34+09:00,66.23,64.18,64.39,1.0787,-2.05,-1.7295,"1차 퀀트 관망 대기: 하드게이트 차단, 알파스코어 39점, MA5 <= MA20, RSI 64.4, %B 0.49, 저점거리 1.81%, 최근고점대비 1.47%, 반등확인 차단, 이격 안정, 1H 64.4 < EMA20 64.9 (기준 0.998)"
bithumb,2026-09-07T02:41:34+09:00,KRW-RAY,1875.0,57,돌파 미확인,COMPLETE,2026-09-07T02:45:00+09:00,2026-09-07T04:11:34+09:00,1929.0,1816.0,1844.0,2.5923,-3.4175,-1.9283,"1차 퀀트 관망 대기: 하드게이트 차단, 알파스코어 57점, MA5 > MA20, RSI 63.7, %B 0.79, 저점거리 6.05%, 최근고점대비 3.20%, 반등확인 차단, 이격 안정, 1H 1818.0 >= EMA20 1565.6 (기준 0.998), 모멘텀 돌파 직전 4봉 고점 돌파=차단, 거래량배수=1.67, 양봉=차단, RSI=통과, 1H MTF=통과"
bithumb,2026-09-07T02:41:34+09:00,KRW-ONDO,516.0,57,하드 게이트,COMPLETE,2026-09-07T02:45:00+09:00,2026-09-07T04:11:34+09:00,517.0,514.0,515.0,-0.0864,-0.6661,-0.4729,"1차 퀀트 관망 대기: 하드게이트 차단, 알파스코어 57점, MA5 > MA20, RSI 62.5, %B 0.78, 저점거리 0.58%, 최근고점대비 0.00%, 반등확인 통과, 이격 안정, 1H 516.0 >= EMA20 511.5 (기준 0.998)"
bithumb,2026-09-07T02:41:34+09:00,KRW-WLD,560.0,79,거래량 부족,COMPLETE,2026-09-07T02:45:00+09:00,2026-09-07T04:11:34+09:00,565.0,560.0,562.0,0.6108,-0.2796,0.0765,"1차 퀀트 관망 대기: 하드게이트 통과, 알파스코어 79점, MA5 > MA20, RSI 55.0, %B 0.51, 저점거리 0.36%, 최근고점대비 0.71%, 반등확인 통과, 이격 안정, 1H 564.0 >= EMA20 554.0 (기준 0.998), 모멘텀 돌파 직전 4봉 고점 돌파=차단, 거래량배수=1.03, 양봉=통과, RSI=통과, 1H MTF=통과"
bithumb,2026-09-07T02:46:33+09:00,KRW-HEMI,15.77,42,상위 추세 미달,COMPLETE,2026-09-07T02:50:00+09:00,2026-09-07T04:16:33+09:00,16.18,15.41,15.71,2.313,-2.556,-0.659,"1차 퀀트 관망 대기: 하드게이트 차단, 알파스코어 42점, MA5 > MA20, RSI 65.2, %B 0.98, 저점거리 4.09%, 최근고점대비 1.84%, 반등확인 차단, 이격 안정, 1H 15.3 < EMA20 15.8 (기준 0.998)"
bithumb,2026-09-07T02:46:33+09:00,KRW-ONDO,518.0,40,하드 게이트,COMPLETE,2026-09-07T02:50:00+09:00,2026-09-07T04:16:33+09:00,517.0,514.0,515.0,-0.4721,-1.0497,-0.8571,"1차 퀀트 관망 대기: 하드게이트 차단, 알파스코어 40점, MA5 > MA20, RSI 66.7, %B 1.00, 저점거리 0.97%, 최근고점대비 0.00%, 반등확인 통과, 이격 안정, 1H 516.0 >= EMA20 511.5 (기준 0.998)"
bithumb,2026-09-07T02:51:31+09:00,KRW-HEMI,15.95,30,상위 추세 미달,COMPLETE,2026-09-07T02:55:00+09:00,2026-09-07T04:21:31+09:00,16.18,15.41,15.68,1.1584,-3.6557,-1.9677,"1차 퀀트 관망 대기: 하드게이트 차단, 알파스코어 30점, MA5 > MA20, RSI 74.2, %B 1.07, 저점거리 5.28%, 최근고점대비 0.69%, 반등확인 통과, 이격 안정, 1H 15.3 < EMA20 15.8 (기준 0.998)"
bithumb,2026-09-07T02:51:31+09:00,KRW-BTR,65.18,54,상위 추세 미달,COMPLETE,2026-09-07T02:55:00+09:00,2026-09-07T04:21:31+09:00,66.23,64.18,64.22,1.3268,-1.8095,-1.7483,"1차 퀀트 관망 대기: 하드게이트 차단, 알파스코어 54점, MA5 > MA20, RSI 51.1, %B 0.49, 저점거리 1.56%, 최근고점대비 1.72%, 반등확인 차단, 이격 안정, 1H 64.4 < EMA20 64.9 (기준 0.998)"
bithumb,2026-09-07T02:51:31+09:00,KRW-XAN,25.29,62,돌파 미확인,COMPLETE,2026-09-07T02:55:00+09:00,2026-09-07T04:21:31+09:00,25.62,24.65,25.22,1.0216,-2.8032,-0.5556,"1차 퀀트 관망 대기: 하드게이트 차단, 알파스코어 62점, MA5 > MA20, RSI 64.4, %B 0.86, 저점거리 2.80%, 최근고점대비 2.65%, 반등확인 차단, 이격 안정, 1H 24.7 >= EMA20 22.8 (기준 0.998), 모멘텀 돌파 직전 4봉 고점 돌파=차단, 거래량배수=14.43, 양봉=차단, RSI=통과, 1H MTF=통과"
bithumb,2026-09-07T02:51:31+09:00,KRW-ONDO,518.0,40,하드 게이트,COMPLETE,2026-09-07T02:55:00+09:00,2026-09-07T04:21:31+09:00,517.0,514.0,515.0,-0.4721,-1.0497,-0.8571,"1차 퀀트 관망 대기: 하드게이트 차단, 알파스코어 40점, MA5 > MA20, RSI 66.7, %B 1.00, 저점거리 0.97%, 최근고점대비 0.00%, 반등확인 통과, 이격 안정, 1H 516.0 >= EMA20 511.5 (기준 0.998), 모멘텀 돌파 직전 4봉 고점 돌파=통과, 거래량배수=1.83, 양봉=통과, RSI=통과, 1H MTF=통과"
bithumb,2026-09-07T02:56:31+09:00,KRW-HEMI,16.01,33,이격 과열,COMPLETE,2026-09-07T03:00:00+09:00,2026-09-07T04:26:31+09:00,16.18,15.41,15.91,0.7793,-4.0168,-0.9025,"1차 퀀트 관망 대기: 하드게이트 차단, 알파스코어 33점, MA5 > MA20, RSI 75.0, %B 1.03, 저점거리 5.68%, 최근고점대비 0.50%, 반등확인 통과, 이격 과열차단, 1H 15.3 < EMA20 15.8 (기준 0.998)"
bithumb,2026-09-07T02:56:31+09:00,KRW-ONDO,518.0,40,하드 게이트,COMPLETE,2026-09-07T03:00:00+09:00,2026-09-07T04:26:31+09:00,517.0,514.0,514.0,-0.4721,-1.0497,-1.0497,"1차 퀀트 관망 대기: 하드게이트 차단, 알파스코어 40점, MA5 > MA20, RSI 66.7, %B 1.00, 저점거리 0.97%, 최근고점대비 0.00%, 반등확인 통과, 이격 안정, 1H 516.0 >= EMA20 511.5 (기준 0.998), 모멘텀 돌파 직전 4봉 고점 돌파=통과, 거래량배수=1.83, 양봉=통과, RSI=통과, 1H MTF=통과"
bithumb,2026-09-07T03:01:32+09:00,KRW-ONDO,515.0,67,RSI 범위 이탈,COMPLETE,2026-09-07T03:05:00+09:00,2026-09-07T04:31:32+09:00,517.0,514.0,514.0,0.1077,-0.4732,-0.4732,"1차 퀀트 관망 대기: 하드게이트 통과, 알파스코어 67점, MA5 > MA20, RSI 50.0, %B 0.54, 저점거리 0.39%, 최근고점대비 0.58%, 반등확인 차단, 이격 안정, 1H 515.0 >= EMA20 511.9 (기준 0.998), 모멘텀 돌파 직전 4봉 고점 돌파=차단, 거래량배수=1.03, 양봉=차단, RSI=차단, 1H MTF=통과"
bithumb,2026-09-07T03:06:33+09:00,KRW-RAY,1843.0,64,반등 미확인,COMPLETE,2026-09-07T03:10:00+09:00,2026-09-07T04:36:33+09:00,1929.0,1697.0,1728.0,4.3736,-8.1793,-6.502,"1차 퀀트 관망 대기: 하드게이트 통과, 알파스코어 64점, MA5 > MA20, RSI 58.2, %B 0.51, 저점거리 4.24%, 최근고점대비 4.99%, 반등확인 차단, 이격 안정, 1H 1860.0 >= EMA20 1593.7 (기준 0.998)"
bithumb,2026-09-07T03:06:33+09:00,KRW-ONDO,516.0,67,복합 조건 미달,COMPLETE,2026-09-07T03:10:00+09:00,2026-09-07T04:36:33+09:00,517.0,514.0,515.0,-0.0864,-0.6661,-0.4729,"1차 퀀트 관망 대기: 하드게이트 통과, 알파스코어 67점, MA5 > MA20, RSI 53.9, %B 0.72, 저점거리 0.58%, 최근고점대비 0.39%, 반등확인 통과, 이격 안정, 1H 515.0 >= EMA20 511.9 (기준 0.998)"
bithumb,2026-09-07T03:11:34+09:00,KRW-BTR,65.95,44,거래량 부족,COMPLETE,2026-09-07T03:15:00+09:00,2026-09-07T04:41:34+09:00,65.76,64.03,64.09,-0.5669,-3.1828,-3.092,"1차 퀀트 관망 대기: 하드게이트 차단, 알파스코어 44점, MA5 > MA20, RSI 71.3, %B 1.06, 저점거리 2.76%, 최근고점대비 0.53%, 반등확인 통과, 이격 안정, 1H 64.7 < EMA20 64.9 (기준 0.998), 모멘텀 돌파 직전 4봉 고점 돌파=통과, 거래량배수=0.78, 양봉=통과, RSI=통과, 1H MTF=통과"
bithumb,2026-09-07T03:11:34+09:00,KRW-UNI,9785.0,44,RSI 범위 이탈,COMPLETE,2026-09-07T03:15:00+09:00,2026-09-07T04:41:34+09:00,9810.0,9640.0,9700.0,-0.0248,-1.7573,-1.1459,"1차 퀀트 관망 대기: 하드게이트 차단, 알파스코어 44점, MA5 <= MA20, RSI 40.3, %B 0.39, 저점거리 0.72%, 최근고점대비 0.66%, 반등확인 통과, 이격 안정, 1H 9740.0 >= EMA20 9528.5 (기준 0.998), 모멘텀 돌파 직전 4봉 고점 돌파=차단, 거래량배수=0.15, 양봉=통과, RSI=차단, 1H MTF=통과"
bithumb,2026-09-07T03:11:34+09:00,KRW-ONDO,516.0,67,RSI 범위 이탈,COMPLETE,2026-09-07T03:15:00+09:00,2026-09-07T04:41:34+09:00,517.0,514.0,514.0,-0.0864,-0.6661,-0.6661,"1차 퀀트 관망 대기: 하드게이트 통과, 알파스코어 67점, MA5 > MA20, RSI 50.0, %B 0.72, 저점거리 0.58%, 최근고점대비 0.39%, 반등확인 통과, 이격 안정, 1H 515.0 >= EMA20 511.9 (기준 0.998), 모멘텀 돌파 직전 4봉 고점 돌파=차단, 거래량배수=0.13, 양봉=통과, RSI=차단, 1H MTF=통과"
bithumb,2026-09-07T03:16:37+09:00,KRW-HEMI,16.04,44,하드 게이트,COMPLETE,2026-09-07T03:20:00+09:00,2026-09-07T04:46:37+09:00,16.11,15.41,15.55,0.1556,-4.1963,-3.3259,"1차 퀀트 관망 대기: 하드게이트 차단, 알파스코어 44점, MA5 > MA20, RSI 79.4, %B 0.85, 저점거리 5.87%, 최근고점대비 0.31%, 반등확인 통과, 이격 안정, 1H 16.0 >= EMA20 15.8 (기준 0.998)"
bithumb,2026-09-07T03:16:37+09:00,KRW-XAN,25.35,64,거래량 부족,COMPLETE,2026-09-07T03:20:00+09:00,2026-09-07T04:46:37+09:00,25.62,24.65,25.03,0.7825,-3.0332,-1.5384,"1차 퀀트 관망 대기: 하드게이트 차단, 알파스코어 64점, MA5 > MA20, RSI 65.3, %B 0.77, 저점거리 1.73%, 최근고점대비 2.41%, 반등확인 통과, 이격 안정, 1H 25.2 >= EMA20 23.0 (기준 0.998), 모멘텀 돌파 직전 4봉 고점 돌파=차단, 거래량배수=0.87, 양봉=통과, RSI=통과, 1H MTF=통과"
bithumb,2026-09-07T03:16:37+09:00,KRW-ONDO,516.0,67,복합 조건 미달,COMPLETE,2026-09-07T03:20:00+09:00,2026-09-07T04:46:37+09:00,517.0,514.0,515.0,-0.0864,-0.6661,-0.4729,"1차 퀀트 관망 대기: 하드게이트 통과, 알파스코어 67점, MA5 > MA20, RSI 50.0, %B 0.69, 저점거리 0.58%, 최근고점대비 0.39%, 반등확인 통과, 이격 안정, 1H 515.0 >= EMA20 511.9 (기준 0.998)"
bithumb,2026-09-07T03:21:31+09:00,KRW-XAN,25.27,74,거래량 부족,COMPLETE,2026-09-07T03:25:00+09:00,2026-09-07T04:51:31+09:00,25.62,24.65,25.1,1.1016,-2.7263,-0.9505,"1차 퀀트 관망 대기: 하드게이트 차단, 알파스코어 74점, MA5 > MA20, RSI 60.6, %B 0.68, 저점거리 1.40%, 최근고점대비 2.73%, 반등확인 통과, 이격 안정, 1H 25.2 >= EMA20 23.0 (기준 0.998), 모멘텀 돌파 직전 4봉 고점 돌파=차단, 거래량배수=0.12, 양봉=통과, RSI=통과, 1H MTF=통과"
bithumb,2026-09-07T03:21:31+09:00,KRW-ONDO,516.0,67,복합 조건 미달,COMPLETE,2026-09-07T03:25:00+09:00,2026-09-07T04:51:31+09:00,517.0,514.0,515.0,-0.0864,-0.6661,-0.4729,"1차 퀀트 관망 대기: 하드게이트 통과, 알파스코어 67점, MA5 > MA20, RSI 50.0, %B 0.69, 저점거리 0.58%, 최근고점대비 0.39%, 반등확인 통과, 이격 안정, 1H 515.0 >= EMA20 511.9 (기준 0.998)"
bithumb,2026-09-07T03:26:32+09:00,KRW-HEMI,16.03,50,하드 게이트,COMPLETE,2026-09-07T03:30:00+09:00,2026-09-07T04:56:32+09:00,15.91,15.41,15.17,-1.0261,-4.1365,-5.6295,"1차 퀀트 관망 대기: 하드게이트 차단, 알파스코어 50점, MA5 > MA20, RSI 78.9, %B 0.79, 저점거리 4.63%, 최근고점대비 0.94%, 반등확인 통과, 이격 안정, 1H 16.0 >= EMA20 15.8 (기준 0.998)"
bithumb,2026-09-07T03:26:32+09:00,KRW-RAY,1873.0,54,RSI 범위 이탈,COMPLETE,2026-09-07T03:30:00+09:00,2026-09-07T04:56:32+09:00,1929.0,1680.0,1692.0,2.7019,-10.5551,-9.9162,"1차 퀀트 관망 대기: 하드게이트 차단, 알파스코어 54점, MA5 <= MA20, RSI 37.8, %B 0.64, 저점거리 3.14%, 최근고점대비 1.01%, 반등확인 통과, 이격 안정, 1H 1860.0 >= EMA20 1593.7 (기준 0.998), 모멘텀 돌파 직전 4봉 고점 돌파=통과, 거래량배수=0.21, 양봉=통과, RSI=차단, 1H MTF=통과"
bithumb,2026-09-07T03:26:32+09:00,KRW-ONDO,516.0,67,복합 조건 미달,COMPLETE,2026-09-07T03:30:00+09:00,2026-09-07T04:56:32+09:00,517.0,514.0,515.0,-0.0864,-0.6661,-0.4729,"1차 퀀트 관망 대기: 하드게이트 통과, 알파스코어 67점, MA5 > MA20, RSI 54.5, %B 0.68, 저점거리 0.58%, 최근고점대비 0.39%, 반등확인 통과, 이격 안정, 1H 515.0 >= EMA20 511.9 (기준 0.998)"
bithumb,2026-09-07T03:31:34+09:00,KRW-RAY,1876.0,59,RSI 범위 이탈,COMPLETE,2026-09-07T03:35:00+09:00,2026-09-07T05:01:34+09:00,1929.0,1666.0,1705.0,2.5377,-11.4423,-9.3693,"1차 퀀트 관망 대기: 하드게이트 통과, 알파스코어 59점, MA5 <= MA20, RSI 45.7, %B 0.64, 저점거리 3.30%, 최근고점대비 0.75%, 반등확인 통과, 이격 안정, 1H 1860.0 >= EMA20 1593.7 (기준 0.998), 모멘텀 돌파 직전 4봉 고점 돌파=통과, 거래량배수=0.43, 양봉=통과, RSI=차단, 1H MTF=통과"
bithumb,2026-09-07T03:31:35+09:00,KRW-UNI,9790.0,59,RSI 범위 이탈,COMPLETE,2026-09-07T03:35:00+09:00,2026-09-07T05:01:35+09:00,9800.0,9640.0,9670.0,-0.1777,-1.8075,-1.5019,"1차 퀀트 관망 대기: 하드게이트 통과, 알파스코어 59점, MA5 > MA20, RSI 48.4, %B 0.51, 저점거리 0.62%, 최근고점대비 0.20%, 반등확인 통과, 이격 안정, 1H 9740.0 >= EMA20 9528.5 (기준 0.998), 모멘텀 돌파 직전 4봉 고점 돌파=차단, 거래량배수=0.09, 양봉=통과, RSI=차단, 1H MTF=통과"
bithumb,2026-09-07T03:31:35+09:00,KRW-FLOCK,99.5,44,하드 게이트,COMPLETE,2026-09-07T03:35:00+09:00,2026-09-07T05:01:35+09:00,99.53,96.55,98.02,-0.2495,-3.2361,-1.7629,"1차 퀀트 관망 대기: 하드게이트 차단, 알파스코어 44점, MA5 > MA20, RSI 67.0, %B 0.93, 저점거리 2.69%, 최근고점대비 1.51%, 반등확인 통과, 이격 안정, 1H 98.3 >= EMA20 95.8 (기준 0.998)"
bithumb,2026-09-07T03:31:35+09:00,KRW-ONDO,517.0,47,하드 게이트,COMPLETE,2026-09-07T03:35:00+09:00,2026-09-07T05:01:35+09:00,516.0,514.0,513.0,-0.4725,-0.8583,-1.0511,"1차 퀀트 관망 대기: 하드게이트 차단, 알파스코어 47점, MA5 > MA20, RSI 63.6, %B 0.90, 저점거리 0.78%, 최근고점대비 0.19%, 반등확인 통과, 이격 안정, 1H 515.0 >= EMA20 511.9 (기준 0.998)"
bithumb,2026-09-07T03:36:31+09:00,KRW-RAY,1886.0,74,거래량 부족,COMPLETE,2026-09-07T03:40:00+09:00,2026-09-07T05:06:31+09:00,1922.0,1666.0,1700.0,1.6239,-11.9119,-10.1142,"1차 퀀트 관망 대기: 하드게이트 통과, 알파스코어 74점, MA5 <= MA20, RSI 54.6, %B 0.69, 저점거리 3.85%, 최근고점대비 0.21%, 반등확인 통과, 이격 안정, 1H 1860.0 >= EMA20 1593.7 (기준 0.998), 모멘텀 돌파 직전 4봉 고점 돌파=통과, 거래량배수=0.35, 양봉=통과, RSI=통과, 1H MTF=통과"
bithumb,2026-09-07T03:36:31+09:00,KRW-ONDO,517.0,47,하드 게이트,COMPLETE,2026-09-07T03:40:00+09:00,2026-09-07T05:06:31+09:00,516.0,513.0,515.0,-0.4725,-1.0511,-0.6654,"1차 퀀트 관망 대기: 하드게이트 차단, 알파스코어 47점, MA5 > MA20, RSI 63.6, %B 0.90, 저점거리 0.78%, 최근고점대비 0.19%, 반등확인 통과, 이격 안정, 1H 515.0 >= EMA20 511.9 (기준 0.998)"
bithumb,2026-09-07T03:41:33+09:00,KRW-WLD,563.0,49,하드 게이트,COMPLETE,2026-09-07T03:45:00+09:00,2026-09-07T05:11:33+09:00,565.0,560.0,564.0,0.0746,-0.811,-0.1025,"1차 퀀트 관망 대기: 하드게이트 차단, 알파스코어 49점, MA5 > MA20, RSI 72.7, %B 0.94, 저점거리 0.54%, 최근고점대비 0.00%, 반등확인 통과, 이격 안정, 1H 561.0 >= EMA20 554.6 (기준 0.998)"
bithumb,2026-09-07T03:41:33+09:00,KRW-HEMI,15.86,80,하드 게이트,COMPLETE,2026-09-07T03:45:00+09:00,2026-09-07T05:11:33+09:00,15.91,15.07,15.29,0.0348,-5.2468,-3.8635,"1차 퀀트 관망 대기: 하드게이트 차단, 알파스코어 80점, MA5 > MA20, RSI 65.7, %B 0.60, 저점거리 0.89%, 최근고점대비 2.02%, 반등확인 통과, 이격 안정, 1H 16.0 >= EMA20 15.8 (기준 0.998)"
bithumb,2026-09-07T03:46:33+09:00,KRW-WLD,564.0,49,하드 게이트,COMPLETE,2026-09-07T03:50:00+09:00,2026-09-07T05:16:33+09:00,565.0,560.0,566.0,-0.1028,-0.9868,0.074,"1차 퀀트 관망 대기: 하드게이트 차단, 알파스코어 49점, MA5 > MA20, RSI 70.0, %B 1.06, 저점거리 0.71%, 최근고점대비 0.18%, 반등확인 통과, 이격 안정, 1H 561.0 >= EMA20 554.6 (기준 0.998)"
bithumb,2026-09-07T03:46:33+09:00,KRW-XAN,24.85,49,반등 미확인,COMPLETE,2026-09-07T03:50:00+09:00,2026-09-07T05:16:33+09:00,25.7,24.92,25.74,3.1314,0.0013,3.2919,"1차 퀀트 관망 대기: 하드게이트 차단, 알파스코어 49점, MA5 > MA20, RSI 48.4, %B 0.16, 저점거리 0.81%, 최근고점대비 4.47%, 반등확인 차단, 이격 안정, 1H 25.2 >= EMA20 23.0 (기준 0.998)"
bithumb,2026-09-07T03:51:36+09:00,KRW-RAY,1874.0,74,RSI 범위 이탈,COMPLETE,2026-09-07T03:55:00+09:00,2026-09-07T05:21:36+09:00,1881.0,1666.0,1713.0,0.0929,-11.3478,-8.8468,"1차 퀀트 관망 대기: 하드게이트 통과, 알파스코어 74점, MA5 > MA20, RSI 49.8, %B 0.49, 저점거리 3.19%, 최근고점대비 2.93%, 반등확인 차단, 이격 안정, 1H 1860.0 >= EMA20 1593.7 (기준 0.998), 모멘텀 돌파 직전 4봉 고점 돌파=차단, 거래량배수=0.59, 양봉=차단, RSI=차단, 1H MTF=통과"
bithumb,2026-09-07T03:51:36+09:00,KRW-XAN,25.24,64,RSI 범위 이탈,COMPLETE,2026-09-07T03:55:00+09:00,2026-09-07T05:21:36+09:00,25.74,24.92,25.88,1.6958,-1.5439,2.249,"1차 퀀트 관망 대기: 하드게이트 통과, 알파스코어 64점, MA5 <= MA20, RSI 50.2, %B 0.55, 저점거리 2.39%, 최근고점대비 1.31%, 반등확인 통과, 이격 안정, 1H 25.2 >= EMA20 23.0 (기준 0.998), 모멘텀 돌파 직전 4봉 고점 돌파=차단, 거래량배수=0.07, 양봉=통과, RSI=차단, 1H MTF=통과"
bithumb,2026-09-07T04:01:32+09:00,KRW-WLD,564.0,44,하드 게이트,COMPLETE,2026-09-07T04:05:00+09:00,2026-09-07T05:31:32+09:00,567.0,560.0,563.0,0.2508,-0.9868,-0.4564,"1차 퀀트 관망 대기: 하드게이트 차단, 알파스코어 44점, MA5 > MA20, RSI 70.0, %B 0.92, 저점거리 0.71%, 최근고점대비 0.18%, 반등확인 통과, 이격 안정, 1H 564.0 >= EMA20 555.5 (기준 0.998)"
bithumb,2026-09-07T04:06:31+09:00,KRW-BTR,64.4,54,상위 추세 미달,COMPLETE,2026-09-07T04:10:00+09:00,2026-09-07T05:36:31+09:00,64.7,63.87,63.85,0.1849,-1.1003,-1.1313,"1차 퀀트 관망 대기: 하드게이트 차단, 알파스코어 54점, MA5 <= MA20, RSI 45.0, %B 0.21, 저점거리 0.34%, 최근고점대비 2.84%, 반등확인 통과, 이격 안정, 1H 64.2 < EMA20 64.8 (기준 0.998)"
bithumb,2026-09-07T04:16:37+09:00,KRW-XAN,25.12,49,RSI 범위 이탈,COMPLETE,2026-09-07T04:20:00+09:00,2026-09-07T05:46:37+09:00,26.06,24.92,25.97,3.452,-1.0736,3.0947,"1차 퀀트 관망 대기: 하드게이트 통과, 알파스코어 49점, MA5 <= MA20, RSI 48.3, %B 0.35, 저점거리 1.91%, 최근고점대비 1.79%, 반등확인 차단, 이격 안정, 1H 25.1 >= EMA20 23.2 (기준 0.998), 모멘텀 돌파 직전 4봉 고점 돌파=차단, 거래량배수=0.15, 양봉=차단, RSI=차단, 1H MTF=통과"
bithumb,2026-09-07T04:26:31+09:00,KRW-WLD,561.0,77,반등 미확인,COMPLETE,2026-09-07T04:30:00+09:00,2026-09-07T05:56:31+09:00,567.0,560.0,564.0,0.7869,-0.4574,0.2537,"1차 퀀트 관망 대기: 하드게이트 통과, 알파스코어 77점, MA5 > MA20, RSI 46.1, %B 0.32, 저점거리 0.18%, 최근고점대비 0.71%, 반등확인 차단, 이격 안정, 1H 564.0 >= EMA20 555.5 (기준 0.998)"
bithumb,2026-09-07T04:31:31+09:00,KRW-WLD,562.0,79,하드 게이트,COMPLETE,2026-09-07T04:35:00+09:00,2026-09-07T06:01:31+09:00,567.0,560.0,564.0,0.6076,-0.6345,0.0753,"1차 퀀트 관망 대기: 하드게이트 차단, 알파스코어 79점, MA5 <= MA20, RSI 53.9, %B 0.50, 저점거리 0.36%, 최근고점대비 0.53%, 반등확인 통과, 이격 안정, 1H 564.0 >= EMA20 555.5 (기준 0.998)"
bithumb,2026-09-07T04:31:31+09:00,KRW-NEAR,3322.0,49,하드 게이트,COMPLETE,2026-09-07T04:35:00+09:00,2026-09-07T06:01:31+09:00,3330.0,3270.0,3299.0,-0.0395,-1.8406,-0.97,"1차 퀀트 관망 대기: 하드게이트 차단, 알파스코어 49점, MA5 > MA20, RSI 68.5, %B 0.96, 저점거리 2.37%, 최근고점대비 0.15%, 반등확인 통과, 이격 안정, 1H 3310.0 >= EMA20 3189.6 (기준 0.998)"
bithumb,2026-09-07T04:31:31+09:00,KRW-XAN,25.22,64,RSI 범위 이탈,COMPLETE,2026-09-07T04:35:00+09:00,2026-09-07T06:01:31+09:00,26.1,24.92,26.0,3.1999,-1.4658,2.8045,"1차 퀀트 관망 대기: 하드게이트 통과, 알파스코어 64점, MA5 > MA20, RSI 49.0, %B 0.47, 저점거리 2.31%, 최근고점대비 1.59%, 반등확인 차단, 이격 안정, 1H 25.1 >= EMA20 23.2 (기준 0.998), 모멘텀 돌파 직전 4봉 고점 돌파=차단, 거래량배수=0.08, 양봉=차단, RSI=차단, 1H MTF=통과"
bithumb,2026-09-07T04:36:31+09:00,KRW-NEAR,3312.0,59,반등 미확인,COMPLETE,2026-09-07T04:40:00+09:00,2026-09-07T06:06:31+09:00,3330.0,3270.0,3299.0,0.2624,-1.5442,-0.671,"1차 퀀트 관망 대기: 하드게이트 차단, 알파스코어 59점, MA5 > MA20, RSI 63.9, %B 0.84, 저점거리 2.06%, 최근고점대비 0.45%, 반등확인 차단, 이격 안정, 1H 3310.0 >= EMA20 3189.6 (기준 0.998)"
bithumb,2026-09-07T04:41:36+09:00,KRW-XAN,25.58,64,RSI 범위 이탈,COMPLETE,2026-09-07T04:45:00+09:00,2026-09-07T06:11:36+09:00,26.17,24.92,26.32,2.0204,-2.8525,2.6052,"1차 퀀트 관망 대기: 하드게이트 차단, 알파스코어 64점, MA5 > MA20, RSI 51.4, %B 0.98, 저점거리 3.77%, 최근고점대비 0.16%, 반등확인 통과, 이격 안정, 1H 25.1 >= EMA20 23.2 (기준 0.998), 모멘텀 돌파 직전 4봉 고점 돌파=차단, 거래량배수=0.35, 양봉=통과, RSI=차단, 1H MTF=통과"
bithumb,2026-09-07T04:46:33+09:00,KRW-WLD,564.0,64,하드 게이트,COMPLETE,2026-09-07T04:50:00+09:00,2026-09-07T06:16:33+09:00,567.0,560.0,565.0,0.2508,-0.9868,-0.1028,"1차 퀀트 관망 대기: 하드게이트 차단, 알파스코어 64점, MA5 > MA20, RSI 57.1, %B 0.87, 저점거리 0.71%, 최근고점대비 0.18%, 반등확인 통과, 이격 안정, 1H 564.0 >= EMA20 555.5 (기준 0.998)"
bithumb,2026-09-07T04:46:33+09:00,KRW-NEAR,3312.0,72,하드 게이트,COMPLETE,2026-09-07T04:50:00+09:00,2026-09-07T06:16:33+09:00,3330.0,3270.0,3297.0,0.2624,-1.5442,-0.7312,"1차 퀀트 관망 대기: 하드게이트 차단, 알파스코어 72점, MA5 > MA20, RSI 65.8, %B 0.78, 저점거리 1.25%, 최근고점대비 0.45%, 반등확인 통과, 이격 안정, 1H 3310.0 >= EMA20 3189.6 (기준 0.998)"
bithumb,2026-09-07T04:51:31+09:00,KRW-WLD,564.0,70,하드 게이트,COMPLETE,2026-09-07T04:55:00+09:00,2026-09-07T06:21:31+09:00,567.0,560.0,565.0,0.2508,-0.9868,-0.1028,"1차 퀀트 관망 대기: 하드게이트 차단, 알파스코어 70점, MA5 > MA20, RSI 53.9, %B 0.84, 저점거리 0.71%, 최근고점대비 0.18%, 반등확인 통과, 이격 안정, 1H 564.0 >= EMA20 555.5 (기준 0.998)"
bithumb,2026-09-07T04:51:31+09:00,KRW-ONDO,514.0,32,RSI 범위 이탈,COMPLETE,2026-09-07T04:55:00+09:00,2026-09-07T06:21:31+09:00,524.0,513.0,523.0,1.6605,-0.4736,1.4665,"1차 퀀트 관망 대기: 하드게이트 차단, 알파스코어 32점, MA5 <= MA20, RSI 33.3, %B 0.20, 저점거리 0.00%, 최근고점대비 0.39%, 반등확인 차단, 이격 안정, 1H 515.0 >= EMA20 512.2 (기준 0.998), 모멘텀 돌파 직전 4봉 고점 돌파=차단, 거래량배수=0.06, 양봉=차단, RSI=차단, 1H MTF=통과"
bithumb,2026-09-07T04:56:33+09:00,KRW-ONDO,515.0,67,RSI 범위 이탈,COMPLETE,2026-09-07T05:00:00+09:00,2026-09-07T06:26:33+09:00,524.0,513.0,523.0,1.4631,-0.6669,1.2694,"1차 퀀트 관망 대기: 하드게이트 통과, 알파스코어 67점, MA5 <= MA20, RSI 44.4, %B 0.49, 저점거리 0.19%, 최근고점대비 0.19%, 반등확인 통과, 이격 안정, 1H 515.0 >= EMA20 512.2 (기준 0.998), 모멘텀 돌파 직전 4봉 고점 돌파=차단, 거래량배수=0.35, 양봉=통과, RSI=차단, 1H MTF=통과"
bithumb,2026-09-07T05:01:31+09:00,KRW-ONDO,515.0,67,RSI 범위 이탈,COMPLETE,2026-09-07T05:05:00+09:00,2026-09-07T06:31:31+09:00,524.0,513.0,522.0,1.4631,-0.6669,1.0758,"1차 퀀트 관망 대기: 하드게이트 통과, 알파스코어 67점, MA5 <= MA20, RSI 50.0, %B 0.50, 저점거리 0.19%, 최근고점대비 0.19%, 반등확인 통과, 이격 안정, 1H 515.0 >= EMA20 512.5 (기준 0.998), 모멘텀 돌파 직전 4봉 고점 돌파=차단, 거래량배수=0.00, 양봉=통과, RSI=차단, 1H MTF=통과"
bithumb,2026-09-07T05:06:31+09:00,KRW-WLD,563.0,80,하드 게이트,COMPLETE,2026-09-07T05:10:00+09:00,2026-09-07T06:36:31+09:00,570.0,560.0,569.0,0.9603,-0.811,0.7831,"1차 퀀트 관망 대기: 하드게이트 차단, 알파스코어 80점, MA5 > MA20, RSI 54.5, %B 0.54, 저점거리 0.54%, 최근고점대비 0.36%, 반등확인 통과, 이격 안정, 1H 563.0 >= EMA20 556.3 (기준 0.998)"
bithumb,2026-09-07T05:11:34+09:00,KRW-WLD,563.0,79,반등 미확인,COMPLETE,2026-09-07T05:15:00+09:00,2026-09-07T06:41:34+09:00,570.0,560.0,571.0,0.9603,-0.811,1.1374,"1차 퀀트 관망 대기: 하드게이트 통과, 알파스코어 79점, MA5 > MA20, RSI 44.4, %B 0.51, 저점거리 0.54%, 최근고점대비 0.36%, 반등확인 차단, 이격 안정, 1H 563.0 >= EMA20 556.3 (기준 0.998)"
bithumb,2026-09-07T05:11:34+09:00,KRW-VIRTUAL,952.0,59,하드 게이트,COMPLETE,2026-09-07T05:15:00+09:00,2026-09-07T06:41:34+09:00,986.0,956.0,985.0,3.2818,0.1394,3.1771,"1차 퀀트 관망 대기: 하드게이트 차단, 알파스코어 59점, MA5 > MA20, RSI 53.6, %B 0.80, 저점거리 0.53%, 최근고점대비 0.11%, 반등확인 통과, 이격 안정, 1H 951.0 >= EMA20 944.8 (기준 0.998)"
bithumb,2026-09-07T05:16:34+09:00,KRW-WLD,564.0,80,하드 게이트,COMPLETE,2026-09-07T05:20:00+09:00,2026-09-07T06:46:34+09:00,574.0,560.0,576.0,1.4885,-0.9868,1.8421,"1차 퀀트 관망 대기: 하드게이트 차단, 알파스코어 80점, MA5 > MA20, RSI 55.6, %B 0.77, 저점거리 0.71%, 최근고점대비 0.18%, 반등확인 통과, 이격 안정, 1H 563.0 >= EMA20 556.3 (기준 0.998)"
bithumb,2026-09-07T05:16:35+09:00,KRW-XAN,25.53,77,돌파 미확인,COMPLETE,2026-09-07T05:20:00+09:00,2026-09-07T06:46:35+09:00,27.11,25.52,27.07,5.8919,-0.3187,5.7356,"1차 퀀트 관망 대기: 하드게이트 차단, 알파스코어 77점, MA5 <= MA20, RSI 57.3, %B 0.78, 저점거리 2.45%, 최근고점대비 0.35%, 반등확인 통과, 이격 안정, 1H 25.1 >= EMA20 23.4 (기준 0.998), 모멘텀 돌파 직전 4봉 고점 돌파=차단, 거래량배수=1.52, 양봉=통과, RSI=통과, 1H MTF=통과"
bithumb,2026-09-07T05:16:35+09:00,KRW-NEAR,3306.0,74,복합 조건 미달,COMPLETE,2026-09-07T05:20:00+09:00,2026-09-07T06:46:35+09:00,3351.0,3270.0,3349.0,1.0777,-1.3655,1.0174,"1차 퀀트 관망 대기: 하드게이트 통과, 알파스코어 74점, MA5 > MA20, RSI 53.1, %B 0.64, 저점거리 1.07%, 최근고점대비 0.64%, 반등확인 통과, 이격 안정, 1H 3301.0 >= EMA20 3200.9 (기준 0.998)"
bithumb,2026-09-07T05:16:35+09:00,KRW-VIRTUAL,958.0,62,하드 게이트,COMPLETE,2026-09-07T05:20:00+09:00,2026-09-07T06:46:35+09:00,989.0,956.0,987.0,2.9473,-0.4878,2.7391,"1차 퀀트 관망 대기: 하드게이트 차단, 알파스코어 62점, MA5 > MA20, RSI 60.6, %B 1.33, 저점거리 1.16%, 최근고점대비 0.00%, 반등확인 통과, 이격 안정, 1H 951.0 >= EMA20 944.8 (기준 0.998)"
bithumb,2026-09-07T05:16:35+09:00,KRW-ONDO,515.0,70,RSI 범위 이탈,COMPLETE,2026-09-07T05:20:00+09:00,2026-09-07T06:46:35+09:00,524.0,515.0,521.0,1.4631,-0.2796,0.8822,"1차 퀀트 관망 대기: 하드게이트 통과, 알파스코어 70점, MA5 <= MA20, RSI 50.0, %B 0.58, 저점거리 0.39%, 최근고점대비 0.19%, 반등확인 통과, 이격 안정, 1H 515.0 >= EMA20 512.5 (기준 0.998), 모멘텀 돌파 직전 4봉 고점 돌파=차단, 거래량배수=1.37, 양봉=통과, RSI=차단, 1H MTF=통과"
bithumb,2026-09-07T05:21:32+09:00,KRW-WLD,564.0,64,복합 조건 미달,COMPLETE,2026-09-07T05:25:00+09:00,2026-09-07T06:51:32+09:00,577.0,560.0,577.0,2.0189,-0.9868,2.0189,"1차 퀀트 관망 대기: 하드게이트 통과, 알파스코어 64점, MA5 > MA20, RSI 62.5, %B 0.75, 저점거리 0.71%, 최근고점대비 0.18%, 반등확인 통과, 이격 안정, 1H 563.0 >= EMA20 556.3 (기준 0.998)"
bithumb,2026-09-07T05:21:32+09:00,KRW-XAN,25.56,64,거래량 부족,COMPLETE,2026-09-07T05:25:00+09:00,2026-09-07T06:51:32+09:00,27.14,25.68,27.02,5.8846,0.1886,5.4165,"1차 퀀트 관망 대기: 하드게이트 차단, 알파스코어 64점, MA5 > MA20, RSI 59.3, %B 0.80, 저점거리 2.57%, 최근고점대비 0.55%, 반등확인 통과, 이격 안정, 1H 25.1 >= EMA20 23.4 (기준 0.998), 모멘텀 돌파 직전 4봉 고점 돌파=통과, 거래량배수=1.10, 양봉=통과, RSI=통과, 1H MTF=통과"
bithumb,2026-09-07T05:21:32+09:00,KRW-ONDO,515.0,67,복합 조건 미달,COMPLETE,2026-09-07T05:25:00+09:00,2026-09-07T06:51:32+09:00,524.0,515.0,520.0,1.4631,-0.2796,0.6886,"1차 퀀트 관망 대기: 하드게이트 통과, 알파스코어 67점, MA5 <= MA20, RSI 50.0, %B 0.63, 저점거리 0.39%, 최근고점대비 0.19%, 반등확인 통과, 이격 안정, 1H 515.0 >= EMA20 512.5 (기준 0.998)"
bithumb,2026-09-07T05:21:32+09:00,KRW-VIRTUAL,956.0,59,반등 미확인,COMPLETE,2026-09-07T05:25:00+09:00,2026-09-07T06:51:32+09:00,989.0,958.0,988.0,3.1626,-0.071,3.0583,"1차 퀀트 관망 대기: 하드게이트 차단, 알파스코어 59점, MA5 > MA20, RSI 54.5, %B 1.01, 저점거리 0.95%, 최근고점대비 0.21%, 반등확인 차단, 이격 안정, 1H 951.0 >= EMA20 944.8 (기준 0.998)"
bithumb,2026-09-07T05:26:37+09:00,KRW-WLD,566.0,44,하드 게이트,COMPLETE,2026-09-07T05:30:00+09:00,2026-09-07T06:56:37+09:00,578.0,560.0,573.0,1.8346,-1.3367,0.9537,"1차 퀀트 관망 대기: 하드게이트 차단, 알파스코어 44점, MA5 > MA20, RSI 66.7, %B 1.15, 저점거리 0.71%, 최근고점대비 0.18%, 반등확인 통과, 이격 안정, 1H 563.0 >= EMA20 556.3 (기준 0.998)"
bithumb,2026-09-07T05:26:37+09:00,KRW-VIRTUAL,958.0,54,하드 게이트,COMPLETE,2026-09-07T05:30:00+09:00,2026-09-07T06:56:37+09:00,989.0,959.0,981.0,2.9473,-0.1755,2.1145,"1차 퀀트 관망 대기: 하드게이트 차단, 알파스코어 54점, MA5 > MA20, RSI 62.5, %B 1.07, 저점거리 1.16%, 최근고점대비 0.00%, 반등확인 통과, 이격 안정, 1H 951.0 >= EMA20 944.8 (기준 0.998)"
bithumb,2026-09-07T05:26:37+09:00,KRW-SUI,1091.0,39,하드 게이트,COMPLETE,2026-09-07T05:30:00+09:00,2026-09-07T06:56:37+09:00,1115.0,1092.0,1102.0,1.9141,-0.1882,0.7258,"1차 퀀트 관망 대기: 하드게이트 차단, 알파스코어 39점, MA5 > MA20, RSI 71.4, %B 1.20, 저점거리 0.83%, 최근고점대비 0.18%, 반등확인 통과, 이격 안정, 1H 1084.0 >= EMA20 1085.0 (기준 0.998)"
bithumb,2026-09-07T05:26:37+09:00,KRW-ONDO,516.0,58,하드 게이트,COMPLETE,2026-09-07T05:30:00+09:00,2026-09-07T06:56:37+09:00,524.0,515.0,518.0,1.2664,-0.4729,0.1069,"1차 퀀트 관망 대기: 하드게이트 차단, 알파스코어 58점, MA5 > MA20, RSI 60.0, %B 1.02, 저점거리 0.58%, 최근고점대비 0.00%, 반등확인 통과, 이격 안정, 1H 515.0 >= EMA20 512.5 (기준 0.998)"
bithumb,2026-09-07T05:26:37+09:00,KRW-ADA,299.0,74,복합 조건 미달,COMPLETE,2026-09-07T05:30:00+09:00,2026-09-07T06:56:37+09:00,303.0,300.0,301.0,1.0544,0.0539,0.3874,"1차 퀀트 관망 대기: 하드게이트 통과, 알파스코어 74점, MA5 <= MA20, RSI 50.0, %B 0.62, 저점거리 0.34%, 최근고점대비 0.00%, 반등확인 통과, 이격 안정, 1H 299.0 >= EMA20 298.5 (기준 0.998)"
bithumb,2026-09-07T05:31:30+09:00,KRW-WLD,566.0,44,하드 게이트,COMPLETE,2026-09-07T05:35:00+09:00,2026-09-07T07:01:30+09:00,578.0,560.0,565.0,1.8346,-1.3367,-0.4558,"1차 퀀트 관망 대기: 하드게이트 차단, 알파스코어 44점, MA5 > MA20, RSI 66.7, %B 1.15, 저점거리 0.71%, 최근고점대비 0.18%, 반등확인 통과, 이격 안정, 1H 563.0 >= EMA20 556.3 (기준 0.998)"
bithumb,2026-09-07T05:31:31+09:00,KRW-VIRTUAL,960.0,57,하드 게이트,COMPLETE,2026-09-07T05:35:00+09:00,2026-09-07T07:01:31+09:00,989.0,959.0,979.0,2.7328,-0.3835,1.694,"1차 퀀트 관망 대기: 하드게이트 차단, 알파스코어 57점, MA5 > MA20, RSI 64.7, %B 1.09, 저점거리 1.37%, 최근고점대비 0.00%, 반등확인 통과, 이격 안정, 1H 951.0 >= EMA20 944.8 (기준 0.998)"
bithumb,2026-09-07T05:31:31+09:00,KRW-SUI,1094.0,42,하드 게이트,COMPLETE,2026-09-07T05:35:00+09:00,2026-09-07T07:01:31+09:00,1115.0,1092.0,1094.0,1.6346,-0.4619,-0.2796,"1차 퀀트 관망 대기: 하드게이트 차단, 알파스코어 42점, MA5 > MA20, RSI 73.9, %B 1.24, 저점거리 1.02%, 최근고점대비 0.18%, 반등확인 통과, 이격 안정, 1H 1084.0 >= EMA20 1085.0 (기준 0.998)"
bithumb,2026-09-07T05:31:31+09:00,KRW-ADA,301.0,49,하드 게이트,COMPLETE,2026-09-07T05:35:00+09:00,2026-09-07T07:01:31+09:00,303.0,300.0,299.0,0.383,-0.6109,-0.9422,"1차 퀀트 관망 대기: 하드게이트 차단, 알파스코어 49점, MA5 > MA20, RSI 71.4, %B 1.09, 저점거리 1.01%, 최근고점대비 0.00%, 반등확인 통과, 이격 안정, 1H 299.0 >= EMA20 298.5 (기준 0.998)"
bithumb,2026-09-07T05:36:32+09:00,KRW-WLD,564.0,59,하드 게이트,COMPLETE,2026-09-07T05:40:00+09:00,2026-09-07T07:06:32+09:00,578.0,560.0,566.0,2.1957,-0.9868,0.074,"1차 퀀트 관망 대기: 하드게이트 차단, 알파스코어 59점, MA5 > MA20, RSI 66.7, %B 0.67, 저점거리 0.36%, 최근고점대비 0.53%, 반등확인 통과, 이격 안정, 1H 563.0 >= EMA20 556.3 (기준 0.998)"
bithumb,2026-09-07T05:36:32+09:00,KRW-VIRTUAL,960.0,54,하드 게이트,COMPLETE,2026-09-07T05:40:00+09:00,2026-09-07T07:06:32+09:00,989.0,959.0,985.0,2.7328,-0.3835,2.3173,"1차 퀀트 관망 대기: 하드게이트 차단, 알파스코어 54점, MA5 > MA20, RSI 63.6, %B 1.00, 저점거리 1.16%, 최근고점대비 0.00%, 반등확인 통과, 이격 안정, 1H 951.0 >= EMA20 944.8 (기준 0.998)"
bithumb,2026-09-07T05:36:32+09:00,KRW-SUI,1094.0,38,하드 게이트,COMPLETE,2026-09-07T05:40:00+09:00,2026-09-07T07:06:32+09:00,1115.0,1092.0,1093.0,1.6346,-0.4619,-0.3708,"1차 퀀트 관망 대기: 하드게이트 차단, 알파스코어 38점, MA5 > MA20, RSI 72.7, %B 1.09, 저점거리 1.02%, 최근고점대비 0.18%, 반등확인 통과, 이격 안정, 1H 1084.0 >= EMA20 1085.0 (기준 0.998)"
bithumb,2026-09-07T05:36:32+09:00,KRW-ONDO,517.0,58,하드 게이트,COMPLETE,2026-09-07T05:40:00+09:00,2026-09-07T07:06:32+09:00,524.0,514.0,516.0,1.0706,-0.8583,-0.4725,"1차 퀀트 관망 대기: 하드게이트 차단, 알파스코어 58점, MA5 > MA20, RSI 60.0, %B 1.13, 저점거리 0.78%, 최근고점대비 0.19%, 반등확인 통과, 이격 안정, 1H 515.0 >= EMA20 512.5 (기준 0.998)"
bithumb,2026-09-07T05:36:32+09:00,KRW-ADA,301.0,49,하드 게이트,COMPLETE,2026-09-07T05:40:00+09:00,2026-09-07T07:06:32+09:00,303.0,299.0,299.0,0.383,-0.9422,-0.9422,"1차 퀀트 관망 대기: 하드게이트 차단, 알파스코어 49점, MA5 > MA20, RSI 66.7, %B 1.03, 저점거리 1.01%, 최근고점대비 0.00%, 반등확인 통과, 이격 안정, 1H 299.0 >= EMA20 298.5 (기준 0.998)"
bithumb,2026-09-07T05:41:32+09:00,KRW-VIRTUAL,961.0,44,하드 게이트,COMPLETE,2026-09-07T05:45:00+09:00,2026-09-07T07:11:32+09:00,989.0,959.0,978.0,2.6259,-0.4871,1.4844,"1차 퀀트 관망 대기: 하드게이트 차단, 알파스코어 44점, MA5 > MA20, RSI 71.0, %B 0.98, 저점거리 1.26%, 최근고점대비 0.00%, 반등확인 통과, 이격 안정, 1H 951.0 >= EMA20 944.8 (기준 0.998)"
bithumb,2026-09-07T05:41:32+09:00,KRW-SUI,1092.0,32,반등 미확인,COMPLETE,2026-09-07T05:45:00+09:00,2026-09-07T07:11:32+09:00,1115.0,1093.0,1090.0,1.8207,-0.1883,-0.4622,"1차 퀀트 관망 대기: 하드게이트 차단, 알파스코어 32점, MA5 > MA20, RSI 66.7, %B 0.89, 저점거리 0.83%, 최근고점대비 0.37%, 반등확인 차단, 이격 안정, 1H 1084.0 >= EMA20 1085.0 (기준 0.998)"
bithumb,2026-09-07T05:41:32+09:00,KRW-XAN,26.01,52,하드 게이트,COMPLETE,2026-09-07T05:45:00+09:00,2026-09-07T07:11:32+09:00,27.64,25.83,27.98,5.9697,-0.9697,7.2732,"1차 퀀트 관망 대기: 하드게이트 차단, 알파스코어 52점, MA5 > MA20, RSI 68.7, %B 0.99, 저점거리 4.37%, 최근고점대비 0.00%, 반등확인 통과, 이격 안정, 1H 25.1 >= EMA20 23.4 (기준 0.998), 모멘텀 돌파 직전 4봉 고점 돌파=통과, 거래량배수=1.88, 양봉=통과, RSI=통과, 1H MTF=통과"
bithumb,2026-09-07T05:41:32+09:00,KRW-ONDO,516.0,55,반등 미확인,COMPLETE,2026-09-07T05:45:00+09:00,2026-09-07T07:11:32+09:00,524.0,514.0,514.0,1.2664,-0.6661,-0.6661,"1차 퀀트 관망 대기: 하드게이트 차단, 알파스코어 55점, MA5 > MA20, RSI 54.5, %B 0.80, 저점거리 0.58%, 최근고점대비 0.39%, 반등확인 차단, 이격 안정, 1H 515.0 >= EMA20 512.5 (기준 0.998)"
bithumb,2026-09-07T05:41:32+09:00,KRW-ADA,301.0,49,하드 게이트,COMPLETE,2026-09-07T05:45:00+09:00,2026-09-07T07:11:32+09:00,303.0,299.0,299.0,0.383,-0.9422,-0.9422,"1차 퀀트 관망 대기: 하드게이트 차단, 알파스코어 49점, MA5 > MA20, RSI 66.7, %B 0.95, 저점거리 1.01%, 최근고점대비 0.00%, 반등확인 통과, 이격 안정, 1H 299.0 >= EMA20 298.5 (기준 0.998)"
bithumb,2026-09-07T05:46:33+09:00,KRW-FLOCK,99.85,54,반등 미확인,COMPLETE,2026-09-07T05:50:00+09:00,2026-09-07T07:16:33+09:00,107.0,99.53,101.0,6.8611,-0.5992,0.8689,"1차 퀀트 관망 대기: 하드게이트 차단, 알파스코어 54점, MA5 > MA20, RSI 64.6, %B 0.85, 저점거리 3.42%, 최근고점대비 1.15%, 반등확인 차단, 이격 안정, 1H 97.5 >= EMA20 96.2 (기준 0.998)"
bithumb,2026-09-07T05:46:33+09:00,KRW-VIRTUAL,960.0,44,반등 미확인,COMPLETE,2026-09-07T05:50:00+09:00,2026-09-07T07:16:33+09:00,989.0,959.0,982.0,2.7328,-0.3835,2.0057,"1차 퀀트 관망 대기: 하드게이트 차단, 알파스코어 44점, MA5 > MA20, RSI 71.0, %B 0.87, 저점거리 1.16%, 최근고점대비 0.10%, 반등확인 차단, 이격 안정, 1H 951.0 >= EMA20 944.8 (기준 0.998)"
bithumb,2026-09-07T05:46:34+09:00,KRW-ONDO,516.0,62,반등 미확인,COMPLETE,2026-09-07T05:50:00+09:00,2026-09-07T07:16:34+09:00,524.0,514.0,515.0,1.2664,-0.6661,-0.4729,"1차 퀀트 관망 대기: 하드게이트 차단, 알파스코어 62점, MA5 > MA20, RSI 60.0, %B 0.78, 저점거리 0.58%, 최근고점대비 0.39%, 반등확인 차단, 이격 안정, 1H 515.0 >= EMA20 512.5 (기준 0.998)"
bithumb,2026-09-07T05:46:34+09:00,KRW-SUI,1092.0,42,반등 미확인,COMPLETE,2026-09-07T05:50:00+09:00,2026-09-07T07:16:34+09:00,1115.0,1088.0,1092.0,1.8207,-0.6449,-0.2796,"1차 퀀트 관망 대기: 하드게이트 차단, 알파스코어 42점, MA5 > MA20, RSI 65.2, %B 0.85, 저점거리 0.74%, 최근고점대비 0.37%, 반등확인 차단, 이격 안정, 1H 1084.0 >= EMA20 1085.0 (기준 0.998)"
bithumb,2026-09-07T05:46:34+09:00,KRW-ADA,301.0,52,하드 게이트,COMPLETE,2026-09-07T05:50:00+09:00,2026-09-07T07:16:34+09:00,303.0,299.0,299.0,0.383,-0.9422,-0.9422,"1차 퀀트 관망 대기: 하드게이트 차단, 알파스코어 52점, MA5 > MA20, RSI 66.7, %B 0.90, 저점거리 1.01%, 최근고점대비 0.00%, 반등확인 통과, 이격 안정, 1H 299.0 >= EMA20 298.5 (기준 0.998)"
bithumb,2026-09-07T05:51:31+09:00,KRW-VIRTUAL,961.0,54,하드 게이트,COMPLETE,2026-09-07T05:55:00+09:00,2026-09-07T07:21:31+09:00,989.0,959.0,984.0,2.6259,-0.4871,2.107,"1차 퀀트 관망 대기: 하드게이트 차단, 알파스코어 54점, MA5 > MA20, RSI 65.4, %B 0.88, 저점거리 1.26%, 최근고점대비 0.00%, 반등확인 통과, 이격 안정, 1H 951.0 >= EMA20 944.8 (기준 0.998)"
bithumb,2026-09-07T05:51:31+09:00,KRW-ONDO,516.0,62,반등 미확인,COMPLETE,2026-09-07T05:55:00+09:00,2026-09-07T07:21:31+09:00,524.0,514.0,516.0,1.2664,-0.6661,-0.2796,"1차 퀀트 관망 대기: 하드게이트 차단, 알파스코어 62점, MA5 > MA20, RSI 60.0, %B 0.78, 저점거리 0.58%, 최근고점대비 0.39%, 반등확인 차단, 이격 안정, 1H 515.0 >= EMA20 512.5 (기준 0.998)"
bithumb,2026-09-07T05:51:31+09:00,KRW-SUI,1095.0,39,하드 게이트,COMPLETE,2026-09-07T05:55:00+09:00,2026-09-07T07:21:31+09:00,1115.0,1088.0,1094.0,1.5418,-0.9171,-0.3707,"1차 퀀트 관망 대기: 하드게이트 차단, 알파스코어 39점, MA5 > MA20, RSI 72.0, %B 0.97, 저점거리 1.01%, 최근고점대비 0.09%, 반등확인 통과, 이격 안정, 1H 1084.0 >= EMA20 1085.0 (기준 0.998)"
bithumb,2026-09-07T05:51:31+09:00,KRW-LINK,17860.0,50,이격 과열,COMPLETE,2026-09-07T05:55:00+09:00,2026-09-07T07:21:31+09:00,18180.0,17400.0,17500.0,1.5071,-2.848,-2.2896,"1차 퀀트 관망 대기: 하드게이트 차단, 알파스코어 50점, MA5 > MA20, RSI 91.2, %B 1.38, 저점거리 6.18%, 최근고점대비 0.06%, 반등확인 통과, 이격 과열차단, 1H 16880.0 >= EMA20 16689.4 (기준 0.998), 모멘텀 돌파 직전 4봉 고점 돌파=통과, 거래량배수=22.78, 양봉=통과, RSI=차단, 1H MTF=통과"
bithumb,2026-09-07T05:51:32+09:00,KRW-XAN,25.9,64,거래량 부족,COMPLETE,2026-09-07T05:55:00+09:00,2026-09-07T07:21:32+09:00,28.43,25.83,28.43,9.4614,-0.5491,9.4614,"1차 퀀트 관망 대기: 하드게이트 차단, 알파스코어 64점, MA5 > MA20, RSI 60.6, %B 0.81, 저점거리 3.93%, 최근고점대비 0.62%, 반등확인 차단, 이격 안정, 1H 25.1 >= EMA20 23.4 (기준 0.998), 모멘텀 돌파 직전 4봉 고점 돌파=차단, 거래량배수=0.36, 양봉=차단, RSI=통과, 1H MTF=통과"
bithumb,2026-09-07T05:51:32+09:00,KRW-ADA,301.0,49,하드 게이트,COMPLETE,2026-09-07T05:55:00+09:00,2026-09-07T07:21:32+09:00,303.0,298.0,301.0,0.383,-1.2735,-0.2796,"1차 퀀트 관망 대기: 하드게이트 차단, 알파스코어 49점, MA5 > MA20, RSI 66.7, %B 0.86, 저점거리 1.01%, 최근고점대비 0.00%, 반등확인 통과, 이격 안정, 1H 299.0 >= EMA20 298.5 (기준 0.998)"
bithumb,2026-09-07T05:56:31+09:00,KRW-VIRTUAL,961.0,44,하드 게이트,COMPLETE,2026-09-07T06:00:00+09:00,2026-09-07T07:26:31+09:00,989.0,962.0,986.0,2.6259,-0.1758,2.3146,"1차 퀀트 관망 대기: 하드게이트 차단, 알파스코어 44점, MA5 > MA20, RSI 73.9, %B 0.84, 저점거리 1.16%, 최근고점대비 0.00%, 반등확인 통과, 이격 안정, 1H 951.0 >= EMA20 944.8 (기준 0.998)"
bithumb,2026-09-07T05:56:31+09:00,KRW-SUI,1102.0,45,하드 게이트,COMPLETE,2026-09-07T06:00:00+09:00,2026-09-07T07:26:31+09:00,1115.0,1088.0,1099.0,0.8968,-1.5465,-0.5511,"1차 퀀트 관망 대기: 하드게이트 차단, 알파스코어 45점, MA5 > MA20, RSI 80.7, %B 1.18, 저점거리 1.66%, 최근고점대비 0.36%, 반등확인 통과, 이격 안정, 1H 1084.0 >= EMA20 1085.0 (기준 0.998)"
bithumb,2026-09-07T05:56:31+09:00,KRW-LINK,17800.0,47,이격 과열,COMPLETE,2026-09-07T06:00:00+09:00,2026-09-07T07:26:31+09:00,18180.0,17400.0,17640.0,1.8493,-2.5205,-1.176,"1차 퀀트 관망 대기: 하드게이트 차단, 알파스코어 47점, MA5 > MA20, RSI 89.1, %B 1.13, 저점거리 5.83%, 최근고점대비 0.39%, 반등확인 차단, 이격 과열차단, 1H 16880.0 >= EMA20 16689.4 (기준 0.998), 모멘텀 돌파 직전 4봉 고점 돌파=차단, 거래량배수=2.58, 양봉=차단, RSI=차단, 1H MTF=통과"
bithumb,2026-09-07T05:56:31+09:00,KRW-ADA,301.0,52,반등 미확인,COMPLETE,2026-09-07T06:00:00+09:00,2026-09-07T07:26:31+09:00,303.0,298.0,301.0,0.383,-1.2735,-0.2796,"1차 퀀트 관망 대기: 하드게이트 차단, 알파스코어 52점, MA5 > MA20, RSI 80.0, %B 0.82, 저점거리 1.01%, 최근고점대비 0.33%, 반등확인 차단, 이격 안정, 1H 299.0 >= EMA20 298.5 (기준 0.998)"
bithumb,2026-09-07T06:01:37+09:00,KRW-SUI,1110.0,50,RSI 범위 이탈,COMPLETE,2026-09-07T06:05:00+09:00,2026-09-07T07:31:37+09:00,1111.0,1088.0,1096.0,-0.1898,-2.256,-1.5373,"1차 퀀트 관망 대기: 하드게이트 차단, 알파스코어 50점, MA5 > MA20, RSI 84.2, %B 1.25, 저점거리 2.30%, 최근고점대비 0.09%, 반등확인 통과, 이격 안정, 1H 1110.0 >= EMA20 1087.4 (기준 0.998), 모멘텀 돌파 직전 4봉 고점 돌파=통과, 거래량배수=4.00, 양봉=통과, RSI=차단, 1H MTF=통과"
bithumb,2026-09-07T06:01:37+09:00,KRW-VIRTUAL,960.0,60,하드 게이트,COMPLETE,2026-09-07T06:05:00+09:00,2026-09-07T07:31:37+09:00,989.0,965.0,984.0,2.7328,0.2398,2.2134,"1차 퀀트 관망 대기: 하드게이트 차단, 알파스코어 60점, MA5 > MA20, RSI 69.6, %B 0.76, 저점거리 1.05%, 최근고점대비 0.10%, 반등확인 통과, 이격 안정, 1H 960.0 >= EMA20 946.3 (기준 0.998)"
bithumb,2026-09-07T06:01:37+09:00,KRW-LINK,17850.0,50,이격 과열,COMPLETE,2026-09-07T06:05:00+09:00,2026-09-07T07:31:37+09:00,18180.0,17400.0,17640.0,1.564,-2.7936,-1.4528,"1차 퀀트 관망 대기: 하드게이트 차단, 알파스코어 50점, MA5 > MA20, RSI 90.2, %B 1.05, 저점거리 6.12%, 최근고점대비 0.28%, 반등확인 통과, 이격 과열차단, 1H 17850.0 >= EMA20 16799.2 (기준 0.998), 모멘텀 돌파 직전 4봉 고점 돌파=차단, 거래량배수=2.58, 양봉=통과, RSI=차단, 1H MTF=통과"
bithumb,2026-09-07T06:01:38+09:00,KRW-ONDO,516.0,62,하드 게이트,COMPLETE,2026-09-07T06:05:00+09:00,2026-09-07T07:31:38+09:00,524.0,514.0,520.0,1.2664,-0.6661,0.4934,"1차 퀀트 관망 대기: 하드게이트 차단, 알파스코어 62점, MA5 > MA20, RSI 60.0, %B 0.73, 저점거리 0.58%, 최근고점대비 0.39%, 반등확인 통과, 이격 안정, 1H 516.0 >= EMA20 512.8 (기준 0.998)"
bithumb,2026-09-07T06:01:38+09:00,KRW-ADA,301.0,49,하드 게이트,COMPLETE,2026-09-07T06:05:00+09:00,2026-09-07T07:31:38+09:00,303.0,298.0,301.0,0.383,-1.2735,-0.2796,"1차 퀀트 관망 대기: 하드게이트 차단, 알파스코어 49점, MA5 > MA20, RSI 80.0, %B 0.79, 저점거리 1.01%, 최근고점대비 0.33%, 반등확인 통과, 이격 안정, 1H 301.0 >= EMA20 298.7 (기준 0.998)"
bithumb,2026-09-07T06:06:31+09:00,KRW-SUI,1107.0,47,반등 미확인,COMPLETE,2026-09-07T06:10:00+09:00,2026-09-07T07:36:31+09:00,1111.0,1088.0,1098.0,0.0807,-1.9912,-1.0903,"1차 퀀트 관망 대기: 하드게이트 차단, 알파스코어 47점, MA5 > MA20, RSI 76.9, %B 1.03, 저점거리 2.03%, 최근고점대비 0.72%, 반등확인 차단, 이격 안정, 1H 1110.0 >= EMA20 1087.4 (기준 0.998)"
bithumb,2026-09-07T06:06:31+09:00,KRW-VIRTUAL,964.0,50,하드 게이트,COMPLETE,2026-09-07T06:10:00+09:00,2026-09-07T07:36:31+09:00,989.0,966.0,986.0,2.3065,-0.0727,1.9962,"1차 퀀트 관망 대기: 하드게이트 차단, 알파스코어 50점, MA5 > MA20, RSI 80.0, %B 0.91, 저점거리 1.47%, 최근고점대비 0.21%, 반등확인 통과, 이격 안정, 1H 960.0 >= EMA20 946.3 (기준 0.998)"
bithumb,2026-09-07T06:06:31+09:00,KRW-LINK,18120.0,38,이격 과열,COMPLETE,2026-09-07T06:10:00+09:00,2026-09-07T07:36:31+09:00,18030.0,17400.0,17650.0,-0.7749,-4.242,-2.8662,"1차 퀀트 관망 대기: 하드게이트 차단, 알파스코어 38점, MA5 > MA20, RSI 91.5, %B 1.09, 저점거리 7.73%, 최근고점대비 0.17%, 반등확인 통과, 이격 과열차단, 1H 17850.0 >= EMA20 16799.2 (기준 0.998), 모멘텀 돌파 직전 4봉 고점 돌파=통과, 거래량배수=5.11, 양봉=통과, RSI=차단, 1H MTF=통과"
bithumb,2026-09-07T06:06:31+09:00,KRW-ONDO,519.0,43,하드 게이트,COMPLETE,2026-09-07T06:10:00+09:00,2026-09-07T07:36:31+09:00,524.0,514.0,520.0,0.6811,-1.2403,-0.0875,"1차 퀀트 관망 대기: 하드게이트 차단, 알파스코어 43점, MA5 > MA20, RSI 66.7, %B 1.24, 저점거리 1.17%, 최근고점대비 0.00%, 반등확인 통과, 이격 안정, 1H 516.0 >= EMA20 512.8 (기준 0.998)"
bithumb,2026-09-07T06:06:31+09:00,KRW-WLD,564.0,59,복합 조건 미달,COMPLETE,2026-09-07T06:10:00+09:00,2026-09-07T07:36:31+09:00,578.0,562.0,569.0,2.1957,-0.6332,0.6044,"1차 퀀트 관망 대기: 하드게이트 통과, 알파스코어 59점, MA5 <= MA20, RSI 50.0, %B 0.67, 저점거리 0.71%, 최근고점대비 0.53%, 반등확인 통과, 이격 안정, 1H 562.0 >= EMA20 556.8 (기준 0.998)"
bithumb,2026-09-07T06:06:31+09:00,KRW-ADA,302.0,44,하드 게이트,COMPLETE,2026-09-07T06:10:00+09:00,2026-09-07T07:36:31+09:00,303.0,298.0,302.0,0.0506,-1.6004,-0.2796,"1차 퀀트 관망 대기: 하드게이트 차단, 알파스코어 44점, MA5 > MA20, RSI 80.0, %B 0.93, 저점거리 1.34%, 최근고점대비 0.00%, 반등확인 통과, 이격 안정, 1H 301.0 >= EMA20 298.7 (기준 0.998)"
bithumb,2026-09-07T06:11:31+09:00,KRW-SUI,1106.0,47,반등 미확인,COMPLETE,2026-09-07T06:15:00+09:00,2026-09-07T07:41:31+09:00,1111.0,1088.0,1097.0,0.1712,-1.9025,-1.0911,"1차 퀀트 관망 대기: 하드게이트 차단, 알파스코어 47점, MA5 > MA20, RSI 79.0, %B 0.93, 저점거리 1.84%, 최근고점대비 0.81%, 반등확인 차단, 이격 안정, 1H 1110.0 >= EMA20 1087.4 (기준 0.998)"
bithumb,2026-09-07T06:11:32+09:00,KRW-VIRTUAL,970.0,50,하드 게이트,COMPLETE,2026-09-07T06:15:00+09:00,2026-09-07T07:41:32+09:00,989.0,966.0,982.0,1.6737,-0.6908,0.954,"1차 퀀트 관망 대기: 하드게이트 차단, 알파스코어 50점, MA5 > MA20, RSI 82.8, %B 1.08, 저점거리 1.89%, 최근고점대비 0.00%, 반등확인 통과, 이격 안정, 1H 960.0 >= EMA20 946.3 (기준 0.998)"
bithumb,2026-09-07T06:11:32+09:00,KRW-LINK,18010.0,40,이격 과열,COMPLETE,2026-09-07T06:15:00+09:00,2026-09-07T07:41:32+09:00,18000.0,17400.0,17710.0,-0.335,-3.6571,-1.9407,"1차 퀀트 관망 대기: 하드게이트 차단, 알파스코어 40점, MA5 > MA20, RSI 85.1, %B 0.95, 저점거리 7.07%, 최근고점대비 0.94%, 반등확인 차단, 이격 과열차단, 1H 17850.0 >= EMA20 16799.2 (기준 0.998), 모멘텀 돌파 직전 4봉 고점 돌파=차단, 거래량배수=2.35, 양봉=차단, RSI=차단, 1H MTF=통과"
bithumb,2026-09-07T06:11:32+09:00,KRW-ONDO,521.0,43,하드 게이트,COMPLETE,2026-09-07T06:15:00+09:00,2026-09-07T07:41:32+09:00,524.0,514.0,520.0,0.2946,-1.6194,-0.471,"1차 퀀트 관망 대기: 하드게이트 차단, 알파스코어 43점, MA5 > MA20, RSI 71.4, %B 1.27, 저점거리 1.36%, 최근고점대비 0.00%, 반등확인 통과, 이격 안정, 1H 516.0 >= EMA20 512.8 (기준 0.998)"
bithumb,2026-09-07T06:11:32+09:00,KRW-XAN,26.0,62,RSI 범위 이탈,COMPLETE,2026-09-07T06:15:00+09:00,2026-09-07T07:41:32+09:00,29.0,25.96,27.02,11.2266,-0.433,3.6325,"1차 퀀트 관망 대기: 하드게이트 차단, 알파스코어 62점, MA5 > MA20, RSI 85.2, %B 0.77, 저점거리 2.36%, 최근고점대비 0.58%, 반등확인 차단, 이격 안정, 1H 25.9 >= EMA20 23.6 (기준 0.998), 모멘텀 돌파 직전 4봉 고점 돌파=차단, 거래량배수=2.96, 양봉=차단, RSI=차단, 1H MTF=통과"
bithumb,2026-09-07T06:11:32+09:00,KRW-WLD,564.0,79,반등 미확인,COMPLETE,2026-09-07T06:15:00+09:00,2026-09-07T07:41:32+09:00,578.0,562.0,567.0,2.1957,-0.6332,0.2508,"1차 퀀트 관망 대기: 하드게이트 통과, 알파스코어 79점, MA5 <= MA20, RSI 53.9, %B 0.65, 저점거리 0.71%, 최근고점대비 0.53%, 반등확인 차단, 이격 안정, 1H 562.0 >= EMA20 556.8 (기준 0.998)"
bithumb,2026-09-07T06:11:33+09:00,KRW-ADA,302.0,55,하드 게이트,COMPLETE,2026-09-07T06:15:00+09:00,2026-09-07T07:41:33+09:00,303.0,298.0,301.0,0.0506,-1.6004,-0.6098,"1차 퀀트 관망 대기: 하드게이트 차단, 알파스코어 55점, MA5 > MA20, RSI 80.0, %B 0.88, 저점거리 1.34%, 최근고점대비 0.33%, 반등확인 통과, 이격 안정, 1H 301.0 >= EMA20 298.7 (기준 0.998)"
bithumb,2026-09-07T06:16:34+09:00,KRW-WLD,565.0,67,하드 게이트,COMPLETE,2026-09-07T06:20:00+09:00,2026-09-07T07:46:34+09:00,578.0,562.0,568.0,2.0148,-0.8091,0.2499,"1차 퀀트 관망 대기: 하드게이트 차단, 알파스코어 67점, MA5 <= MA20, RSI 57.1, %B 0.81, 저점거리 0.89%, 최근고점대비 0.35%, 반등확인 통과, 이격 안정, 1H 562.0 >= EMA20 556.8 (기준 0.998)"
bithumb,2026-09-07T06:16:35+09:00,KRW-LINK,17820.0,47,RSI 범위 이탈,COMPLETE,2026-09-07T06:20:00+09:00,2026-09-07T07:46:35+09:00,17990.0,17400.0,17730.0,0.6717,-2.6299,-0.7832,"1차 퀀트 관망 대기: 하드게이트 차단, 알파스코어 47점, MA5 > MA20, RSI 78.3, %B 0.81, 저점거리 5.88%, 최근고점대비 2.02%, 반등확인 차단, 이격 안정, 1H 17850.0 >= EMA20 16799.2 (기준 0.998), 모멘텀 돌파 직전 4봉 고점 돌파=차단, 거래량배수=1.61, 양봉=차단, RSI=차단, 1H MTF=통과"
bithumb,2026-09-07T06:16:35+09:00,KRW-ONDO,523.0,43,하드 게이트,COMPLETE,2026-09-07T06:20:00+09:00,2026-09-07T07:46:35+09:00,524.0,514.0,522.0,-0.0889,-1.9956,-0.4703,"1차 퀀트 관망 대기: 하드게이트 차단, 알파스코어 43점, MA5 > MA20, RSI 75.0, %B 1.24, 저점거리 1.55%, 최근고점대비 0.00%, 반등확인 통과, 이격 안정, 1H 516.0 >= EMA20 512.8 (기준 0.998)"
bithumb,2026-09-07T06:16:35+09:00,KRW-VIRTUAL,969.0,47,하드 게이트,COMPLETE,2026-09-07T06:20:00+09:00,2026-09-07T07:46:35+09:00,989.0,966.0,984.0,1.7786,-0.5883,1.2641,"1차 퀀트 관망 대기: 하드게이트 차단, 알파스코어 47점, MA5 > MA20, RSI 82.8, %B 0.97, 저점거리 1.36%, 최근고점대비 0.10%, 반등확인 통과, 이격 안정, 1H 960.0 >= EMA20 946.3 (기준 0.998)"
bithumb,2026-09-07T06:16:35+09:00,KRW-SUI,1108.0,47,하드 게이트,COMPLETE,2026-09-07T06:20:00+09:00,2026-09-07T07:46:35+09:00,1111.0,1088.0,1097.0,-0.0096,-2.0796,-1.2696,"1차 퀀트 관망 대기: 하드게이트 차단, 알파스코어 47점, MA5 > MA20, RSI 78.4, %B 0.93, 저점거리 1.93%, 최근고점대비 0.63%, 반등확인 통과, 이격 안정, 1H 1110.0 >= EMA20 1087.4 (기준 0.998)"
bithumb,2026-09-07T06:16:35+09:00,KRW-UNI,9680.0,52,복합 조건 미달,COMPLETE,2026-09-07T06:20:00+09:00,2026-09-07T07:46:35+09:00,9790.0,9670.0,9760.0,0.8536,-0.3826,0.5445,"1차 퀀트 관망 대기: 하드게이트 통과, 알파스코어 52점, MA5 <= MA20, RSI 45.5, %B 0.51, 저점거리 0.41%, 최근고점대비 0.41%, 반등확인 통과, 이격 안정, 1H 9650.0 >= EMA20 9570.9 (기준 0.998)"
bithumb,2026-09-07T06:16:35+09:00,KRW-ADA,302.0,55,하드 게이트,COMPLETE,2026-09-07T06:20:00+09:00,2026-09-07T07:46:35+09:00,303.0,298.0,302.0,0.0506,-1.6004,-0.2796,"1차 퀀트 관망 대기: 하드게이트 차단, 알파스코어 55점, MA5 > MA20, RSI 80.0, %B 0.88, 저점거리 1.34%, 최근고점대비 0.33%, 반등확인 통과, 이격 안정, 1H 301.0 >= EMA20 298.7 (기준 0.998)"
bithumb,2026-09-07T06:16:36+09:00,KRW-XAN,26.0,65,RSI 범위 이탈,COMPLETE,2026-09-07T06:20:00+09:00,2026-09-07T07:46:36+09:00,29.0,26.05,27.17,11.2266,-0.0878,4.2078,"1차 퀀트 관망 대기: 하드게이트 차단, 알파스코어 65점, MA5 > MA20, RSI 85.8, %B 0.75, 저점거리 1.92%, 최근고점대비 0.65%, 반등확인 통과, 이격 안정, 1H 25.9 >= EMA20 23.6 (기준 0.998), 모멘텀 돌파 직전 4봉 고점 돌파=차단, 거래량배수=2.56, 양봉=통과, RSI=차단, 1H MTF=통과"
bithumb,2026-09-07T06:21:31+09:00,KRW-SUI,1110.0,44,하드 게이트,COMPLETE,2026-09-07T06:25:00+09:00,2026-09-07T07:51:31+09:00,1110.0,1088.0,1098.0,-0.2796,-2.256,-1.3577,"1차 퀀트 관망 대기: 하드게이트 차단, 알파스코어 44점, MA5 > MA20, RSI 83.8, %B 0.93, 저점거리 1.83%, 최근고점대비 0.45%, 반등확인 통과, 이격 안정, 1H 1110.0 >= EMA20 1087.4 (기준 0.998)"
bithumb,2026-09-07T06:21:31+09:00,KRW-VIRTUAL,970.0,44,하드 게이트,COMPLETE,2026-09-07T06:25:00+09:00,2026-09-07T07:51:31+09:00,989.0,966.0,978.0,1.6737,-0.6908,0.5428,"1차 퀀트 관망 대기: 하드게이트 차단, 알파스코어 44점, MA5 > MA20, RSI 82.1, %B 0.94, 저점거리 1.46%, 최근고점대비 0.00%, 반등확인 통과, 이격 안정, 1H 960.0 >= EMA20 946.3 (기준 0.998)"
bithumb,2026-09-07T06:21:31+09:00,KRW-LINK,17960.0,40,이격 과열,COMPLETE,2026-09-07T06:25:00+09:00,2026-09-07T07:51:31+09:00,17850.0,17400.0,17760.0,-0.8904,-3.3889,-1.3901,"1차 퀀트 관망 대기: 하드게이트 차단, 알파스코어 40점, MA5 > MA20, RSI 79.7, %B 0.84, 저점거리 6.52%, 최근고점대비 1.22%, 반등확인 통과, 이격 과열차단, 1H 17850.0 >= EMA20 16799.2 (기준 0.998), 모멘텀 돌파 직전 4봉 고점 돌파=차단, 거래량배수=1.80, 양봉=통과, RSI=차단, 1H MTF=통과"
bithumb,2026-09-07T06:21:31+09:00,KRW-ONDO,523.0,37,하드 게이트,COMPLETE,2026-09-07T06:25:00+09:00,2026-09-07T07:51:31+09:00,524.0,514.0,522.0,-0.0889,-1.9956,-0.4703,"1차 퀀트 관망 대기: 하드게이트 차단, 알파스코어 37점, MA5 > MA20, RSI 85.7, %B 1.09, 저점거리 1.55%, 최근고점대비 0.19%, 반등확인 통과, 이격 안정, 1H 516.0 >= EMA20 512.8 (기준 0.998)"
bithumb,2026-09-07T06:21:31+09:00,KRW-WLD,565.0,62,하드 게이트,COMPLETE,2026-09-07T06:25:00+09:00,2026-09-07T07:51:31+09:00,578.0,562.0,568.0,2.0148,-0.8091,0.2499,"1차 퀀트 관망 대기: 하드게이트 차단, 알파스코어 62점, MA5 > MA20, RSI 57.1, %B 0.79, 저점거리 0.89%, 최근고점대비 0.35%, 반등확인 통과, 이격 안정, 1H 562.0 >= EMA20 556.8 (기준 0.998)"
bithumb,2026-09-07T06:21:31+09:00,KRW-ADA,302.0,52,반등 미확인,COMPLETE,2026-09-07T06:25:00+09:00,2026-09-07T07:51:31+09:00,303.0,298.0,301.0,0.0506,-1.6004,-0.6098,"1차 퀀트 관망 대기: 하드게이트 차단, 알파스코어 52점, MA5 > MA20, RSI 100.0, %B 0.81, 저점거리 0.67%, 최근고점대비 0.33%, 반등확인 차단, 이격 안정, 1H 301.0 >= EMA20 298.7 (기준 0.998)"
bithumb,2026-09-07T06:26:31+09:00,KRW-SUI,1108.0,47,반등 미확인,COMPLETE,2026-09-07T06:30:00+09:00,2026-09-07T07:56:31+09:00,1110.0,1088.0,1103.0,-0.0996,-2.0796,-0.7296,"1차 퀀트 관망 대기: 하드게이트 차단, 알파스코어 47점, MA5 > MA20, RSI 79.0, %B 0.84, 저점거리 1.47%, 최근고점대비 0.63%, 반등확인 차단, 이격 안정, 1H 1110.0 >= EMA20 1087.4 (기준 0.998)"
bithumb,2026-09-07T06:26:31+09:00,KRW-VIRTUAL,967.0,44,반등 미확인,COMPLETE,2026-09-07T06:30:00+09:00,2026-09-07T07:56:31+09:00,989.0,966.0,981.0,1.9891,-0.3827,1.1641,"1차 퀀트 관망 대기: 하드게이트 차단, 알파스코어 44점, MA5 > MA20, RSI 68.0, %B 0.80, 저점거리 0.94%, 최근고점대비 0.31%, 반등확인 차단, 이격 안정, 1H 960.0 >= EMA20 946.3 (기준 0.998)"
bithumb,2026-09-07T06:26:31+09:00,KRW-LINK,17780.0,57,RSI 범위 이탈,COMPLETE,2026-09-07T06:30:00+09:00,2026-09-07T07:56:31+09:00,17800.0,17400.0,17810.0,-0.1674,-2.4109,-0.1114,"1차 퀀트 관망 대기: 하드게이트 차단, 알파스코어 57점, MA5 > MA20, RSI 73.4, %B 0.73, 저점거리 5.08%, 최근고점대비 2.25%, 반등확인 차단, 이격 안정, 1H 17850.0 >= EMA20 16799.2 (기준 0.998), 모멘텀 돌파 직전 4봉 고점 돌파=차단, 거래량배수=1.42, 양봉=차단, RSI=차단, 1H MTF=통과"
bithumb,2026-09-07T06:26:31+09:00,KRW-ONDO,523.0,43,하드 게이트,COMPLETE,2026-09-07T06:30:00+09:00,2026-09-07T07:56:31+09:00,524.0,514.0,524.0,-0.0889,-1.9956,-0.0889,"1차 퀀트 관망 대기: 하드게이트 차단, 알파스코어 43점, MA5 > MA20, RSI 83.3, %B 1.00, 저점거리 1.55%, 최근고점대비 0.19%, 반등확인 통과, 이격 안정, 1H 516.0 >= EMA20 512.8 (기준 0.998)"
bithumb,2026-09-07T06:26:32+09:00,KRW-XAN,26.13,62,RSI 범위 이탈,COMPLETE,2026-09-07T06:30:00+09:00,2026-09-07T07:56:32+09:00,29.0,26.16,26.91,10.6732,-0.1651,2.6971,"1차 퀀트 관망 대기: 하드게이트 차단, 알파스코어 62점, MA5 > MA20, RSI 72.4, %B 0.77, 저점거리 1.75%, 최근고점대비 0.80%, 반등확인 차단, 이격 안정, 1H 25.9 >= EMA20 23.6 (기준 0.998), 모멘텀 돌파 직전 4봉 고점 돌파=차단, 거래량배수=4.50, 양봉=차단, RSI=차단, 1H MTF=통과"
bithumb,2026-09-07T06:26:32+09:00,KRW-WLD,565.0,69,하드 게이트,COMPLETE,2026-09-07T06:30:00+09:00,2026-09-07T07:56:32+09:00,578.0,562.0,570.0,2.0148,-0.8091,0.6029,"1차 퀀트 관망 대기: 하드게이트 차단, 알파스코어 69점, MA5 > MA20, RSI 53.9, %B 0.77, 저점거리 0.89%, 최근고점대비 0.18%, 반등확인 통과, 이격 안정, 1H 562.0 >= EMA20 556.8 (기준 0.998)"
bithumb,2026-09-07T06:26:32+09:00,KRW-ADA,302.0,62,반등 미확인,COMPLETE,2026-09-07T06:30:00+09:00,2026-09-07T07:56:32+09:00,303.0,298.0,303.0,0.0506,-1.6004,0.0506,"1차 퀀트 관망 대기: 하드게이트 차단, 알파스코어 62점, MA5 > MA20, RSI 100.0, %B 0.78, 저점거리 0.67%, 최근고점대비 0.33%, 반등확인 차단, 이격 안정, 1H 301.0 >= EMA20 298.7 (기준 0.998)"
bithumb,2026-09-07T06:31:35+09:00,KRW-WLD,565.0,69,하드 게이트,COMPLETE,2026-09-07T06:35:00+09:00,2026-09-07T08:01:35+09:00,578.0,562.0,571.0,2.0148,-0.8091,0.7794,"1차 퀀트 관망 대기: 하드게이트 차단, 알파스코어 69점, MA5 > MA20, RSI 53.9, %B 0.75, 저점거리 0.89%, 최근고점대비 0.18%, 반등확인 통과, 이격 안정, 1H 562.0 >= EMA20 556.8 (기준 0.998)"
bithumb,2026-09-07T06:31:35+09:00,KRW-LINK,17640.0,47,돌파 미확인,COMPLETE,2026-09-07T06:35:00+09:00,2026-09-07T08:01:35+09:00,17860.0,17400.0,17930.0,0.9641,-1.6363,1.3598,"1차 퀀트 관망 대기: 하드게이트 차단, 알파스코어 47점, MA5 > MA20, RSI 68.7, %B 0.64, 저점거리 4.26%, 최근고점대비 3.06%, 반등확인 차단, 이격 안정, 1H 17850.0 >= EMA20 16799.2 (기준 0.998), 모멘텀 돌파 직전 4봉 고점 돌파=차단, 거래량배수=1.45, 양봉=차단, RSI=통과, 1H MTF=통과"
bithumb,2026-09-07T06:31:35+09:00,KRW-ONDO,523.0,37,반등 미확인,COMPLETE,2026-09-07T06:35:00+09:00,2026-09-07T08:01:35+09:00,524.0,514.0,527.0,-0.0889,-1.9956,0.4831,"1차 퀀트 관망 대기: 하드게이트 차단, 알파스코어 37점, MA5 > MA20, RSI 83.3, %B 0.94, 저점거리 1.55%, 최근고점대비 0.19%, 반등확인 차단, 이격 안정, 1H 516.0 >= EMA20 512.8 (기준 0.998)"
bithumb,2026-09-07T06:31:35+09:00,KRW-VIRTUAL,968.0,44,하드 게이트,COMPLETE,2026-09-07T06:35:00+09:00,2026-09-07T08:01:35+09:00,989.0,972.0,982.0,1.8837,0.1325,1.1626,"1차 퀀트 관망 대기: 하드게이트 차단, 알파스코어 44점, MA5 > MA20, RSI 75.0, %B 0.81, 저점거리 0.94%, 최근고점대비 0.21%, 반등확인 통과, 이격 안정, 1H 960.0 >= EMA20 946.3 (기준 0.998)"
bithumb,2026-09-07T06:31:35+09:00,KRW-SUI,1103.0,59,반등 미확인,COMPLETE,2026-09-07T06:35:00+09:00,2026-09-07T08:01:35+09:00,1110.0,1088.0,1100.0,0.3532,-1.6357,-0.5508,"1차 퀀트 관망 대기: 하드게이트 차단, 알파스코어 59점, MA5 > MA20, RSI 67.5, %B 0.68, 저점거리 1.01%, 최근고점대비 1.09%, 반등확인 차단, 이격 안정, 1H 1110.0 >= EMA20 1087.4 (기준 0.998)"
bithumb,2026-09-07T06:31:36+09:00,KRW-UNI,9680.0,67,복합 조건 미달,COMPLETE,2026-09-07T06:35:00+09:00,2026-09-07T08:01:36+09:00,9800.0,9700.0,9725.0,0.9566,-0.0736,0.184,"1차 퀀트 관망 대기: 하드게이트 통과, 알파스코어 67점, MA5 > MA20, RSI 52.0, %B 0.51, 저점거리 0.41%, 최근고점대비 0.31%, 반등확인 통과, 이격 안정, 1H 9650.0 >= EMA20 9570.9 (기준 0.998)"
bithumb,2026-09-07T06:31:36+09:00,KRW-ADA,302.0,59,반등 미확인,COMPLETE,2026-09-07T06:35:00+09:00,2026-09-07T08:01:36+09:00,303.0,298.0,302.0,0.0506,-1.6004,-0.2796,"1차 퀀트 관망 대기: 하드게이트 차단, 알파스코어 59점, MA5 > MA20, RSI 100.0, %B 0.76, 저점거리 0.67%, 최근고점대비 0.33%, 반등확인 차단, 이격 안정, 1H 301.0 >= EMA20 298.7 (기준 0.998)"
bithumb,2026-09-07T06:36:33+09:00,KRW-WLD,568.0,65,하드 게이트,COMPLETE,2026-09-07T06:40:00+09:00,2026-09-07T08:06:33+09:00,578.0,562.0,571.0,1.476,-1.333,0.2471,"1차 퀀트 관망 대기: 하드게이트 차단, 알파스코어 65점, MA5 > MA20, RSI 57.1, %B 1.11, 저점거리 1.43%, 최근고점대비 0.18%, 반등확인 통과, 이격 안정, 1H 562.0 >= EMA20 556.8 (기준 0.998)"
bithumb,2026-09-07T06:36:33+09:00,KRW-LINK,17600.0,47,돌파 미확인,COMPLETE,2026-09-07T06:40:00+09:00,2026-09-07T08:06:33+09:00,17930.0,17400.0,17880.0,1.5901,-1.4128,1.3069,"1차 퀀트 관망 대기: 하드게이트 차단, 알파스코어 47점, MA5 > MA20, RSI 66.2, %B 0.60, 저점거리 3.47%, 최근고점대비 3.30%, 반등확인 차단, 이격 안정, 1H 17850.0 >= EMA20 16799.2 (기준 0.998), 모멘텀 돌파 직전 4봉 고점 돌파=차단, 거래량배수=2.74, 양봉=차단, RSI=통과, 1H MTF=통과"
bithumb,2026-09-07T06:36:33+09:00,KRW-ONDO,523.0,40,하드 게이트,COMPLETE,2026-09-07T06:40:00+09:00,2026-09-07T08:06:33+09:00,528.0,514.0,525.0,0.6737,-1.9956,0.1017,"1차 퀀트 관망 대기: 하드게이트 차단, 알파스코어 40점, MA5 > MA20, RSI 81.8, %B 0.88, 저점거리 1.55%, 최근고점대비 0.19%, 반등확인 통과, 이격 안정, 1H 516.0 >= EMA20 512.8 (기준 0.998)"
bithumb,2026-09-07T06:36:33+09:00,KRW-VIRTUAL,975.0,43,하드 게이트,COMPLETE,2026-09-07T06:40:00+09:00,2026-09-07T08:06:33+09:00,989.0,975.0,985.0,1.1523,-0.2796,0.7432,"1차 퀀트 관망 대기: 하드게이트 차단, 알파스코어 43점, MA5 > MA20, RSI 79.3, %B 1.01, 저점거리 1.67%, 최근고점대비 0.41%, 반등확인 통과, 이격 안정, 1H 960.0 >= EMA20 946.3 (기준 0.998)"
bithumb,2026-09-07T06:36:34+09:00,KRW-SUI,1105.0,59,하드 게이트,COMPLETE,2026-09-07T06:40:00+09:00,2026-09-07T08:06:34+09:00,1110.0,1088.0,1099.0,0.1716,-1.8138,-0.8211,"1차 퀀트 관망 대기: 하드게이트 차단, 알파스코어 59점, MA5 > MA20, RSI 67.5, %B 0.71, 저점거리 1.19%, 최근고점대비 0.90%, 반등확인 통과, 이격 안정, 1H 1110.0 >= EMA20 1087.4 (기준 0.998)"
bithumb,2026-09-07T06:36:34+09:00,KRW-UNI,9705.0,65,하드 게이트,COMPLETE,2026-09-07T06:40:00+09:00,2026-09-07T08:06:34+09:00,9800.0,9700.0,9745.0,0.6965,-0.331,0.1314,"1차 퀀트 관망 대기: 하드게이트 차단, 알파스코어 65점, MA5 > MA20, RSI 46.7, %B 0.81, 저점거리 0.67%, 최근고점대비 0.05%, 반등확인 통과, 이격 안정, 1H 9650.0 >= EMA20 9570.9 (기준 0.998)"
bithumb,2026-09-07T06:41:31+09:00,KRW-WLD,569.0,44,하드 게이트,COMPLETE,2026-09-07T06:45:00+09:00,2026-09-07T08:11:31+09:00,578.0,562.0,571.0,1.2977,-1.5064,0.0709,"1차 퀀트 관망 대기: 하드게이트 차단, 알파스코어 44점, MA5 > MA20, RSI 69.2, %B 1.10, 저점거리 1.61%, 최근고점대비 0.18%, 반등확인 통과, 이격 안정, 1H 562.0 >= EMA20 556.8 (기준 0.998)"
bithumb,2026-09-07T06:41:31+09:00,KRW-LINK,17620.0,44,거래량 부족,COMPLETE,2026-09-07T06:45:00+09:00,2026-09-07T08:11:31+09:00,17930.0,17400.0,17950.0,1.4748,-1.5247,1.588,"1차 퀀트 관망 대기: 하드게이트 차단, 알파스코어 44점, MA5 > MA20, RSI 66.4, %B 0.60, 저점거리 2.80%, 최근고점대비 3.18%, 반등확인 통과, 이격 안정, 1H 17850.0 >= EMA20 16799.2 (기준 0.998), 모멘텀 돌파 직전 4봉 고점 돌파=차단, 거래량배수=0.14, 양봉=통과, RSI=통과, 1H MTF=통과"
bithumb,2026-09-07T06:41:31+09:00,KRW-ONDO,522.0,47,반등 미확인,COMPLETE,2026-09-07T06:45:00+09:00,2026-09-07T08:11:31+09:00,528.0,514.0,524.0,0.8666,-1.8079,0.1025,"1차 퀀트 관망 대기: 하드게이트 차단, 알파스코어 47점, MA5 > MA20, RSI 75.0, %B 0.78, 저점거리 1.36%, 최근고점대비 0.38%, 반등확인 차단, 이격 안정, 1H 516.0 >= EMA20 512.8 (기준 0.998)"
bithumb,2026-09-07T06:41:31+09:00,KRW-VIRTUAL,975.0,37,RSI 범위 이탈,COMPLETE,2026-09-07T06:45:00+09:00,2026-09-07T08:11:31+09:00,989.0,976.0,984.0,1.1523,-0.1773,0.6409,"1차 퀀트 관망 대기: 하드게이트 차단, 알파스코어 37점, MA5 > MA20, RSI 77.8, %B 0.96, 저점거리 1.67%, 최근고점대비 0.41%, 반등확인 통과, 이격 안정, 1H 960.0 >= EMA20 946.3 (기준 0.998), 모멘텀 돌파 직전 4봉 고점 돌파=차단, 거래량배수=1.01, 양봉=통과, RSI=차단, 1H MTF=통과"
bithumb,2026-09-07T06:41:32+09:00,KRW-SUI,1104.0,69,반등 미확인,COMPLETE,2026-09-07T06:45:00+09:00,2026-09-07T08:11:32+09:00,1109.0,1088.0,1102.0,0.172,-1.7248,-0.4603,"1차 퀀트 관망 대기: 하드게이트 차단, 알파스코어 69점, MA5 > MA20, RSI 63.2, %B 0.67, 저점거리 1.10%, 최근고점대비 1.00%, 반등확인 차단, 이격 안정, 1H 1110.0 >= EMA20 1087.4 (기준 0.998)"
bithumb,2026-09-07T06:41:32+09:00,KRW-XAN,26.63,50,RSI 범위 이탈,COMPLETE,2026-09-07T06:45:00+09:00,2026-09-07T08:11:32+09:00,29.0,26.6,27.06,8.5952,-0.3919,1.3306,"1차 퀀트 관망 대기: 하드게이트 차단, 알파스코어 50점, MA5 > MA20, RSI 75.2, %B 1.02, 저점거리 3.10%, 최근고점대비 0.15%, 반등확인 통과, 이격 안정, 1H 25.9 >= EMA20 23.6 (기준 0.998), 모멘텀 돌파 직전 4봉 고점 돌파=통과, 거래량배수=3.98, 양봉=통과, RSI=차단, 1H MTF=통과"
bithumb,2026-09-07T06:41:32+09:00,KRW-UNI,9705.0,65,하드 게이트,COMPLETE,2026-09-07T06:45:00+09:00,2026-09-07T08:11:32+09:00,9800.0,9700.0,9775.0,0.6965,-0.331,0.4397,"1차 퀀트 관망 대기: 하드게이트 차단, 알파스코어 65점, MA5 > MA20, RSI 46.7, %B 0.81, 저점거리 0.67%, 최근고점대비 0.05%, 반등확인 통과, 이격 안정, 1H 9650.0 >= EMA20 9570.9 (기준 0.998)"
bithumb,2026-09-07T06:41:32+09:00,KRW-ADA,302.0,64,반등 미확인,COMPLETE,2026-09-07T06:45:00+09:00,2026-09-07T08:11:32+09:00,303.0,298.0,303.0,0.0506,-1.6004,0.0506,"1차 퀀트 관망 대기: 하드게이트 차단, 알파스코어 64점, MA5 > MA20, RSI 66.7, %B 0.69, 저점거리 0.67%, 최근고점대비 0.33%, 반등확인 차단, 이격 안정, 1H 301.0 >= EMA20 298.7 (기준 0.998)"
bithumb,2026-09-07T06:46:31+09:00,KRW-WLD,569.0,47,하드 게이트,COMPLETE,2026-09-07T06:50:00+09:00,2026-09-07T08:16:31+09:00,578.0,562.0,572.0,1.2977,-1.5064,0.2462,"1차 퀀트 관망 대기: 하드게이트 차단, 알파스코어 47점, MA5 > MA20, RSI 69.2, %B 1.00, 저점거리 1.61%, 최근고점대비 0.18%, 반등확인 통과, 이격 안정, 1H 562.0 >= EMA20 556.8 (기준 0.998)"
bithumb,2026-09-07T06:46:31+09:00,KRW-LINK,17600.0,54,거래량 부족,COMPLETE,2026-09-07T06:50:00+09:00,2026-09-07T08:16:31+09:00,17990.0,17400.0,17930.0,1.9301,-1.4128,1.5901,"1차 퀀트 관망 대기: 하드게이트 차단, 알파스코어 54점, MA5 > MA20, RSI 63.9, %B 0.57, 저점거리 1.44%, 최근고점대비 3.30%, 반등확인 차단, 이격 안정, 1H 17850.0 >= EMA20 16799.2 (기준 0.998), 모멘텀 돌파 직전 4봉 고점 돌파=차단, 거래량배수=0.63, 양봉=차단, RSI=통과, 1H MTF=통과"
bithumb,2026-09-07T06:46:31+09:00,KRW-ONDO,522.0,50,하드 게이트,COMPLETE,2026-09-07T06:50:00+09:00,2026-09-07T08:16:31+09:00,528.0,514.0,524.0,0.8666,-1.8079,0.1025,"1차 퀀트 관망 대기: 하드게이트 차단, 알파스코어 50점, MA5 > MA20, RSI 72.7, %B 0.75, 저점거리 1.36%, 최근고점대비 0.38%, 반등확인 통과, 이격 안정, 1H 516.0 >= EMA20 512.8 (기준 0.998)"
bithumb,2026-09-07T06:46:31+09:00,KRW-VIRTUAL,984.0,43,RSI 범위 이탈,COMPLETE,2026-09-07T06:50:00+09:00,2026-09-07T08:16:31+09:00,988.0,976.0,983.0,0.1258,-1.0903,-0.381,"1차 퀀트 관망 대기: 하드게이트 차단, 알파스코어 43점, MA5 > MA20, RSI 83.3, %B 1.15, 저점거리 2.61%, 최근고점대비 0.20%, 반등확인 통과, 이격 안정, 1H 960.0 >= EMA20 946.3 (기준 0.998), 모멘텀 돌파 직전 4봉 고점 돌파=통과, 거래량배수=10.93, 양봉=통과, RSI=차단, 1H MTF=통과"
bithumb,2026-09-07T06:46:31+09:00,KRW-SUI,1108.0,60,하드 게이트,COMPLETE,2026-09-07T06:50:00+09:00,2026-09-07T08:16:31+09:00,1109.0,1088.0,1102.0,-0.1896,-2.0796,-0.8196,"1차 퀀트 관망 대기: 하드게이트 차단, 알파스코어 60점, MA5 > MA20, RSI 66.7, %B 0.76, 저점거리 1.28%, 최근고점대비 0.63%, 반등확인 통과, 이격 안정, 1H 1110.0 >= EMA20 1087.4 (기준 0.998)"
bithumb,2026-09-07T06:46:32+09:00,KRW-XAN,26.84,47,RSI 범위 이탈,COMPLETE,2026-09-07T06:50:00+09:00,2026-09-07T08:16:32+09:00,29.0,26.66,26.77,7.7456,-0.9484,-0.5397,"1차 퀀트 관망 대기: 하드게이트 차단, 알파스코어 47점, MA5 > MA20, RSI 78.1, %B 1.12, 저점거리 3.91%, 최근고점대비 0.04%, 반등확인 통과, 이격 안정, 1H 25.9 >= EMA20 23.6 (기준 0.998), 모멘텀 돌파 직전 4봉 고점 돌파=통과, 거래량배수=1.49, 양봉=통과, RSI=차단, 1H MTF=통과"
bithumb,2026-09-07T06:46:32+09:00,KRW-ADA,302.0,64,반등 미확인,COMPLETE,2026-09-07T06:50:00+09:00,2026-09-07T08:16:32+09:00,303.0,298.0,303.0,0.0506,-1.6004,0.0506,"1차 퀀트 관망 대기: 하드게이트 차단, 알파스코어 64점, MA5 > MA20, RSI 66.7, %B 0.69, 저점거리 0.67%, 최근고점대비 0.33%, 반등확인 차단, 이격 안정, 1H 301.0 >= EMA20 298.7 (기준 0.998)"
bithumb,2026-09-07T06:51:32+09:00,KRW-LINK,17690.0,74,거래량 부족,COMPLETE,2026-09-07T06:55:00+09:00,2026-09-07T08:21:32+09:00,17990.0,17400.0,17940.0,1.4115,-1.9144,1.1297,"1차 퀀트 관망 대기: 하드게이트 통과, 알파스코어 74점, MA5 > MA20, RSI 61.9, %B 0.60, 저점거리 0.68%, 최근고점대비 2.77%, 반등확인 통과, 이격 안정, 1H 17850.0 >= EMA20 16799.2 (기준 0.998), 모멘텀 돌파 직전 4봉 고점 돌파=차단, 거래량배수=0.13, 양봉=통과, RSI=통과, 1H MTF=통과"
bithumb,2026-09-07T06:51:32+09:00,KRW-ONDO,522.0,47,하드 게이트,COMPLETE,2026-09-07T06:55:00+09:00,2026-09-07T08:21:32+09:00,528.0,514.0,525.0,0.8666,-1.8079,0.2935,"1차 퀀트 관망 대기: 하드게이트 차단, 알파스코어 47점, MA5 > MA20, RSI 80.0, %B 0.73, 저점거리 1.36%, 최근고점대비 0.38%, 반등확인 통과, 이격 안정, 1H 516.0 >= EMA20 512.8 (기준 0.998)"
bithumb,2026-09-07T06:51:32+09:00,KRW-SUI,1108.0,57,반등 미확인,COMPLETE,2026-09-07T06:55:00+09:00,2026-09-07T08:21:32+09:00,1109.0,1088.0,1101.0,-0.1896,-2.0796,-0.9096,"1차 퀀트 관망 대기: 하드게이트 차단, 알파스코어 57점, MA5 > MA20, RSI 70.0, %B 0.74, 저점거리 1.09%, 최근고점대비 0.63%, 반등확인 차단, 이격 안정, 1H 1110.0 >= EMA20 1087.4 (기준 0.998)"
bithumb,2026-09-07T06:51:32+09:00,KRW-XAN,26.86,55,RSI 범위 이탈,COMPLETE,2026-09-07T06:55:00+09:00,2026-09-07T08:21:32+09:00,29.0,26.66,26.85,7.6654,-1.0221,-0.3167,"1차 퀀트 관망 대기: 하드게이트 차단, 알파스코어 55점, MA5 > MA20, RSI 76.7, %B 1.04, 저점거리 3.99%, 최근고점대비 0.93%, 반등확인 통과, 이격 안정, 1H 25.9 >= EMA20 23.6 (기준 0.998), 모멘텀 돌파 직전 4봉 고점 돌파=통과, 거래량배수=9.35, 양봉=통과, RSI=차단, 1H MTF=통과"
bithumb,2026-09-07T06:56:35+09:00,KRW-WLD,576.0,50,RSI 범위 이탈,COMPLETE,2026-09-07T07:00:00+09:00,2026-09-07T08:26:35+09:00,577.0,562.0,572.0,-0.1065,-2.7034,-0.9721,"1차 퀀트 관망 대기: 하드게이트 차단, 알파스코어 50점, MA5 > MA20, RSI 88.9, %B 1.23, 저점거리 2.67%, 최근고점대비 0.17%, 반등확인 통과, 이격 안정, 1H 562.0 >= EMA20 556.8 (기준 0.998), 모멘텀 돌파 직전 4봉 고점 돌파=통과, 거래량배수=10.01, 양봉=통과, RSI=차단, 1H MTF=통과"
bithumb,2026-09-07T06:56:35+09:00,KRW-LINK,17600.0,59,거래량 부족,COMPLETE,2026-09-07T07:00:00+09:00,2026-09-07T08:26:35+09:00,18000.0,17400.0,18030.0,1.9868,-1.4128,2.1567,"1차 퀀트 관망 대기: 하드게이트 통과, 알파스코어 59점, MA5 > MA20, RSI 54.9, %B 0.52, 저점거리 0.17%, 최근고점대비 3.30%, 반등확인 차단, 이격 안정, 1H 17850.0 >= EMA20 16799.2 (기준 0.998), 모멘텀 돌파 직전 4봉 고점 돌파=차단, 거래량배수=0.28, 양봉=차단, RSI=통과, 1H MTF=통과"
bithumb,2026-09-07T06:56:35+09:00,KRW-VIRTUAL,987.0,37,RSI 범위 이탈,COMPLETE,2026-09-07T07:00:00+09:00,2026-09-07T08:26:35+09:00,988.0,976.0,982.0,-0.1786,-1.391,-0.7848,"1차 퀀트 관망 대기: 하드게이트 차단, 알파스코어 37점, MA5 > MA20, RSI 86.5, %B 1.03, 저점거리 2.92%, 최근고점대비 0.20%, 반등확인 통과, 이격 안정, 1H 960.0 >= EMA20 946.3 (기준 0.998), 모멘텀 돌파 직전 4봉 고점 돌파=차단, 거래량배수=0.33, 양봉=통과, RSI=차단, 1H MTF=통과"
bithumb,2026-09-07T06:56:35+09:00,KRW-ONDO,521.0,52,하드 게이트,COMPLETE,2026-09-07T07:00:00+09:00,2026-09-07T08:26:35+09:00,528.0,514.0,525.0,1.0602,-1.6194,0.486,"1차 퀀트 관망 대기: 하드게이트 차단, 알파스코어 52점, MA5 > MA20, RSI 72.7, %B 0.64, 저점거리 0.97%, 최근고점대비 0.58%, 반등확인 통과, 이격 안정, 1H 516.0 >= EMA20 512.8 (기준 0.998)"
bithumb,2026-09-07T06:56:35+09:00,KRW-SUI,1107.0,62,하드 게이트,COMPLETE,2026-09-07T07:00:00+09:00,2026-09-07T08:26:35+09:00,1106.0,1088.0,1099.0,-0.3697,-1.9912,-1.0003,"1차 퀀트 관망 대기: 하드게이트 차단, 알파스코어 62점, MA5 > MA20, RSI 68.3, %B 0.69, 저점거리 0.64%, 최근고점대비 0.72%, 반등확인 통과, 이격 안정, 1H 1110.0 >= EMA20 1087.4 (기준 0.998)"
bithumb,2026-09-07T06:56:35+09:00,KRW-ADA,302.0,62,하드 게이트,COMPLETE,2026-09-07T07:00:00+09:00,2026-09-07T08:26:35+09:00,303.0,298.0,303.0,0.0506,-1.6004,0.0506,"1차 퀀트 관망 대기: 하드게이트 차단, 알파스코어 62점, MA5 > MA20, RSI 66.7, %B 0.66, 저점거리 0.67%, 최근고점대비 0.33%, 반등확인 통과, 이격 안정, 1H 301.0 >= EMA20 298.7 (기준 0.998)"
bithumb,2026-09-07T07:01:31+09:00,KRW-WLD,577.0,43,RSI 범위 이탈,COMPLETE,2026-09-07T07:05:00+09:00,2026-09-07T08:31:31+09:00,573.0,562.0,574.0,-0.9709,-2.872,-0.7981,"1차 퀀트 관망 대기: 하드게이트 차단, 알파스코어 43점, MA5 > MA20, RSI 94.4, %B 1.12, 저점거리 2.85%, 최근고점대비 0.17%, 반등확인 통과, 이격 안정, 1H 577.0 >= EMA20 558.7 (기준 0.998), 모멘텀 돌파 직전 4봉 고점 돌파=차단, 거래량배수=2.36, 양봉=통과, RSI=차단, 1H MTF=통과"
bithumb,2026-09-07T07:01:31+09:00,KRW-LINK,17530.0,54,RSI 범위 이탈,COMPLETE,2026-09-07T07:05:00+09:00,2026-09-07T08:31:31+09:00,18060.0,17400.0,18000.0,2.7353,-1.0191,2.394,"1차 퀀트 관망 대기: 하드게이트 차단, 알파스코어 54점, MA5 > MA20, RSI 38.8, %B 0.45, 저점거리 0.06%, 최근고점대비 3.71%, 반등확인 차단, 이격 안정, 1H 17530.0 >= EMA20 16868.2 (기준 0.998), 모멘텀 돌파 직전 4봉 고점 돌파=차단, 거래량배수=0.48, 양봉=차단, RSI=차단, 1H MTF=통과"
bithumb,2026-09-07T07:01:31+09:00,KRW-VIRTUAL,988.0,40,RSI 범위 이탈,COMPLETE,2026-09-07T07:05:00+09:00,2026-09-07T08:31:31+09:00,988.0,976.0,988.0,-0.2796,-1.4908,-0.2796,"1차 퀀트 관망 대기: 하드게이트 차단, 알파스코어 40점, MA5 > MA20, RSI 86.5, %B 0.98, 저점거리 2.70%, 최근고점대비 0.10%, 반등확인 통과, 이격 안정, 1H 988.0 >= EMA20 950.3 (기준 0.998), 모멘텀 돌파 직전 4봉 고점 돌파=차단, 거래량배수=1.76, 양봉=통과, RSI=차단, 1H MTF=통과"
bithumb,2026-09-07T07:01:31+09:00,KRW-ONDO,520.0,58,하드 게이트,COMPLETE,2026-09-07T07:05:00+09:00,2026-09-07T08:31:31+09:00,528.0,514.0,527.0,1.2546,-1.4302,1.0628,"1차 퀀트 관망 대기: 하드게이트 차단, 알파스코어 58점, MA5 > MA20, RSI 66.7, %B 0.54, 저점거리 0.78%, 최근고점대비 0.77%, 반등확인 통과, 이격 안정, 1H 520.0 >= EMA20 513.5 (기준 0.998)"
bithumb,2026-09-07T07:01:31+09:00,KRW-UNI,9750.0,44,거래량 부족,COMPLETE,2026-09-07T07:05:00+09:00,2026-09-07T08:31:31+09:00,9820.0,9700.0,9825.0,0.4363,-0.791,0.4875,"1차 퀀트 관망 대기: 하드게이트 차단, 알파스코어 44점, MA5 > MA20, RSI 66.7, %B 0.95, 저점거리 1.14%, 최근고점대비 0.10%, 반등확인 통과, 이격 안정, 1H 9650.0 >= EMA20 9570.9 (기준 0.998), 모멘텀 돌파 직전 4봉 고점 돌파=차단, 거래량배수=0.99, 양봉=통과, RSI=통과, 1H MTF=통과"
bithumb,2026-09-07T07:01:32+09:00,KRW-PENGU,11.94,74,반등 미확인,COMPLETE,2026-09-07T07:05:00+09:00,2026-09-07T08:31:32+09:00,11.96,11.8,11.98,-0.1126,-1.4489,0.0545,"1차 퀀트 관망 대기: 하드게이트 통과, 알파스코어 74점, MA5 > MA20, RSI 51.5, %B 0.52, 저점거리 0.00%, 최근고점대비 0.67%, 반등확인 차단, 이격 안정, 1H 11.9 >= EMA20 11.9 (기준 0.998)"
bithumb,2026-09-07T07:01:32+09:00,KRW-SUI,1107.0,69,하드 게이트,COMPLETE,2026-09-07T07:05:00+09:00,2026-09-07T08:31:32+09:00,1104.0,1088.0,1104.0,-0.5499,-1.9912,-0.5499,"1차 퀀트 관망 대기: 하드게이트 차단, 알파스코어 69점, MA5 > MA20, RSI 65.8, %B 0.67, 저점거리 0.64%, 최근고점대비 0.72%, 반등확인 통과, 이격 안정, 1H 1107.0 >= EMA20 1089.2 (기준 0.998)"
bithumb,2026-09-07T07:01:32+09:00,KRW-ADA,301.0,69,반등 미확인,COMPLETE,2026-09-07T07:05:00+09:00,2026-09-07T08:31:32+09:00,303.0,298.0,304.0,0.383,-1.2735,0.7143,"1차 퀀트 관망 대기: 하드게이트 통과, 알파스코어 69점, MA5 > MA20, RSI 50.0, %B 0.24, 저점거리 0.00%, 최근고점대비 0.66%, 반등확인 차단, 이격 안정, 1H 301.0 >= EMA20 298.9 (기준 0.998)"
bithumb,2026-09-07T07:06:33+09:00,KRW-WLD,573.0,40,RSI 범위 이탈,COMPLETE,2026-09-07T07:10:00+09:00,2026-09-07T08:36:33+09:00,574.0,562.0,573.0,-0.1056,-2.194,-0.2796,"1차 퀀트 관망 대기: 하드게이트 차단, 알파스코어 40점, MA5 > MA20, RSI 81.0, %B 0.86, 저점거리 1.78%, 최근고점대비 0.87%, 반등확인 차단, 이격 안정, 1H 577.0 >= EMA20 558.7 (기준 0.998), 모멘텀 돌파 직전 4봉 고점 돌파=차단, 거래량배수=2.17, 양봉=차단, RSI=차단, 1H MTF=통과"
bithumb,2026-09-07T07:06:33+09:00,KRW-LINK,17500.0,39,RSI 범위 이탈,COMPLETE,2026-09-07T07:10:00+09:00,2026-09-07T08:36:33+09:00,18070.0,17400.0,18010.0,2.9684,-0.8494,2.6265,"1차 퀀트 관망 대기: 하드게이트 차단, 알파스코어 39점, MA5 <= MA20, RSI 39.6, %B 0.39, 저점거리 0.11%, 최근고점대비 3.89%, 반등확인 차단, 이격 안정, 1H 17530.0 >= EMA20 16868.2 (기준 0.998), 모멘텀 돌파 직전 4봉 고점 돌파=차단, 거래량배수=0.26, 양봉=차단, RSI=차단, 1H MTF=통과"
bithumb,2026-09-07T07:06:33+09:00,KRW-VIRTUAL,981.0,47,RSI 범위 이탈,COMPLETE,2026-09-07T07:10:00+09:00,2026-09-07T08:36:33+09:00,989.0,976.0,994.0,0.5336,-0.7879,1.0419,"1차 퀀트 관망 대기: 하드게이트 차단, 알파스코어 47점, MA5 > MA20, RSI 72.7, %B 0.77, 저점거리 1.66%, 최근고점대비 0.82%, 반등확인 차단, 이격 안정, 1H 988.0 >= EMA20 950.3 (기준 0.998), 모멘텀 돌파 직전 4봉 고점 돌파=차단, 거래량배수=0.91, 양봉=차단, RSI=차단, 1H MTF=통과"
bithumb,2026-09-07T07:06:33+09:00,KRW-ONDO,518.0,52,반등 미확인,COMPLETE,2026-09-07T07:10:00+09:00,2026-09-07T08:36:33+09:00,528.0,514.0,529.0,1.6455,-1.0497,1.838,"1차 퀀트 관망 대기: 하드게이트 통과, 알파스코어 52점, MA5 > MA20, RSI 61.5, %B 0.36, 저점거리 0.19%, 최근고점대비 1.16%, 반등확인 차단, 이격 안정, 1H 520.0 >= EMA20 513.5 (기준 0.998)"
bithumb,2026-09-07T07:06:33+09:00,KRW-UNI,9730.0,47,거래량 부족,COMPLETE,2026-09-07T07:10:00+09:00,2026-09-07T08:36:33+09:00,9830.0,9700.0,9815.0,0.7453,-0.5871,0.5915,"1차 퀀트 관망 대기: 하드게이트 차단, 알파스코어 47점, MA5 > MA20, RSI 68.1, %B 0.74, 저점거리 0.88%, 최근고점대비 0.51%, 반등확인 차단, 이격 안정, 1H 9760.0 >= EMA20 9587.6 (기준 0.998), 모멘텀 돌파 직전 4봉 고점 돌파=차단, 거래량배수=0.29, 양봉=차단, RSI=통과, 1H MTF=통과"
bithumb,2026-09-07T07:06:34+09:00,KRW-SUI,1102.0,59,반등 미확인,COMPLETE,2026-09-07T07:10:00+09:00,2026-09-07T08:36:34+09:00,1104.0,1088.0,1103.0,-0.0986,-1.5465,-0.1891,"1차 퀀트 관망 대기: 하드게이트 통과, 알파스코어 59점, MA5 > MA20, RSI 50.0, %B 0.45, 저점거리 0.18%, 최근고점대비 0.82%, 반등확인 차단, 이격 안정, 1H 1107.0 >= EMA20 1089.2 (기준 0.998)"
bithumb,2026-09-07T07:11:34+09:00,KRW-WLD,565.0,62,반등 미확인,COMPLETE,2026-09-07T07:15:00+09:00,2026-09-07T08:41:34+09:00,574.0,562.0,572.0,1.3089,-0.8091,0.9559,"1차 퀀트 관망 대기: 하드게이트 통과, 알파스코어 62점, MA5 > MA20, RSI 55.6, %B 0.42, 저점거리 0.36%, 최근고점대비 2.30%, 반등확인 차단, 이격 안정, 1H 577.0 >= EMA20 558.7 (기준 0.998)"
bithumb,2026-09-07T07:11:34+09:00,KRW-NEAR,3329.0,79,반등 미확인,COMPLETE,2026-09-07T07:15:00+09:00,2026-09-07T08:41:34+09:00,3379.0,3297.0,3325.0,1.2181,-1.2382,-0.3994,"1차 퀀트 관망 대기: 하드게이트 통과, 알파스코어 79점, MA5 > MA20, RSI 57.2, %B 0.60, 저점거리 0.97%, 최근고점대비 2.16%, 반등확인 차단, 이격 안정, 1H 3394.0 >= EMA20 3227.5 (기준 0.998)"
bithumb,2026-09-07T07:11:34+09:00,KRW-LINK,17480.0,39,RSI 범위 이탈,COMPLETE,2026-09-07T07:15:00+09:00,2026-09-07T08:41:34+09:00,18070.0,17400.0,18040.0,3.0862,-0.736,2.9151,"1차 퀀트 관망 대기: 하드게이트 차단, 알파스코어 39점, MA5 <= MA20, RSI 36.9, %B 0.33, 저점거리 0.17%, 최근고점대비 3.15%, 반등확인 차단, 이격 안정, 1H 17530.0 >= EMA20 16868.2 (기준 0.998), 모멘텀 돌파 직전 4봉 고점 돌파=차단, 거래량배수=0.14, 양봉=차단, RSI=차단, 1H MTF=통과"
bithumb,2026-09-07T07:11:35+09:00,KRW-VIRTUAL,979.0,55,돌파 미확인,COMPLETE,2026-09-07T07:15:00+09:00,2026-09-07T08:41:35+09:00,994.0,976.0,993.0,1.2483,-0.5852,1.1464,"1차 퀀트 관망 대기: 하드게이트 차단, 알파스코어 55점, MA5 > MA20, RSI 71.1, %B 0.70, 저점거리 1.35%, 최근고점대비 1.02%, 반등확인 차단, 이격 안정, 1H 988.0 >= EMA20 950.3 (기준 0.998), 모멘텀 돌파 직전 4봉 고점 돌파=차단, 거래량배수=2.35, 양봉=차단, RSI=통과, 1H MTF=통과"
bithumb,2026-09-07T07:11:35+09:00,KRW-SUI,1094.0,32,반등 미확인,COMPLETE,2026-09-07T07:15:00+09:00,2026-09-07T08:41:35+09:00,1104.0,1088.0,1105.0,0.6319,-0.8265,0.7231,"1차 퀀트 관망 대기: 하드게이트 차단, 알파스코어 32점, MA5 > MA20, RSI 27.8, %B 0.12, 저점거리 0.00%, 최근고점대비 1.55%, 반등확인 차단, 이격 안정, 1H 1107.0 >= EMA20 1089.2 (기준 0.998)"
bithumb,2026-09-07T07:11:35+09:00,KRW-XAN,27.41,44,이격 과열,COMPLETE,2026-09-07T07:15:00+09:00,2026-09-07T08:41:35+09:00,29.0,26.5,26.75,5.505,-3.5903,-2.6808,"1차 퀀트 관망 대기: 하드게이트 차단, 알파스코어 44점, MA5 > MA20, RSI 85.5, %B 0.99, 저점거리 5.59%, 최근고점대비 0.62%, 반등확인 차단, 이격 과열차단, 1H 27.0 >= EMA20 24.0 (기준 0.998), 모멘텀 돌파 직전 4봉 고점 돌파=차단, 거래량배수=1.10, 양봉=차단, RSI=차단, 1H MTF=통과"
bithumb,2026-09-07T07:11:35+09:00,KRW-PENGU,11.86,47,반등 미확인,COMPLETE,2026-09-07T07:15:00+09:00,2026-09-07T08:41:35+09:00,11.98,11.8,11.95,0.7294,-0.7841,0.4771,"1차 퀀트 관망 대기: 하드게이트 차단, 알파스코어 47점, MA5 <= MA20, RSI 42.9, %B 0.04, 저점거리 0.00%, 최근고점대비 1.35%, 반등확인 차단, 이격 안정, 1H 11.9 >= EMA20 11.9 (기준 0.998)"
bithumb,2026-09-07T07:11:35+09:00,KRW-ONDO,515.0,47,RSI 범위 이탈,COMPLETE,2026-09-07T07:15:00+09:00,2026-09-07T08:41:35+09:00,529.0,514.0,527.0,2.4312,-0.4732,2.044,"1차 퀀트 관망 대기: 하드게이트 차단, 알파스코어 47점, MA5 <= MA20, RSI 46.7, %B 0.12, 저점거리 0.19%, 최근고점대비 1.75%, 반등확인 차단, 이격 안정, 1H 520.0 >= EMA20 513.5 (기준 0.998), 모멘텀 돌파 직전 4봉 고점 돌파=차단, 거래량배수=1.98, 양봉=차단, RSI=차단, 1H MTF=통과"
bithumb,2026-09-07T07:16:31+09:00,KRW-WLD,566.0,62,하드 게이트,COMPLETE,2026-09-07T07:20:00+09:00,2026-09-07T08:46:31+09:00,574.0,562.0,572.0,1.1299,-0.9843,0.7775,"1차 퀀트 관망 대기: 하드게이트 차단, 알파스코어 62점, MA5 > MA20, RSI 53.9, %B 0.47, 저점거리 0.35%, 최근고점대비 2.12%, 반등확인 통과, 이격 안정, 1H 577.0 >= EMA20 558.7 (기준 0.998)"
bithumb,2026-09-07T07:16:32+09:00,KRW-LINK,17510.0,29,RSI 범위 이탈,COMPLETE,2026-09-07T07:20:00+09:00,2026-09-07T08:46:32+09:00,18070.0,17400.0,17990.0,2.9096,-0.9061,2.454,"1차 퀀트 관망 대기: 하드게이트 차단, 알파스코어 29점, MA5 <= MA20, RSI 23.9, %B 0.30, 저점거리 0.46%, 최근고점대비 2.80%, 반등확인 통과, 이격 안정, 1H 17530.0 >= EMA20 16868.2 (기준 0.998), 모멘텀 돌파 직전 4봉 고점 돌파=차단, 거래량배수=0.64, 양봉=통과, RSI=차단, 1H MTF=통과"
bithumb,2026-09-07T07:16:32+09:00,KRW-ONDO,516.0,49,하드 게이트,COMPLETE,2026-09-07T07:20:00+09:00,2026-09-07T08:46:32+09:00,529.0,514.0,527.0,2.2327,-0.6661,1.8462,"1차 퀀트 관망 대기: 하드게이트 차단, 알파스코어 49점, MA5 <= MA20, RSI 38.5, %B 0.22, 저점거리 0.39%, 최근고점대비 1.55%, 반등확인 통과, 이격 안정, 1H 520.0 >= EMA20 513.5 (기준 0.998)"
bithumb,2026-09-07T07:16:32+09:00,KRW-VIRTUAL,985.0,43,RSI 범위 이탈,COMPLETE,2026-09-07T07:20:00+09:00,2026-09-07T08:46:32+09:00,996.0,977.0,991.0,0.834,-1.0895,0.3278,"1차 퀀트 관망 대기: 하드게이트 차단, 알파스코어 43점, MA5 > MA20, RSI 72.3, %B 0.82, 저점거리 1.97%, 최근고점대비 0.41%, 반등확인 통과, 이격 안정, 1H 988.0 >= EMA20 950.3 (기준 0.998), 모멘텀 돌파 직전 4봉 고점 돌파=차단, 거래량배수=2.01, 양봉=통과, RSI=차단, 1H MTF=통과"
bithumb,2026-09-07T07:16:32+09:00,KRW-SUI,1093.0,29,반등 미확인,COMPLETE,2026-09-07T07:20:00+09:00,2026-09-07T08:46:32+09:00,1105.0,1090.0,1103.0,0.8152,-0.5533,0.6327,"1차 퀀트 관망 대기: 하드게이트 차단, 알파스코어 29점, MA5 <= MA20, RSI 29.4, %B 0.09, 저점거리 0.00%, 최근고점대비 1.65%, 반등확인 차단, 이격 안정, 1H 1107.0 >= EMA20 1089.2 (기준 0.998)"
bithumb,2026-09-07T07:16:32+09:00,KRW-XAN,27.64,34,이격 과열,COMPLETE,2026-09-07T07:20:00+09:00,2026-09-07T08:46:32+09:00,29.0,25.9,26.8,4.627,-6.5572,-3.3102,"1차 퀀트 관망 대기: 하드게이트 차단, 알파스코어 34점, MA5 > MA20, RSI 86.6, %B 1.01, 저점거리 6.47%, 최근고점대비 0.00%, 반등확인 통과, 이격 과열차단, 1H 27.0 >= EMA20 24.0 (기준 0.998), 모멘텀 돌파 직전 4봉 고점 돌파=통과, 거래량배수=1.00, 양봉=통과, RSI=차단, 1H MTF=통과"
bithumb,2026-09-07T07:16:32+09:00,KRW-PENGU,11.87,29,하드 게이트,COMPLETE,2026-09-07T07:20:00+09:00,2026-09-07T08:46:32+09:00,11.98,11.8,11.95,0.6445,-0.8677,0.3925,"1차 퀀트 관망 대기: 하드게이트 차단, 알파스코어 29점, MA5 <= MA20, RSI 33.3, %B 0.05, 저점거리 0.08%, 최근고점대비 1.26%, 반등확인 통과, 이격 안정, 1H 11.9 >= EMA20 11.9 (기준 0.998)"
bithumb,2026-09-07T07:21:32+09:00,KRW-WLD,563.0,62,반등 미확인,COMPLETE,2026-09-07T07:25:00+09:00,2026-09-07T08:51:32+09:00,574.0,564.0,572.0,1.6687,-0.1025,1.3145,"1차 퀀트 관망 대기: 하드게이트 통과, 알파스코어 62점, MA5 > MA20, RSI 48.3, %B 0.31, 저점거리 0.00%, 최근고점대비 2.66%, 반등확인 차단, 이격 안정, 1H 577.0 >= EMA20 558.7 (기준 0.998)"
bithumb,2026-09-07T07:21:32+09:00,KRW-LINK,17410.0,29,RSI 범위 이탈,COMPLETE,2026-09-07T07:25:00+09:00,2026-09-07T08:51:32+09:00,18070.0,17480.0,17990.0,3.5007,0.1213,3.0425,"1차 퀀트 관망 대기: 하드게이트 차단, 알파스코어 29점, MA5 <= MA20, RSI 24.1, %B 0.14, 저점거리 0.06%, 최근고점대비 3.33%, 반등확인 차단, 이격 안정, 1H 17530.0 >= EMA20 16868.2 (기준 0.998), 모멘텀 돌파 직전 4봉 고점 돌파=차단, 거래량배수=0.46, 양봉=차단, RSI=차단, 1H MTF=통과"
bithumb,2026-09-07T07:21:32+09:00,KRW-VIRTUAL,978.0,77,돌파 미확인,COMPLETE,2026-09-07T07:25:00+09:00,2026-09-07T08:51:32+09:00,996.0,977.0,991.0,1.5557,-0.3816,1.0459,"1차 퀀트 관망 대기: 하드게이트 통과, 알파스코어 77점, MA5 > MA20, RSI 58.3, %B 0.62, 저점거리 1.24%, 최근고점대비 1.12%, 반등확인 차단, 이격 안정, 1H 988.0 >= EMA20 950.3 (기준 0.998), 모멘텀 돌파 직전 4봉 고점 돌파=차단, 거래량배수=4.05, 양봉=차단, RSI=통과, 1H MTF=통과"
bithumb,2026-09-07T07:21:33+09:00,KRW-SUI,1090.0,29,반등 미확인,COMPLETE,2026-09-07T07:25:00+09:00,2026-09-07T08:51:33+09:00,1106.0,1092.0,1103.0,1.1842,-0.0966,0.9097,"1차 퀀트 관망 대기: 하드게이트 차단, 알파스코어 29점, MA5 <= MA20, RSI 27.8, %B -0.01, 저점거리 0.18%, 최근고점대비 1.93%, 반등확인 차단, 이격 안정, 1H 1107.0 >= EMA20 1089.2 (기준 0.998)"
bithumb,2026-09-07T07:21:33+09:00,KRW-XAN,27.98,40,이격 과열,COMPLETE,2026-09-07T07:25:00+09:00,2026-09-07T08:51:33+09:00,29.0,25.9,26.69,3.3557,-7.6927,-4.8772,"1차 퀀트 관망 대기: 하드게이트 차단, 알파스코어 40점, MA5 > MA20, RSI 88.1, %B 1.04, 저점거리 7.41%, 최근고점대비 0.86%, 반등확인 통과, 이격 과열차단, 1H 27.0 >= EMA20 24.0 (기준 0.998), 모멘텀 돌파 직전 4봉 고점 돌파=통과, 거래량배수=3.13, 양봉=통과, RSI=차단, 1H MTF=통과"
bithumb,2026-09-07T07:21:33+09:00,KRW-PENGU,11.82,32,반등 미확인,COMPLETE,2026-09-07T07:25:00+09:00,2026-09-07T08:51:33+09:00,11.98,11.84,11.97,1.0702,-0.1109,0.9859,"1차 퀀트 관망 대기: 하드게이트 차단, 알파스코어 32점, MA5 <= MA20, RSI 29.4, %B -0.15, 저점거리 0.00%, 최근고점대비 1.69%, 반등확인 차단, 이격 안정, 1H 11.9 >= EMA20 11.9 (기준 0.998)"
bithumb,2026-09-07T07:21:33+09:00,KRW-ONDO,514.0,32,RSI 범위 이탈,COMPLETE,2026-09-07T07:25:00+09:00,2026-09-07T08:51:33+09:00,529.0,515.0,527.0,2.6305,-0.0856,2.2425,"1차 퀀트 관망 대기: 하드게이트 차단, 알파스코어 32점, MA5 <= MA20, RSI 23.1, %B 0.08, 저점거리 0.00%, 최근고점대비 1.95%, 반등확인 차단, 이격 안정, 1H 520.0 >= EMA20 513.5 (기준 0.998), 모멘텀 돌파 직전 4봉 고점 돌파=차단, 거래량배수=1.79, 양봉=차단, RSI=차단, 1H MTF=통과"
bithumb,2026-09-07T07:26:35+09:00,KRW-WLD,565.0,65,복합 조건 미달,COMPLETE,2026-09-07T07:30:00+09:00,2026-09-07T08:56:35+09:00,574.0,564.0,573.0,1.3089,-0.4561,1.1324,"1차 퀀트 관망 대기: 하드게이트 통과, 알파스코어 65점, MA5 <= MA20, RSI 50.0, %B 0.41, 저점거리 0.53%, 최근고점대비 2.30%, 반등확인 통과, 이격 안정, 1H 577.0 >= EMA20 558.7 (기준 0.998)"
bithumb,2026-09-07T07:26:35+09:00,KRW-LINK,17500.0,39,RSI 범위 이탈,COMPLETE,2026-09-07T07:30:00+09:00,2026-09-07T08:56:35+09:00,18070.0,17530.0,17940.0,2.9684,-0.1087,2.2276,"1차 퀀트 관망 대기: 하드게이트 차단, 알파스코어 39점, MA5 <= MA20, RSI 34.9, %B 0.25, 저점거리 0.57%, 최근고점대비 2.00%, 반등확인 통과, 이격 안정, 1H 17530.0 >= EMA20 16868.2 (기준 0.998), 모멘텀 돌파 직전 4봉 고점 돌파=차단, 거래량배수=0.33, 양봉=통과, RSI=차단, 1H MTF=통과"
bithumb,2026-09-07T07:26:36+09:00,KRW-VIRTUAL,982.0,69,거래량 부족,COMPLETE,2026-09-07T07:30:00+09:00,2026-09-07T08:56:36+09:00,996.0,977.0,990.0,1.1421,-0.7873,0.5328,"1차 퀀트 관망 대기: 하드게이트 통과, 알파스코어 69점, MA5 > MA20, RSI 62.8, %B 0.71, 저점거리 1.66%, 최근고점대비 0.71%, 반등확인 통과, 이격 안정, 1H 988.0 >= EMA20 950.3 (기준 0.998), 모멘텀 돌파 직전 4봉 고점 돌파=차단, 거래량배수=0.40, 양봉=통과, RSI=통과, 1H MTF=통과"
bithumb,2026-09-07T07:26:36+09:00,KRW-NEAR,3313.0,64,복합 조건 미달,COMPLETE,2026-09-07T07:30:00+09:00,2026-09-07T08:56:36+09:00,3379.0,3312.0,3326.0,1.707,-0.3097,0.1117,"1차 퀀트 관망 대기: 하드게이트 통과, 알파스코어 64점, MA5 > MA20, RSI 52.9, %B 0.44, 저점거리 0.49%, 최근고점대비 2.66%, 반등확인 통과, 이격 안정, 1H 3394.0 >= EMA20 3227.5 (기준 0.998)"
bithumb,2026-09-07T07:26:36+09:00,KRW-ONDO,515.0,29,하드 게이트,COMPLETE,2026-09-07T07:30:00+09:00,2026-09-07T08:56:36+09:00,529.0,517.0,527.0,2.4312,0.1077,2.044,"1차 퀀트 관망 대기: 하드게이트 차단, 알파스코어 29점, MA5 <= MA20, RSI 16.7, %B 0.17, 저점거리 0.19%, 최근고점대비 1.75%, 반등확인 통과, 이격 안정, 1H 520.0 >= EMA20 513.5 (기준 0.998)"
bithumb,2026-09-07T07:26:36+09:00,KRW-SUI,1092.0,34,하드 게이트,COMPLETE,2026-09-07T07:30:00+09:00,2026-09-07T08:56:36+09:00,1106.0,1093.0,1103.0,0.9989,-0.1883,0.7249,"1차 퀀트 관망 대기: 하드게이트 차단, 알파스코어 34점, MA5 <= MA20, RSI 27.8, %B 0.07, 저점거리 0.37%, 최근고점대비 1.65%, 반등확인 통과, 이격 안정, 1H 1107.0 >= EMA20 1089.2 (기준 0.998)"
bithumb,2026-09-07T07:26:36+09:00,KRW-PENGU,11.83,29,하드 게이트,COMPLETE,2026-09-07T07:30:00+09:00,2026-09-07T08:56:36+09:00,11.98,11.89,11.95,0.9848,0.2262,0.7319,"1차 퀀트 관망 대기: 하드게이트 차단, 알파스코어 29점, MA5 <= MA20, RSI 33.3, %B -0.01, 저점거리 0.25%, 최근고점대비 1.61%, 반등확인 통과, 이격 안정, 1H 11.9 >= EMA20 11.9 (기준 0.998)"
bithumb,2026-09-07T07:31:31+09:00,KRW-WLD,564.0,44,하드 게이트,COMPLETE,2026-09-07T07:35:00+09:00,2026-09-07T09:01:31+09:00,574.0,566.0,576.0,1.4885,0.074,1.8421,"1차 퀀트 관망 대기: 하드게이트 차단, 알파스코어 44점, MA5 <= MA20, RSI 48.4, %B 0.34, 저점거리 0.36%, 최근고점대비 2.48%, 반등확인 통과, 이격 안정, 1H 577.0 >= EMA20 558.7 (기준 0.998)"
bithumb,2026-09-07T07:31:31+09:00,KRW-LINK,17500.0,39,RSI 범위 이탈,COMPLETE,2026-09-07T07:35:00+09:00,2026-09-07T09:01:31+09:00,18070.0,17620.0,18070.0,2.9684,0.4042,2.9684,"1차 퀀트 관망 대기: 하드게이트 차단, 알파스코어 39점, MA5 <= MA20, RSI 25.0, %B 0.27, 저점거리 0.57%, 최근고점대비 1.09%, 반등확인 차단, 이격 안정, 1H 17530.0 >= EMA20 16868.2 (기준 0.998), 모멘텀 돌파 직전 4봉 고점 돌파=차단, 거래량배수=0.26, 양봉=차단, RSI=차단, 1H MTF=통과"
bithumb,2026-09-07T07:31:31+09:00,KRW-VIRTUAL,984.0,64,거래량 부족,COMPLETE,2026-09-07T07:35:00+09:00,2026-09-07T09:01:31+09:00,996.0,977.0,989.0,0.9365,-0.989,0.2271,"1차 퀀트 관망 대기: 하드게이트 통과, 알파스코어 64점, MA5 > MA20, RSI 63.5, %B 0.74, 저점거리 1.86%, 최근고점대비 0.51%, 반등확인 통과, 이격 안정, 1H 988.0 >= EMA20 950.3 (기준 0.998), 모멘텀 돌파 직전 4봉 고점 돌파=차단, 거래량배수=0.43, 양봉=통과, RSI=통과, 1H MTF=통과"
bithumb,2026-09-07T07:31:34+09:00,KRW-ONDO,516.0,39,하드 게이트,COMPLETE,2026-09-07T07:35:00+09:00,2026-09-07T09:01:34+09:00,529.0,518.0,528.0,2.2327,0.1069,2.0395,"1차 퀀트 관망 대기: 하드게이트 차단, 알파스코어 39점, MA5 <= MA20, RSI 23.1, %B 0.24, 저점거리 0.39%, 최근고점대비 1.55%, 반등확인 통과, 이격 안정, 1H 520.0 >= EMA20 513.5 (기준 0.998)"
bithumb,2026-09-07T07:31:37+09:00,KRW-SUI,1094.0,34,하드 게이트,COMPLETE,2026-09-07T07:35:00+09:00,2026-09-07T09:01:37+09:00,1106.0,1095.0,1107.0,0.8142,-0.1885,0.9054,"1차 퀀트 관망 대기: 하드게이트 차단, 알파스코어 34점, MA5 <= MA20, RSI 27.8, %B 0.15, 저점거리 0.55%, 최근고점대비 1.46%, 반등확인 통과, 이격 안정, 1H 1107.0 >= EMA20 1089.2 (기준 0.998)"
bithumb,2026-09-07T07:31:37+09:00,KRW-PENGU,11.83,34,하드 게이트,COMPLETE,2026-09-07T07:35:00+09:00,2026-09-07T09:01:37+09:00,11.98,11.9,11.99,0.9848,0.3105,1.0691,"1차 퀀트 관망 대기: 하드게이트 차단, 알파스코어 34점, MA5 <= MA20, RSI 33.3, %B -0.01, 저점거리 0.25%, 최근고점대비 1.61%, 반등확인 통과, 이격 안정, 1H 11.9 >= EMA20 11.9 (기준 0.998)"
bithumb,2026-09-07T07:36:34+09:00,KRW-LINK,17640.0,44,RSI 범위 이탈,COMPLETE,2026-09-07T07:40:00+09:00,2026-09-07T09:06:34+09:00,18080.0,17630.0,18100.0,2.2077,-0.3361,2.3208,"1차 퀀트 관망 대기: 하드게이트 통과, 알파스코어 44점, MA5 <= MA20, RSI 42.0, %B 0.46, 저점거리 1.38%, 최근고점대비 0.28%, 반등확인 통과, 이격 안정, 1H 17530.0 >= EMA20 16868.2 (기준 0.998), 모멘텀 돌파 직전 4봉 고점 돌파=통과, 거래량배수=0.18, 양봉=통과, RSI=차단, 1H MTF=통과"
bithumb,2026-09-07T07:36:35+09:00,KRW-VIRTUAL,986.0,47,거래량 부족,COMPLETE,2026-09-07T07:40:00+09:00,2026-09-07T09:06:35+09:00,996.0,977.0,989.0,0.7318,-1.1898,0.0238,"1차 퀀트 관망 대기: 하드게이트 차단, 알파스코어 47점, MA5 > MA20, RSI 68.6, %B 0.78, 저점거리 1.44%, 최근고점대비 0.30%, 반등확인 통과, 이격 안정, 1H 988.0 >= EMA20 950.3 (기준 0.998), 모멘텀 돌파 직전 4봉 고점 돌파=차단, 거래량배수=0.40, 양봉=통과, RSI=통과, 1H MTF=통과"
bithumb,2026-09-07T07:36:35+09:00,KRW-ONDO,518.0,47,하드 게이트,COMPLETE,2026-09-07T07:40:00+09:00,2026-09-07T09:06:35+09:00,529.0,519.0,528.0,1.838,-0.0871,1.6455,"1차 퀀트 관망 대기: 하드게이트 차단, 알파스코어 47점, MA5 <= MA20, RSI 33.3, %B 0.38, 저점거리 0.78%, 최근고점대비 1.16%, 반등확인 통과, 이격 안정, 1H 520.0 >= EMA20 513.5 (기준 0.998)"
bithumb,2026-09-07T07:36:35+09:00,KRW-UNI,9740.0,65,반등 미확인,COMPLETE,2026-09-07T07:40:00+09:00,2026-09-07T09:06:35+09:00,9950.0,9725.0,9875.0,1.8704,-0.4332,1.1026,"1차 퀀트 관망 대기: 하드게이트 통과, 알파스코어 65점, MA5 > MA20, RSI 62.5, %B 0.68, 저점거리 0.41%, 최근고점대비 0.41%, 반등확인 차단, 이격 안정, 1H 9760.0 >= EMA20 9587.6 (기준 0.998)"
bithumb,2026-09-07T07:36:35+09:00,KRW-XAN,27.64,62,RSI 범위 이탈,COMPLETE,2026-09-07T07:40:00+09:00,2026-09-07T09:06:35+09:00,27.67,25.9,26.06,-0.1714,-6.5572,-5.98,"1차 퀀트 관망 대기: 하드게이트 차단, 알파스코어 62점, MA5 > MA20, RSI 72.7, %B 0.74, 저점거리 4.82%, 최근고점대비 4.92%, 반등확인 차단, 이격 안정, 1H 27.0 >= EMA20 24.0 (기준 0.998), 모멘텀 돌파 직전 4봉 고점 돌파=차단, 거래량배수=5.09, 양봉=차단, RSI=차단, 1H MTF=통과"
bithumb,2026-09-07T07:36:35+09:00,KRW-ADA,301.0,64,하드 게이트,COMPLETE,2026-09-07T07:40:00+09:00,2026-09-07T09:06:35+09:00,306.0,301.0,307.0,1.3769,-0.2796,1.7082,"1차 퀀트 관망 대기: 하드게이트 차단, 알파스코어 64점, MA5 <= MA20, RSI 42.9, %B 0.46, 저점거리 1.01%, 최근고점대비 0.66%, 반등확인 통과, 이격 안정, 1H 301.0 >= EMA20 298.9 (기준 0.998)"
bithumb,2026-09-07T07:36:36+09:00,KRW-SUI,1099.0,44,하드 게이트,COMPLETE,2026-09-07T07:40:00+09:00,2026-09-07T09:06:36+09:00,1108.0,1095.0,1113.0,0.537,-0.6426,0.9907,"1차 퀀트 관망 대기: 하드게이트 차단, 알파스코어 44점, MA5 <= MA20, RSI 38.5, %B 0.35, 저점거리 1.01%, 최근고점대비 1.00%, 반등확인 통과, 이격 안정, 1H 1107.0 >= EMA20 1089.2 (기준 0.998)"
bithumb,2026-09-07T07:36:36+09:00,KRW-PENGU,11.89,29,하드 게이트,COMPLETE,2026-09-07T07:40:00+09:00,2026-09-07T09:06:36+09:00,11.99,11.9,12.04,0.5591,-0.1957,0.9784,"1차 퀀트 관망 대기: 하드게이트 차단, 알파스코어 29점, MA5 <= MA20, RSI 35.3, %B 0.31, 저점거리 0.76%, 최근고점대비 0.93%, 반등확인 통과, 이격 안정, 1H 11.9 >= EMA20 11.9 (기준 0.998)"
bithumb,2026-09-07T07:41:31+09:00,KRW-WLD,568.0,65,복합 조건 미달,INSUFFICIENT_CANDLES,,2026-09-07T09:11:31+09:00,,,,,,,"1차 퀀트 관망 대기: 하드게이트 통과, 알파스코어 65점, MA5 <= MA20, RSI 54.3, %B 0.54, 저점거리 1.07%, 최근고점대비 1.76%, 반등확인 통과, 이격 안정, 1H 577.0 >= EMA20 558.7 (기준 0.998)"
bithumb,2026-09-07T07:41:31+09:00,KRW-LINK,17640.0,44,RSI 범위 이탈,INSUFFICIENT_CANDLES,,2026-09-07T09:11:31+09:00,,,,,,,"1차 퀀트 관망 대기: 하드게이트 차단, 알파스코어 44점, MA5 <= MA20, RSI 50.0, %B 0.48, 저점거리 1.38%, 최근고점대비 0.28%, 반등확인 통과, 이격 안정, 1H 17530.0 >= EMA20 16868.2 (기준 0.998), 모멘텀 돌파 직전 4봉 고점 돌파=차단, 거래량배수=0.80, 양봉=통과, RSI=차단, 1H MTF=통과"
bithumb,2026-09-07T07:41:31+09:00,KRW-VIRTUAL,984.0,62,거래량 부족,INSUFFICIENT_CANDLES,,2026-09-07T09:11:31+09:00,,,,,,,"1차 퀀트 관망 대기: 하드게이트 차단, 알파스코어 62점, MA5 > MA20, RSI 65.4, %B 0.70, 저점거리 0.92%, 최근고점대비 0.51%, 반등확인 차단, 이격 안정, 1H 988.0 >= EMA20 950.3 (기준 0.998), 모멘텀 돌파 직전 4봉 고점 돌파=차단, 거래량배수=0.60, 양봉=차단, RSI=통과, 1H MTF=통과"
bithumb,2026-09-07T07:41:34+09:00,KRW-ONDO,520.0,59,하드 게이트,INSUFFICIENT_CANDLES,,2026-09-07T09:11:34+09:00,,,,,,,"1차 퀀트 관망 대기: 하드게이트 차단, 알파스코어 59점, MA5 <= MA20, RSI 41.2, %B 0.52, 저점거리 1.17%, 최근고점대비 0.58%, 반등확인 통과, 이격 안정, 1H 520.0 >= EMA20 513.5 (기준 0.998)"
bithumb,2026-09-07T07:41:34+09:00,KRW-UNI,9730.0,74,반등 미확인,INSUFFICIENT_CANDLES,,2026-09-07T09:11:34+09:00,,,,,,,"1차 퀀트 관망 대기: 하드게이트 차단, 알파스코어 74점, MA5 > MA20, RSI 60.0, %B 0.59, 저점거리 0.31%, 최근고점대비 0.51%, 반등확인 차단, 이격 안정, 1H 9760.0 >= EMA20 9587.6 (기준 0.998)"
bithumb,2026-09-07T07:41:35+09:00,KRW-SUI,1096.0,54,반등 미확인,INSUFFICIENT_CANDLES,,2026-09-07T09:11:35+09:00,,,,,,,"1차 퀀트 관망 대기: 하드게이트 차단, 알파스코어 54점, MA5 <= MA20, RSI 40.5, %B 0.26, 저점거리 0.74%, 최근고점대비 1.28%, 반등확인 차단, 이격 안정, 1H 1107.0 >= EMA20 1089.2 (기준 0.998)"
bithumb,2026-09-07T07:41:35+09:00,KRW-PENGU,11.92,65,복합 조건 미달,INSUFFICIENT_CANDLES,,2026-09-07T09:11:35+09:00,,,,,,,"1차 퀀트 관망 대기: 하드게이트 통과, 알파스코어 65점, MA5 <= MA20, RSI 44.1, %B 0.45, 저점거리 1.02%, 최근고점대비 0.67%, 반등확인 통과, 이격 안정, 1H 11.9 >= EMA20 11.9 (기준 0.998)"
bithumb,2026-09-07T07:46:34+09:00,KRW-WLD,569.0,62,복합 조건 미달,PENDING_90M,,2026-09-07T09:16:34+09:00,,,,,,,"1차 퀀트 관망 대기: 하드게이트 통과, 알파스코어 62점, MA5 <= MA20, RSI 51.5, %B 0.59, 저점거리 1.25%, 최근고점대비 1.58%, 반등확인 통과, 이격 안정, 1H 577.0 >= EMA20 558.7 (기준 0.998)"
bithumb,2026-09-07T07:46:34+09:00,KRW-LINK,17650.0,44,거래량 부족,PENDING_90M,,2026-09-07T09:16:34+09:00,,,,,,,"1차 퀀트 관망 대기: 하드게이트 차단, 알파스코어 44점, MA5 <= MA20, RSI 53.5, %B 0.53, 저점거리 1.44%, 최근고점대비 0.28%, 반등확인 통과, 이격 안정, 1H 17530.0 >= EMA20 16868.2 (기준 0.998), 모멘텀 돌파 직전 4봉 고점 돌파=차단, 거래량배수=0.16, 양봉=통과, RSI=통과, 1H MTF=통과"
bithumb,2026-09-07T07:46:34+09:00,KRW-VIRTUAL,986.0,68,돌파 미확인,PENDING_90M,,2026-09-07T09:16:34+09:00,,,,,,,"1차 퀀트 관망 대기: 하드게이트 통과, 알파스코어 68점, MA5 > MA20, RSI 61.7, %B 0.75, 저점거리 1.02%, 최근고점대비 0.30%, 반등확인 통과, 이격 안정, 1H 988.0 >= EMA20 950.3 (기준 0.998), 모멘텀 돌파 직전 4봉 고점 돌파=차단, 거래량배수=2.32, 양봉=통과, RSI=통과, 1H MTF=통과"
bithumb,2026-09-07T07:46:34+09:00,KRW-ONDO,520.0,59,하드 게이트,PENDING_90M,,2026-09-07T09:16:34+09:00,,,,,,,"1차 퀀트 관망 대기: 하드게이트 차단, 알파스코어 59점, MA5 <= MA20, RSI 41.2, %B 0.52, 저점거리 1.17%, 최근고점대비 0.58%, 반등확인 통과, 이격 안정, 1H 520.0 >= EMA20 513.5 (기준 0.998)"
bithumb,2026-09-07T07:46:35+09:00,KRW-UNI,9790.0,60,하드 게이트,PENDING_90M,,2026-09-07T09:16:35+09:00,,,,,,,"1차 퀀트 관망 대기: 하드게이트 차단, 알파스코어 60점, MA5 > MA20, RSI 64.9, %B 0.98, 저점거리 0.93%, 최근고점대비 0.00%, 반등확인 통과, 이격 안정, 1H 9760.0 >= EMA20 9587.6 (기준 0.998), 모멘텀 돌파 직전 4봉 고점 돌파=통과, 거래량배수=2.39, 양봉=통과, RSI=통과, 1H MTF=통과"
bithumb,2026-09-07T07:46:35+09:00,KRW-SUI,1098.0,44,하드 게이트,PENDING_90M,,2026-09-07T09:16:35+09:00,,,,,,,"1차 퀀트 관망 대기: 하드게이트 차단, 알파스코어 44점, MA5 <= MA20, RSI 40.5, %B 0.36, 저점거리 0.92%, 최근고점대비 1.00%, 반등확인 통과, 이격 안정, 1H 1107.0 >= EMA20 1089.2 (기준 0.998)"
bithumb,2026-09-07T07:46:35+09:00,KRW-ADA,301.0,64,복합 조건 미달,PENDING_90M,,2026-09-07T09:16:35+09:00,,,,,,,"1차 퀀트 관망 대기: 하드게이트 통과, 알파스코어 64점, MA5 <= MA20, RSI 42.9, %B 0.46, 저점거리 1.01%, 최근고점대비 0.66%, 반등확인 통과, 이격 안정, 1H 301.0 >= EMA20 298.9 (기준 0.998)"
bithumb,2026-09-07T07:46:35+09:00,KRW-PENGU,11.93,65,복합 조건 미달,PENDING_90M,,2026-09-07T09:16:35+09:00,,,,,,,"1차 퀀트 관망 대기: 하드게이트 통과, 알파스코어 65점, MA5 <= MA20, RSI 42.4, %B 0.50, 저점거리 1.10%, 최근고점대비 0.59%, 반등확인 통과, 이격 안정, 1H 11.9 >= EMA20 11.9 (기준 0.998)"
bithumb,2026-09-07T07:51:31+09:00,KRW-WLD,567.0,59,반등 미확인,PENDING_90M,,2026-09-07T09:21:31+09:00,,,,,,,"1차 퀀트 관망 대기: 하드게이트 통과, 알파스코어 59점, MA5 <= MA20, RSI 47.1, %B 0.45, 저점거리 0.89%, 최근고점대비 1.94%, 반등확인 차단, 이격 안정, 1H 577.0 >= EMA20 558.7 (기준 0.998)"
bithumb,2026-09-07T07:51:31+09:00,KRW-LINK,17710.0,74,거래량 부족,PENDING_90M,,2026-09-07T09:21:31+09:00,,,,,,,"1차 퀀트 관망 대기: 하드게이트 통과, 알파스코어 74점, MA5 > MA20, RSI 56.0, %B 0.68, 저점거리 1.78%, 최근고점대비 0.00%, 반등확인 통과, 이격 안정, 1H 17530.0 >= EMA20 16868.2 (기준 0.998), 모멘텀 돌파 직전 4봉 고점 돌파=통과, 거래량배수=0.07, 양봉=통과, RSI=통과, 1H MTF=통과"
bithumb,2026-09-07T07:51:31+09:00,KRW-VIRTUAL,982.0,67,거래량 부족,PENDING_90M,,2026-09-07T09:21:31+09:00,,,,,,,"1차 퀀트 관망 대기: 하드게이트 통과, 알파스코어 67점, MA5 > MA20, RSI 56.9, %B 0.58, 저점거리 0.61%, 최근고점대비 0.61%, 반등확인 차단, 이격 안정, 1H 988.0 >= EMA20 950.3 (기준 0.998), 모멘텀 돌파 직전 4봉 고점 돌파=차단, 거래량배수=0.31, 양봉=차단, RSI=통과, 1H MTF=통과"
bithumb,2026-09-07T07:51:31+09:00,KRW-ONDO,520.0,67,반등 미확인,PENDING_90M,,2026-09-07T09:21:31+09:00,,,,,,,"1차 퀀트 관망 대기: 하드게이트 통과, 알파스코어 67점, MA5 <= MA20, RSI 43.8, %B 0.52, 저점거리 1.17%, 최근고점대비 0.19%, 반등확인 차단, 이격 안정, 1H 520.0 >= EMA20 513.5 (기준 0.998)"
bithumb,2026-09-07T07:51:32+09:00,KRW-XAN,27.02,67,돌파 미확인,PENDING_90M,,2026-09-07T09:21:32+09:00,,,,,,,"1차 퀀트 관망 대기: 하드게이트 통과, 알파스코어 67점, MA5 > MA20, RSI 55.6, %B 0.47, 저점거리 1.24%, 최근고점대비 7.33%, 반등확인 차단, 이격 안정, 1H 27.0 >= EMA20 24.0 (기준 0.998), 모멘텀 돌파 직전 4봉 고점 돌파=차단, 거래량배수=1.55, 양봉=차단, RSI=통과, 1H MTF=통과"
bithumb,2026-09-07T07:51:32+09:00,KRW-SUI,1097.0,47,반등 미확인,PENDING_90M,,2026-09-07T09:21:32+09:00,,,,,,,"1차 퀀트 관망 대기: 하드게이트 차단, 알파스코어 47점, MA5 <= MA20, RSI 40.5, %B 0.34, 저점거리 0.83%, 최근고점대비 1.09%, 반등확인 차단, 이격 안정, 1H 1107.0 >= EMA20 1089.2 (기준 0.998)"
bithumb,2026-09-07T07:51:35+09:00,KRW-PENGU,11.93,65,복합 조건 미달,PENDING_90M,,2026-09-07T09:21:35+09:00,,,,,,,"1차 퀀트 관망 대기: 하드게이트 통과, 알파스코어 65점, MA5 <= MA20, RSI 42.4, %B 0.50, 저점거리 1.10%, 최근고점대비 0.59%, 반등확인 통과, 이격 안정, 1H 11.9 >= EMA20 11.9 (기준 0.998)"
bithumb,2026-09-07T07:56:34+09:00,KRW-LINK,17730.0,69,거래량 부족,PENDING_90M,,2026-09-07T09:26:34+09:00,,,,,,,"1차 퀀트 관망 대기: 하드게이트 통과, 알파스코어 69점, MA5 > MA20, RSI 58.7, %B 0.74, 저점거리 1.90%, 최근고점대비 0.23%, 반등확인 통과, 이격 안정, 1H 17530.0 >= EMA20 16868.2 (기준 0.998), 모멘텀 돌파 직전 4봉 고점 돌파=통과, 거래량배수=0.74, 양봉=통과, RSI=통과, 1H MTF=통과"
bithumb,2026-09-07T07:56:34+09:00,KRW-VIRTUAL,984.0,67,RSI 범위 이탈,PENDING_90M,,2026-09-07T09:26:34+09:00,,,,,,,"1차 퀀트 관망 대기: 하드게이트 통과, 알파스코어 67점, MA5 > MA20, RSI 50.0, %B 0.64, 저점거리 0.82%, 최근고점대비 0.41%, 반등확인 통과, 이격 안정, 1H 988.0 >= EMA20 950.3 (기준 0.998), 모멘텀 돌파 직전 4봉 고점 돌파=차단, 거래량배수=0.36, 양봉=통과, RSI=차단, 1H MTF=통과"
bithumb,2026-09-07T07:56:37+09:00,KRW-UNI,9760.0,74,거래량 부족,PENDING_90M,,2026-09-07T09:26:37+09:00,,,,,,,"1차 퀀트 관망 대기: 하드게이트 통과, 알파스코어 74점, MA5 > MA20, RSI 52.7, %B 0.72, 저점거리 0.62%, 최근고점대비 0.31%, 반등확인 차단, 이격 안정, 1H 9760.0 >= EMA20 9587.6 (기준 0.998), 모멘텀 돌파 직전 4봉 고점 돌파=차단, 거래량배수=0.75, 양봉=차단, RSI=통과, 1H MTF=통과"
bithumb,2026-09-07T07:56:37+09:00,KRW-SUI,1097.0,34,하드 게이트,PENDING_90M,,2026-09-07T09:26:37+09:00,,,,,,,"1차 퀀트 관망 대기: 하드게이트 차단, 알파스코어 34점, MA5 <= MA20, RSI 33.3, %B 0.35, 저점거리 0.83%, 최근고점대비 1.09%, 반등확인 통과, 이격 안정, 1H 1107.0 >= EMA20 1089.2 (기준 0.998)"
bithumb,2026-09-07T07:56:37+09:00,KRW-ADA,302.0,79,복합 조건 미달,PENDING_90M,,2026-09-07T09:26:37+09:00,,,,,,,"1차 퀀트 관망 대기: 하드게이트 통과, 알파스코어 79점, MA5 > MA20, RSI 50.0, %B 0.68, 저점거리 1.34%, 최근고점대비 0.00%, 반등확인 통과, 이격 안정, 1H 301.0 >= EMA20 298.9 (기준 0.998)"
bithumb,2026-09-07T07:56:38+09:00,KRW-PENGU,11.93,80,복합 조건 미달,PENDING_90M,,2026-09-07T09:26:38+09:00,,,,,,,"1차 퀀트 관망 대기: 하드게이트 통과, 알파스코어 80점, MA5 <= MA20, RSI 42.4, %B 0.51, 저점거리 1.10%, 최근고점대비 0.42%, 반등확인 통과, 이격 안정, 1H 11.9 >= EMA20 11.9 (기준 0.998)"
bithumb,2026-09-07T08:01:31+09:00,KRW-LINK,17760.0,59,거래량 부족,PENDING_90M,,2026-09-07T09:31:31+09:00,,,,,,,"1차 퀀트 관망 대기: 하드게이트 차단, 알파스코어 59점, MA5 > MA20, RSI 55.1, %B 0.89, 저점거리 2.07%, 최근고점대비 0.23%, 반등확인 통과, 이격 안정, 1H 17760.0 >= EMA20 16952.4 (기준 0.998), 모멘텀 돌파 직전 4봉 고점 돌파=차단, 거래량배수=0.72, 양봉=통과, RSI=통과, 1H MTF=통과"
bithumb,2026-09-07T08:01:31+09:00,KRW-VIRTUAL,978.0,52,RSI 범위 이탈,PENDING_90M,,2026-09-07T09:31:31+09:00,,,,,,,"1차 퀀트 관망 대기: 하드게이트 통과, 알파스코어 52점, MA5 > MA20, RSI 42.9, %B 0.37, 저점거리 0.20%, 최근고점대비 1.02%, 반등확인 차단, 이격 안정, 1H 978.0 >= EMA20 953.0 (기준 0.998), 모멘텀 돌파 직전 4봉 고점 돌파=차단, 거래량배수=0.97, 양봉=차단, RSI=차단, 1H MTF=통과"
bithumb,2026-09-07T08:01:34+09:00,KRW-UNI,9755.0,74,RSI 범위 이탈,PENDING_90M,,2026-09-07T09:31:34+09:00,,,,,,,"1차 퀀트 관망 대기: 하드게이트 통과, 알파스코어 74점, MA5 > MA20, RSI 49.1, %B 0.65, 저점거리 0.57%, 최근고점대비 0.36%, 반등확인 차단, 이격 안정, 1H 9755.0 >= EMA20 9602.5 (기준 0.998), 모멘텀 돌파 직전 4봉 고점 돌파=차단, 거래량배수=0.11, 양봉=차단, RSI=차단, 1H MTF=통과"
bithumb,2026-09-07T08:01:34+09:00,KRW-NEAR,3327.0,59,복합 조건 미달,PENDING_90M,,2026-09-07T09:31:34+09:00,,,,,,,"1차 퀀트 관망 대기: 하드게이트 통과, 알파스코어 59점, MA5 <= MA20, RSI 47.4, %B 0.45, 저점거리 0.91%, 최근고점대비 2.22%, 반등확인 통과, 이격 안정, 1H 3327.0 >= EMA20 3237.3 (기준 0.998)"
bithumb,2026-09-07T08:01:34+09:00,KRW-SUI,1098.0,34,하드 게이트,PENDING_90M,,2026-09-07T09:31:34+09:00,,,,,,,"1차 퀀트 관망 대기: 하드게이트 차단, 알파스코어 34점, MA5 <= MA20, RSI 35.3, %B 0.41, 저점거리 0.92%, 최근고점대비 0.73%, 반등확인 통과, 이격 안정, 1H 1098.0 >= EMA20 1090.1 (기준 0.998)"
bithumb,2026-09-07T08:01:35+09:00,KRW-ADA,301.0,79,반등 미확인,PENDING_90M,,2026-09-07T09:31:35+09:00,,,,,,,"1차 퀀트 관망 대기: 하드게이트 통과, 알파스코어 79점, MA5 > MA20, RSI 44.4, %B 0.48, 저점거리 1.01%, 최근고점대비 0.33%, 반등확인 차단, 이격 안정, 1H 301.0 >= EMA20 299.1 (기준 0.998)"
bithumb,2026-09-07T08:01:35+09:00,KRW-PENGU,11.92,69,반등 미확인,PENDING_90M,,2026-09-07T09:31:35+09:00,,,,,,,"1차 퀀트 관망 대기: 하드게이트 차단, 알파스코어 69점, MA5 > MA20, RSI 38.7, %B 0.48, 저점거리 1.02%, 최근고점대비 0.25%, 반등확인 차단, 이격 안정, 1H 11.9 >= EMA20 11.9 (기준 0.998)"
bithumb,2026-09-07T08:06:36+09:00,KRW-LINK,17810.0,44,거래량 부족,PENDING_90M,,2026-09-07T09:36:36+09:00,,,,,,,"1차 퀀트 관망 대기: 하드게이트 차단, 알파스코어 44점, MA5 > MA20, RSI 66.2, %B 1.00, 저점거리 2.36%, 최근고점대비 0.28%, 반등확인 통과, 이격 안정, 1H 17760.0 >= EMA20 16952.4 (기준 0.998), 모멘텀 돌파 직전 4봉 고점 돌파=통과, 거래량배수=0.48, 양봉=통과, RSI=통과, 1H MTF=통과"
bithumb,2026-09-07T08:06:36+09:00,KRW-VIRTUAL,981.0,73,RSI 범위 이탈,PENDING_90M,,2026-09-07T09:36:36+09:00,,,,,,,"1차 퀀트 관망 대기: 하드게이트 통과, 알파스코어 73점, MA5 > MA20, RSI 44.0, %B 0.47, 저점거리 0.51%, 최근고점대비 0.71%, 반등확인 통과, 이격 안정, 1H 978.0 >= EMA20 953.0 (기준 0.998), 모멘텀 돌파 직전 4봉 고점 돌파=차단, 거래량배수=2.45, 양봉=통과, RSI=차단, 1H MTF=통과"
bithumb,2026-09-07T08:06:36+09:00,KRW-WLD,570.0,74,하드 게이트,PENDING_90M,,2026-09-07T09:36:36+09:00,,,,,,,"1차 퀀트 관망 대기: 하드게이트 차단, 알파스코어 74점, MA5 > MA20, RSI 40.0, %B 0.61, 저점거리 1.42%, 최근고점대비 0.53%, 반등확인 통과, 이격 안정, 1H 568.0 >= EMA20 559.7 (기준 0.998)"
bithumb,2026-09-07T08:06:37+09:00,KRW-ONDO,524.0,65,하드 게이트,PENDING_90M,,2026-09-07T09:36:37+09:00,,,,,,,"1차 퀀트 관망 대기: 하드게이트 차단, 알파스코어 65점, MA5 > MA20, RSI 57.9, %B 0.86, 저점거리 1.95%, 최근고점대비 0.00%, 반등확인 통과, 이격 안정, 1H 522.0 >= EMA20 514.4 (기준 0.998), 모멘텀 돌파 직전 4봉 고점 돌파=통과, 거래량배수=2.74, 양봉=통과, RSI=통과, 1H MTF=통과"
bithumb,2026-09-07T08:06:39+09:00,KRW-UNI,9780.0,52,하드 게이트,PENDING_90M,,2026-09-07T09:36:39+09:00,,,,,,,"1차 퀀트 관망 대기: 하드게이트 차단, 알파스코어 52점, MA5 > MA20, RSI 55.4, %B 0.85, 저점거리 0.82%, 최근고점대비 0.20%, 반등확인 통과, 이격 안정, 1H 9755.0 >= EMA20 9602.5 (기준 0.998)"
bithumb,2026-09-07T08:06:43+09:00,KRW-ADA,303.0,70,하드 게이트,PENDING_90M,,2026-09-07T09:36:43+09:00,,,,,,,"1차 퀀트 관망 대기: 하드게이트 차단, 알파스코어 70점, MA5 > MA20, RSI 54.5, %B 0.87, 저점거리 1.68%, 최근고점대비 0.00%, 반등확인 통과, 이격 안정, 1H 301.0 >= EMA20 299.1 (기준 0.998)"
bithumb,2026-09-07T08:06:43+09:00,KRW-PENGU,11.92,69,반등 미확인,PENDING_90M,,2026-09-07T09:36:43+09:00,,,,,,,"1차 퀀트 관망 대기: 하드게이트 차단, 알파스코어 69점, MA5 > MA20, RSI 38.7, %B 0.48, 저점거리 1.02%, 최근고점대비 0.25%, 반등확인 차단, 이격 안정, 1H 11.9 >= EMA20 11.9 (기준 0.998)"
bithumb,2026-09-07T08:11:33+09:00,KRW-LINK,17930.0,44,RSI 범위 이탈,PENDING_90M,,2026-09-07T09:41:33+09:00,,,,,,,"1차 퀀트 관망 대기: 하드게이트 차단, 알파스코어 44점, MA5 > MA20, RSI 78.6, %B 1.12, 저점거리 3.05%, 최근고점대비 0.00%, 반등확인 통과, 이격 안정, 1H 17760.0 >= EMA20 16952.4 (기준 0.998), 모멘텀 돌파 직전 4봉 고점 돌파=통과, 거래량배수=0.60, 양봉=통과, RSI=차단, 1H MTF=통과"
bithumb,2026-09-07T08:11:33+09:00,KRW-VIRTUAL,982.0,67,RSI 범위 이탈,PENDING_90M,,2026-09-07T09:41:33+09:00,,,,,,,"1차 퀀트 관망 대기: 하드게이트 통과, 알파스코어 67점, MA5 <= MA20, RSI 44.0, %B 0.48, 저점거리 0.61%, 최근고점대비 0.61%, 반등확인 통과, 이격 안정, 1H 978.0 >= EMA20 953.0 (기준 0.998), 모멘텀 돌파 직전 4봉 고점 돌파=차단, 거래량배수=0.69, 양봉=통과, RSI=차단, 1H MTF=통과"
bithumb,2026-09-07T08:11:33+09:00,KRW-WLD,571.0,74,하드 게이트,PENDING_90M,,2026-09-07T09:41:33+09:00,,,,,,,"1차 퀀트 관망 대기: 하드게이트 차단, 알파스코어 74점, MA5 > MA20, RSI 40.0, %B 0.66, 저점거리 1.60%, 최근고점대비 0.18%, 반등확인 통과, 이격 안정, 1H 568.0 >= EMA20 559.7 (기준 0.998)"
bithumb,2026-09-07T08:11:33+09:00,KRW-ONDO,527.0,43,하드 게이트,PENDING_90M,,2026-09-07T09:41:33+09:00,,,,,,,"1차 퀀트 관망 대기: 하드게이트 차단, 알파스코어 43점, MA5 > MA20, RSI 66.7, %B 1.04, 저점거리 2.53%, 최근고점대비 0.19%, 반등확인 통과, 이격 안정, 1H 522.0 >= EMA20 514.4 (기준 0.998), 모멘텀 돌파 직전 4봉 고점 돌파=통과, 거래량배수=4.02, 양봉=통과, RSI=통과, 1H MTF=통과"
bithumb,2026-09-07T08:11:33+09:00,KRW-NEAR,3362.0,62,하드 게이트,PENDING_90M,,2026-09-07T09:41:33+09:00,,,,,,,"1차 퀀트 관망 대기: 하드게이트 차단, 알파스코어 62점, MA5 <= MA20, RSI 42.5, %B 0.81, 저점거리 1.97%, 최근고점대비 0.51%, 반등확인 통과, 이격 안정, 1H 3327.0 >= EMA20 3237.3 (기준 0.998)"
bithumb,2026-09-07T08:11:33+09:00,KRW-UNI,9725.0,77,반등 미확인,PENDING_90M,,2026-09-07T09:41:33+09:00,,,,,,,"1차 퀀트 관망 대기: 하드게이트 통과, 알파스코어 77점, MA5 > MA20, RSI 44.6, %B 0.30, 저점거리 0.26%, 최근고점대비 0.77%, 반등확인 차단, 이격 안정, 1H 9755.0 >= EMA20 9602.5 (기준 0.998)"
bithumb,2026-09-07T08:11:34+09:00,KRW-SUI,1100.0,64,반등 미확인,PENDING_90M,,2026-09-07T09:41:34+09:00,,,,,,,"1차 퀀트 관망 대기: 하드게이트 차단, 알파스코어 64점, MA5 <= MA20, RSI 41.5, %B 0.52, 저점거리 1.10%, 최근고점대비 0.36%, 반등확인 차단, 이격 안정, 1H 1098.0 >= EMA20 1090.1 (기준 0.998)"
bithumb,2026-09-07T08:11:34+09:00,KRW-ADA,302.0,79,하드 게이트,PENDING_90M,,2026-09-07T09:41:34+09:00,,,,,,,"1차 퀀트 관망 대기: 하드게이트 차단, 알파스코어 79점, MA5 > MA20, RSI 54.5, %B 0.67, 저점거리 1.34%, 최근고점대비 0.33%, 반등확인 통과, 이격 안정, 1H 301.0 >= EMA20 299.1 (기준 0.998)"
bithumb,2026-09-07T08:11:34+09:00,KRW-PENGU,11.92,74,반등 미확인,PENDING_90M,,2026-09-07T09:41:34+09:00,,,,,,,"1차 퀀트 관망 대기: 하드게이트 통과, 알파스코어 74점, MA5 > MA20, RSI 47.1, %B 0.49, 저점거리 1.02%, 최근고점대비 0.34%, 반등확인 차단, 이격 안정, 1H 11.9 >= EMA20 11.9 (기준 0.998)"
bithumb,2026-09-07T08:16:32+09:00,KRW-LINK,17880.0,47,RSI 범위 이탈,PENDING_90M,,2026-09-07T09:46:32+09:00,,,,,,,"1차 퀀트 관망 대기: 하드게이트 차단, 알파스코어 47점, MA5 > MA20, RSI 76.4, %B 0.95, 저점거리 2.76%, 최근고점대비 0.28%, 반등확인 차단, 이격 안정, 1H 17760.0 >= EMA20 16952.4 (기준 0.998), 모멘텀 돌파 직전 4봉 고점 돌파=차단, 거래량배수=1.58, 양봉=차단, RSI=차단, 1H MTF=통과"
bithumb,2026-09-07T08:16:38+09:00,KRW-ONDO,525.0,37,거래량 부족,PENDING_90M,,2026-09-07T09:46:38+09:00,,,,,,,"1차 퀀트 관망 대기: 하드게이트 차단, 알파스코어 37점, MA5 > MA20, RSI 66.7, %B 0.87, 저점거리 2.14%, 최근고점대비 0.57%, 반등확인 차단, 이격 안정, 1H 522.0 >= EMA20 514.4 (기준 0.998), 모멘텀 돌파 직전 4봉 고점 돌파=차단, 거래량배수=0.36, 양봉=차단, RSI=통과, 1H MTF=통과"
bithumb,2026-09-07T08:16:39+09:00,KRW-NEAR,3344.0,74,반등 미확인,PENDING_90M,,2026-09-07T09:46:39+09:00,,,,,,,"1차 퀀트 관망 대기: 하드게이트 통과, 알파스코어 74점, MA5 > MA20, RSI 43.8, %B 0.59, 저점거리 1.43%, 최근고점대비 1.05%, 반등확인 차단, 이격 안정, 1H 3327.0 >= EMA20 3237.3 (기준 0.998)"
bithumb,2026-09-07T08:16:39+09:00,KRW-PENGU,11.92,74,반등 미확인,PENDING_90M,,2026-09-07T09:46:39+09:00,,,,,,,"1차 퀀트 관망 대기: 하드게이트 통과, 알파스코어 74점, MA5 > MA20, RSI 50.0, %B 0.51, 저점거리 1.02%, 최근고점대비 0.34%, 반등확인 차단, 이격 안정, 1H 11.9 >= EMA20 11.9 (기준 0.998)"
bithumb,2026-09-07T08:21:31+09:00,KRW-LINK,17950.0,47,RSI 범위 이탈,PENDING_90M,,2026-09-07T09:51:31+09:00,,,,,,,"1차 퀀트 관망 대기: 하드게이트 차단, 알파스코어 47점, MA5 > MA20, RSI 80.5, %B 0.99, 저점거리 3.16%, 최근고점대비 0.22%, 반등확인 통과, 이격 안정, 1H 17760.0 >= EMA20 16952.4 (기준 0.998), 모멘텀 돌파 직전 4봉 고점 돌파=통과, 거래량배수=1.59, 양봉=통과, RSI=차단, 1H MTF=통과"
bithumb,2026-09-07T08:21:31+09:00,KRW-VIRTUAL,984.0,67,거래량 부족,PENDING_90M,,2026-09-07T09:51:31+09:00,,,,,,,"1차 퀀트 관망 대기: 하드게이트 통과, 알파스코어 67점, MA5 <= MA20, RSI 55.6, %B 0.57, 저점거리 0.72%, 최근고점대비 0.41%, 반등확인 통과, 이격 안정, 1H 978.0 >= EMA20 953.0 (기준 0.998), 모멘텀 돌파 직전 4봉 고점 돌파=차단, 거래량배수=0.31, 양봉=통과, RSI=통과, 1H MTF=통과"
bithumb,2026-09-07T08:21:32+09:00,KRW-WLD,571.0,59,하드 게이트,PENDING_90M,,2026-09-07T09:51:32+09:00,,,,,,,"1차 퀀트 관망 대기: 하드게이트 차단, 알파스코어 59점, MA5 > MA20, RSI 66.7, %B 0.64, 저점거리 1.60%, 최근고점대비 0.18%, 반등확인 통과, 이격 안정, 1H 568.0 >= EMA20 559.7 (기준 0.998)"
bithumb,2026-09-07T08:21:32+09:00,KRW-ONDO,524.0,54,RSI 범위 이탈,PENDING_90M,,2026-09-07T09:51:32+09:00,,,,,,,"1차 퀀트 관망 대기: 하드게이트 차단, 알파스코어 54점, MA5 > MA20, RSI 73.7, %B 0.78, 저점거리 1.95%, 최근고점대비 0.76%, 반등확인 통과, 이격 안정, 1H 522.0 >= EMA20 514.4 (기준 0.998), 모멘텀 돌파 직전 4봉 고점 돌파=차단, 거래량배수=0.38, 양봉=통과, RSI=차단, 1H MTF=통과"
bithumb,2026-09-07T08:21:32+09:00,KRW-NEAR,3343.0,74,하드 게이트,PENDING_90M,,2026-09-07T09:51:32+09:00,,,,,,,"1차 퀀트 관망 대기: 하드게이트 차단, 알파스코어 74점, MA5 > MA20, RSI 54.2, %B 0.57, 저점거리 1.40%, 최근고점대비 1.08%, 반등확인 통과, 이격 안정, 1H 3327.0 >= EMA20 3237.3 (기준 0.998)"
bithumb,2026-09-07T08:21:32+09:00,KRW-UNI,9775.0,52,하드 게이트,PENDING_90M,,2026-09-07T09:51:32+09:00,,,,,,,"1차 퀀트 관망 대기: 하드게이트 차단, 알파스코어 52점, MA5 > MA20, RSI 60.9, %B 0.80, 저점거리 0.51%, 최근고점대비 0.26%, 반등확인 통과, 이격 안정, 1H 9755.0 >= EMA20 9602.5 (기준 0.998)"
bithumb,2026-09-07T08:26:44+09:00,KRW-WLD,572.0,59,하드 게이트,PENDING_90M,,2026-09-07T09:56:44+09:00,,,,,,,"1차 퀀트 관망 대기: 하드게이트 차단, 알파스코어 59점, MA5 > MA20, RSI 66.7, %B 0.70, 저점거리 1.42%, 최근고점대비 0.00%, 반등확인 통과, 이격 안정, 1H 568.0 >= EMA20 559.7 (기준 0.998)"
bithumb,2026-09-07T08:26:44+09:00,KRW-LINK,17930.0,47,RSI 범위 이탈,PENDING_90M,,2026-09-07T09:56:44+09:00,,,,,,,"1차 퀀트 관망 대기: 하드게이트 차단, 알파스코어 47점, MA5 > MA20, RSI 77.6, %B 0.90, 저점거리 2.57%, 최근고점대비 0.33%, 반등확인 차단, 이격 안정, 1H 17760.0 >= EMA20 16952.4 (기준 0.998), 모멘텀 돌파 직전 4봉 고점 돌파=차단, 거래량배수=1.39, 양봉=차단, RSI=차단, 1H MTF=통과"
bithumb,2026-09-07T08:26:44+09:00,KRW-VIRTUAL,983.0,67,RSI 범위 이탈,PENDING_90M,,2026-09-07T09:56:44+09:00,,,,,,,"1차 퀀트 관망 대기: 하드게이트 통과, 알파스코어 67점, MA5 <= MA20, RSI 47.5, %B 0.48, 저점거리 0.61%, 최근고점대비 0.51%, 반등확인 통과, 이격 안정, 1H 978.0 >= EMA20 953.0 (기준 0.998), 모멘텀 돌파 직전 4봉 고점 돌파=차단, 거래량배수=0.32, 양봉=통과, RSI=차단, 1H MTF=통과"
bithumb,2026-09-07T08:26:47+09:00,KRW-ADA,303.0,50,하드 게이트,PENDING_90M,,2026-09-07T09:56:47+09:00,,,,,,,"1차 퀀트 관망 대기: 하드게이트 차단, 알파스코어 50점, MA5 > MA20, RSI 70.0, %B 0.87, 저점거리 1.68%, 최근고점대비 0.00%, 반등확인 통과, 이격 안정, 1H 301.0 >= EMA20 299.1 (기준 0.998)"
bithumb,2026-09-07T08:26:47+09:00,KRW-PENGU,11.94,69,복합 조건 미달,PENDING_90M,,2026-09-07T09:56:47+09:00,,,,,,,"1차 퀀트 관망 대기: 하드게이트 통과, 알파스코어 69점, MA5 > MA20, RSI 63.0, %B 0.67, 저점거리 0.84%, 최근고점대비 0.17%, 반등확인 통과, 이격 안정, 1H 11.9 >= EMA20 11.9 (기준 0.998)"
bithumb,2026-09-07T08:26:47+09:00,KRW-JUP,365.0,44,하드 게이트,PENDING_90M,,2026-09-07T09:56:47+09:00,,,,,,,"1차 퀀트 관망 대기: 하드게이트 차단, 알파스코어 44점, MA5 > MA20, RSI 70.0, %B 1.02, 저점거리 2.82%, 최근고점대비 0.27%, 반등확인 통과, 이격 안정, 1H 359.0 >= EMA20 346.8 (기준 0.998)"
bithumb,2026-09-07T08:31:31+09:00,KRW-WLD,572.0,59,하드 게이트,PENDING_90M,,2026-09-07T10:01:31+09:00,,,,,,,"1차 퀀트 관망 대기: 하드게이트 차단, 알파스코어 59점, MA5 > MA20, RSI 80.0, %B 0.69, 저점거리 1.42%, 최근고점대비 0.00%, 반등확인 통과, 이격 안정, 1H 568.0 >= EMA20 559.7 (기준 0.998)"
bithumb,2026-09-07T08:31:31+09:00,KRW-LINK,17940.0,55,RSI 범위 이탈,PENDING_90M,,2026-09-07T10:01:31+09:00,,,,,,,"1차 퀀트 관망 대기: 하드게이트 차단, 알파스코어 55점, MA5 > MA20, RSI 89.5, %B 0.87, 저점거리 2.34%, 최근고점대비 0.33%, 반등확인 통과, 이격 안정, 1H 17760.0 >= EMA20 16952.4 (기준 0.998), 모멘텀 돌파 직전 4봉 고점 돌파=차단, 거래량배수=2.36, 양봉=통과, RSI=차단, 1H MTF=통과"
bithumb,2026-09-07T08:31:31+09:00,KRW-VIRTUAL,981.0,67,거래량 부족,PENDING_90M,,2026-09-07T10:01:31+09:00,,,,,,,"1차 퀀트 관망 대기: 하드게이트 통과, 알파스코어 67점, MA5 <= MA20, RSI 54.3, %B 0.32, 저점거리 0.41%, 최근고점대비 0.71%, 반등확인 차단, 이격 안정, 1H 978.0 >= EMA20 953.0 (기준 0.998), 모멘텀 돌파 직전 4봉 고점 돌파=차단, 거래량배수=0.71, 양봉=차단, RSI=통과, 1H MTF=통과"
bithumb,2026-09-07T08:31:32+09:00,KRW-SUI,1101.0,70,하드 게이트,PENDING_90M,,2026-09-07T10:01:32+09:00,,,,,,,"1차 퀀트 관망 대기: 하드게이트 차단, 알파스코어 70점, MA5 > MA20, RSI 69.0, %B 0.64, 저점거리 0.73%, 최근고점대비 0.27%, 반등확인 통과, 이격 안정, 1H 1098.0 >= EMA20 1090.1 (기준 0.998)"
bithumb,2026-09-07T08:31:32+09:00,KRW-UNI,9800.0,52,거래량 부족,PENDING_90M,,2026-09-07T10:01:32+09:00,,,,,,,"1차 퀀트 관망 대기: 하드게이트 차단, 알파스코어 52점, MA5 > MA20, RSI 59.7, %B 1.00, 저점거리 0.77%, 최근고점대비 0.15%, 반등확인 통과, 이격 안정, 1H 9755.0 >= EMA20 9602.5 (기준 0.998), 모멘텀 돌파 직전 4봉 고점 돌파=통과, 거래량배수=0.60, 양봉=통과, RSI=통과, 1H MTF=통과"
bithumb,2026-09-07T08:31:32+09:00,KRW-ONDO,525.0,47,하드 게이트,PENDING_90M,,2026-09-07T10:01:32+09:00,,,,,,,"1차 퀀트 관망 대기: 하드게이트 차단, 알파스코어 47점, MA5 > MA20, RSI 82.3, %B 0.81, 저점거리 1.55%, 최근고점대비 0.57%, 반등확인 통과, 이격 안정, 1H 522.0 >= EMA20 514.4 (기준 0.998)"
bithumb,2026-09-07T08:31:32+09:00,KRW-PENGU,11.94,59,하드 게이트,PENDING_90M,,2026-09-07T10:01:32+09:00,,,,,,,"1차 퀀트 관망 대기: 하드게이트 차단, 알파스코어 59점, MA5 > MA20, RSI 77.3, %B 0.70, 저점거리 0.42%, 최근고점대비 0.17%, 반등확인 통과, 이격 안정, 1H 11.9 >= EMA20 11.9 (기준 0.998)"
bithumb,2026-09-07T08:31:33+09:00,KRW-JUP,366.0,47,하드 게이트,PENDING_90M,,2026-09-07T10:01:33+09:00,,,,,,,"1차 퀀트 관망 대기: 하드게이트 차단, 알파스코어 47점, MA5 > MA20, RSI 75.0, %B 1.02, 저점거리 2.23%, 최근고점대비 0.00%, 반등확인 통과, 이격 안정, 1H 359.0 >= EMA20 346.8 (기준 0.998)"
bithumb,2026-09-07T08:36:31+09:00,KRW-WLD,572.0,59,하드 게이트,PENDING_90M,,2026-09-07T10:06:31+09:00,,,,,,,"1차 퀀트 관망 대기: 하드게이트 차단, 알파스코어 59점, MA5 > MA20, RSI 76.9, %B 0.72, 저점거리 1.06%, 최근고점대비 0.00%, 반등확인 통과, 이격 안정, 1H 568.0 >= EMA20 559.7 (기준 0.998)"
bithumb,2026-09-07T08:36:31+09:00,KRW-LINK,18030.0,47,RSI 범위 이탈,PENDING_90M,,2026-09-07T10:06:31+09:00,,,,,,,"1차 퀀트 관망 대기: 하드게이트 차단, 알파스코어 47점, MA5 > MA20, RSI 89.5, %B 0.94, 저점거리 2.33%, 최근고점대비 0.17%, 반등확인 통과, 이격 안정, 1H 17760.0 >= EMA20 16952.4 (기준 0.998), 모멘텀 돌파 직전 4봉 고점 돌파=통과, 거래량배수=1.72, 양봉=통과, RSI=차단, 1H MTF=통과"
bithumb,2026-09-07T08:36:31+09:00,KRW-VIRTUAL,982.0,67,RSI 범위 이탈,PENDING_90M,,2026-09-07T10:06:31+09:00,,,,,,,"1차 퀀트 관망 대기: 하드게이트 통과, 알파스코어 67점, MA5 > MA20, RSI 50.0, %B 0.43, 저점거리 0.51%, 최근고점대비 0.61%, 반등확인 통과, 이격 안정, 1H 978.0 >= EMA20 953.0 (기준 0.998), 모멘텀 돌파 직전 4봉 고점 돌파=차단, 거래량배수=0.22, 양봉=통과, RSI=차단, 1H MTF=통과"
bithumb,2026-09-07T08:36:31+09:00,KRW-SUI,1099.0,59,반등 미확인,PENDING_90M,,2026-09-07T10:06:31+09:00,,,,,,,"1차 퀀트 관망 대기: 하드게이트 통과, 알파스코어 59점, MA5 > MA20, RSI 62.1, %B 0.55, 저점거리 0.37%, 최근고점대비 0.45%, 반등확인 차단, 이격 안정, 1H 1098.0 >= EMA20 1090.1 (기준 0.998)"
bithumb,2026-09-07T08:36:32+09:00,KRW-UNI,9820.0,52,거래량 부족,PENDING_90M,,2026-09-07T10:06:32+09:00,,,,,,,"1차 퀀트 관망 대기: 하드게이트 차단, 알파스코어 52점, MA5 > MA20, RSI 58.0, %B 1.08, 저점거리 0.98%, 최근고점대비 0.00%, 반등확인 통과, 이격 안정, 1H 9755.0 >= EMA20 9602.5 (기준 0.998), 모멘텀 돌파 직전 4봉 고점 돌파=통과, 거래량배수=1.09, 양봉=통과, RSI=통과, 1H MTF=통과"
bithumb,2026-09-07T08:36:32+09:00,KRW-ONDO,525.0,44,하드 게이트,PENDING_90M,,2026-09-07T10:06:32+09:00,,,,,,,"1차 퀀트 관망 대기: 하드게이트 차단, 알파스코어 44점, MA5 > MA20, RSI 81.2, %B 0.79, 저점거리 1.35%, 최근고점대비 0.57%, 반등확인 통과, 이격 안정, 1H 522.0 >= EMA20 514.4 (기준 0.998)"
bithumb,2026-09-07T08:36:32+09:00,KRW-ADA,303.0,44,하드 게이트,PENDING_90M,,2026-09-07T10:06:32+09:00,,,,,,,"1차 퀀트 관망 대기: 하드게이트 차단, 알파스코어 44점, MA5 > MA20, RSI 66.7, %B 0.83, 저점거리 0.66%, 최근고점대비 0.00%, 반등확인 통과, 이격 안정, 1H 301.0 >= EMA20 299.1 (기준 0.998)"
bithumb,2026-09-07T08:36:32+09:00,KRW-PENGU,11.94,59,하드 게이트,PENDING_90M,,2026-09-07T10:06:32+09:00,,,,,,,"1차 퀀트 관망 대기: 하드게이트 차단, 알파스코어 59점, MA5 > MA20, RSI 76.2, %B 0.71, 저점거리 0.34%, 최근고점대비 0.17%, 반등확인 통과, 이격 안정, 1H 11.9 >= EMA20 11.9 (기준 0.998)"
bithumb,2026-09-07T08:41:37+09:00,KRW-LINK,18000.0,52,RSI 범위 이탈,PENDING_90M,,2026-09-07T10:11:37+09:00,,,,,,,"1차 퀀트 관망 대기: 하드게이트 차단, 알파스코어 52점, MA5 > MA20, RSI 85.7, %B 0.85, 저점거리 2.10%, 최근고점대비 0.39%, 반등확인 차단, 이격 안정, 1H 17760.0 >= EMA20 16952.4 (기준 0.998), 모멘텀 돌파 직전 4봉 고점 돌파=차단, 거래량배수=3.80, 양봉=차단, RSI=차단, 1H MTF=통과"
bithumb,2026-09-07T08:41:37+09:00,KRW-VIRTUAL,988.0,58,하드 게이트,PENDING_90M,,2026-09-07T10:11:37+09:00,,,,,,,"1차 퀀트 관망 대기: 하드게이트 차단, 알파스코어 58점, MA5 > MA20, RSI 55.6, %B 1.00, 저점거리 1.13%, 최근고점대비 0.10%, 반등확인 통과, 이격 안정, 1H 978.0 >= EMA20 953.0 (기준 0.998), 모멘텀 돌파 직전 4봉 고점 돌파=통과, 거래량배수=2.06, 양봉=통과, RSI=통과, 1H MTF=통과"
bithumb,2026-09-07T08:41:38+09:00,KRW-ONDO,527.0,47,RSI 범위 이탈,PENDING_90M,,2026-09-07T10:11:38+09:00,,,,,,,"1차 퀀트 관망 대기: 하드게이트 차단, 알파스코어 47점, MA5 > MA20, RSI 82.3, %B 0.87, 저점거리 1.54%, 최근고점대비 0.19%, 반등확인 통과, 이격 안정, 1H 522.0 >= EMA20 514.4 (기준 0.998), 모멘텀 돌파 직전 4봉 고점 돌파=통과, 거래량배수=1.73, 양봉=통과, RSI=차단, 1H MTF=통과"
bithumb,2026-09-07T08:41:38+09:00,KRW-WLD,574.0,44,하드 게이트,PENDING_90M,,2026-09-07T10:11:38+09:00,,,,,,,"1차 퀀트 관망 대기: 하드게이트 차단, 알파스코어 44점, MA5 > MA20, RSI 85.7, %B 0.92, 저점거리 1.41%, 최근고점대비 0.00%, 반등확인 통과, 이격 안정, 1H 568.0 >= EMA20 559.7 (기준 0.998)"
bithumb,2026-09-07T08:41:38+09:00,KRW-SUI,1104.0,54,하드 게이트,PENDING_90M,,2026-09-07T10:11:38+09:00,,,,,,,"1차 퀀트 관망 대기: 하드게이트 차단, 알파스코어 54점, MA5 > MA20, RSI 65.6, %B 0.90, 저점거리 0.82%, 최근고점대비 0.00%, 반등확인 통과, 이격 안정, 1H 1098.0 >= EMA20 1090.1 (기준 0.998)"
bithumb,2026-09-07T08:41:38+09:00,KRW-ADA,304.0,60,하드 게이트,PENDING_90M,,2026-09-07T10:11:38+09:00,,,,,,,"1차 퀀트 관망 대기: 하드게이트 차단, 알파스코어 60점, MA5 > MA20, RSI 63.6, %B 0.94, 저점거리 1.00%, 최근고점대비 0.33%, 반등확인 통과, 이격 안정, 1H 301.0 >= EMA20 299.1 (기준 0.998)"
bithumb,2026-09-07T08:41:39+09:00,KRW-PENGU,11.98,44,하드 게이트,PENDING_90M,,2026-09-07T10:11:39+09:00,,,,,,,"1차 퀀트 관망 대기: 하드게이트 차단, 알파스코어 44점, MA5 > MA20, RSI 76.2, %B 0.93, 저점거리 0.67%, 최근고점대비 0.00%, 반등확인 통과, 이격 안정, 1H 11.9 >= EMA20 11.9 (기준 0.998)"
bithumb,2026-09-07T08:46:32+09:00,KRW-LINK,18010.0,52,RSI 범위 이탈,PENDING_90M,,2026-09-07T10:16:32+09:00,,,,,,,"1차 퀀트 관망 대기: 하드게이트 차단, 알파스코어 52점, MA5 > MA20, RSI 82.5, %B 0.83, 저점거리 1.98%, 최근고점대비 0.33%, 반등확인 통과, 이격 안정, 1H 17760.0 >= EMA20 16952.4 (기준 0.998), 모멘텀 돌파 직전 4봉 고점 돌파=차단, 거래량배수=1.31, 양봉=통과, RSI=차단, 1H MTF=통과"
bithumb,2026-09-07T08:46:32+09:00,KRW-VIRTUAL,994.0,58,하드 게이트,PENDING_90M,,2026-09-07T10:16:32+09:00,,,,,,,"1차 퀀트 관망 대기: 하드게이트 차단, 알파스코어 58점, MA5 > MA20, RSI 60.0, %B 1.25, 저점거리 1.74%, 최근고점대비 0.00%, 반등확인 통과, 이격 안정, 1H 978.0 >= EMA20 953.0 (기준 0.998), 모멘텀 돌파 직전 4봉 고점 돌파=통과, 거래량배수=2.28, 양봉=통과, RSI=통과, 1H MTF=통과"
bithumb,2026-09-07T08:46:33+09:00,KRW-ONDO,529.0,44,RSI 범위 이탈,PENDING_90M,,2026-09-07T10:16:33+09:00,,,,,,,"1차 퀀트 관망 대기: 하드게이트 차단, 알파스코어 44점, MA5 > MA20, RSI 82.3, %B 0.93, 저점거리 1.93%, 최근고점대비 0.00%, 반등확인 통과, 이격 안정, 1H 522.0 >= EMA20 514.4 (기준 0.998), 모멘텀 돌파 직전 4봉 고점 돌파=통과, 거래량배수=0.61, 양봉=통과, RSI=차단, 1H MTF=통과"
bithumb,2026-09-07T08:46:33+09:00,KRW-WLD,573.0,44,하드 게이트,PENDING_90M,,2026-09-07T10:16:33+09:00,,,,,,,"1차 퀀트 관망 대기: 하드게이트 차단, 알파스코어 44점, MA5 > MA20, RSI 76.9, %B 0.84, 저점거리 1.24%, 최근고점대비 0.17%, 반등확인 통과, 이격 안정, 1H 568.0 >= EMA20 559.7 (기준 0.998)"
bithumb,2026-09-07T08:46:33+09:00,KRW-UNI,9815.0,62,돌파 미확인,PENDING_90M,,2026-09-07T10:16:33+09:00,,,,,,,"1차 퀀트 관망 대기: 하드게이트 차단, 알파스코어 62점, MA5 > MA20, RSI 61.2, %B 0.89, 저점거리 0.93%, 최근고점대비 0.15%, 반등확인 차단, 이격 안정, 1H 9755.0 >= EMA20 9602.5 (기준 0.998), 모멘텀 돌파 직전 4봉 고점 돌파=차단, 거래량배수=2.72, 양봉=차단, RSI=통과, 1H MTF=통과"
bithumb,2026-09-07T08:46:33+09:00,KRW-JUP,369.0,44,하드 게이트,PENDING_90M,,2026-09-07T10:16:33+09:00,,,,,,,"1차 퀀트 관망 대기: 하드게이트 차단, 알파스코어 44점, MA5 > MA20, RSI 77.8, %B 0.98, 저점거리 2.79%, 최근고점대비 0.00%, 반등확인 통과, 이격 안정, 1H 359.0 >= EMA20 346.8 (기준 0.998)"
bithumb,2026-09-07T08:46:33+09:00,KRW-SUI,1103.0,64,반등 미확인,PENDING_90M,,2026-09-07T10:16:33+09:00,,,,,,,"1차 퀀트 관망 대기: 하드게이트 차단, 알파스코어 64점, MA5 > MA20, RSI 57.1, %B 0.82, 저점거리 0.73%, 최근고점대비 0.09%, 반등확인 차단, 이격 안정, 1H 1098.0 >= EMA20 1090.1 (기준 0.998)"
bithumb,2026-09-07T08:46:34+09:00,KRW-ADA,305.0,44,하드 게이트,PENDING_90M,,2026-09-07T10:16:34+09:00,,,,,,,"1차 퀀트 관망 대기: 하드게이트 차단, 알파스코어 44점, MA5 > MA20, RSI 66.7, %B 1.01, 저점거리 1.33%, 최근고점대비 0.00%, 반등확인 통과, 이격 안정, 1H 301.0 >= EMA20 299.1 (기준 0.998)"
bithumb,2026-09-07T08:46:34+09:00,KRW-PENGU,11.98,52,하드 게이트,PENDING_90M,,2026-09-07T10:16:34+09:00,,,,,,,"1차 퀀트 관망 대기: 하드게이트 차단, 알파스코어 52점, MA5 > MA20, RSI 73.7, %B 0.89, 저점거리 0.67%, 최근고점대비 0.00%, 반등확인 통과, 이격 안정, 1H 11.9 >= EMA20 11.9 (기준 0.998)"
bithumb,2026-09-07T08:51:31+09:00,KRW-LINK,18040.0,49,RSI 범위 이탈,PENDING_90M,,2026-09-07T10:21:31+09:00,,,,,,,"1차 퀀트 관망 대기: 하드게이트 차단, 알파스코어 49점, MA5 > MA20, RSI 83.3, %B 0.83, 저점거리 2.04%, 최근고점대비 0.17%, 반등확인 통과, 이격 안정, 1H 17760.0 >= EMA20 16952.4 (기준 0.998), 모멘텀 돌파 직전 4봉 고점 돌파=차단, 거래량배수=0.42, 양봉=통과, RSI=차단, 1H MTF=통과"
bithumb,2026-09-07T08:51:32+09:00,KRW-VIRTUAL,993.0,55,돌파 미확인,PENDING_90M,,2026-09-07T10:21:32+09:00,,,,,,,"1차 퀀트 관망 대기: 하드게이트 차단, 알파스코어 55점, MA5 > MA20, RSI 61.5, %B 1.06, 저점거리 1.64%, 최근고점대비 0.30%, 반등확인 차단, 이격 안정, 1H 978.0 >= EMA20 953.0 (기준 0.998), 모멘텀 돌파 직전 4봉 고점 돌파=차단, 거래량배수=1.43, 양봉=차단, RSI=통과, 1H MTF=통과"
bithumb,2026-09-07T08:51:32+09:00,KRW-ONDO,527.0,40,돌파 미확인,PENDING_90M,,2026-09-07T10:21:32+09:00,,,,,,,"1차 퀀트 관망 대기: 하드게이트 차단, 알파스코어 40점, MA5 > MA20, RSI 70.6, %B 0.79, 저점거리 1.54%, 최근고점대비 0.38%, 반등확인 차단, 이격 안정, 1H 522.0 >= EMA20 514.4 (기준 0.998), 모멘텀 돌파 직전 4봉 고점 돌파=차단, 거래량배수=2.03, 양봉=차단, RSI=통과, 1H MTF=통과"
bithumb,2026-09-07T08:51:32+09:00,KRW-WLD,572.0,54,반등 미확인,PENDING_90M,,2026-09-07T10:21:32+09:00,,,,,,,"1차 퀀트 관망 대기: 하드게이트 차단, 알파스코어 54점, MA5 > MA20, RSI 66.7, %B 0.73, 저점거리 1.06%, 최근고점대비 0.35%, 반등확인 차단, 이격 안정, 1H 568.0 >= EMA20 559.7 (기준 0.998)"
bithumb,2026-09-07T08:51:32+09:00,KRW-UNI,9840.0,60,하드 게이트,PENDING_90M,,2026-09-07T10:21:32+09:00,,,,,,,"1차 퀀트 관망 대기: 하드게이트 차단, 알파스코어 60점, MA5 > MA20, RSI 65.7, %B 1.01, 저점거리 1.18%, 최근고점대비 0.00%, 반등확인 통과, 이격 안정, 1H 9755.0 >= EMA20 9602.5 (기준 0.998), 모멘텀 돌파 직전 4봉 고점 돌파=통과, 거래량배수=2.35, 양봉=통과, RSI=통과, 1H MTF=통과"
bithumb,2026-09-07T08:51:32+09:00,KRW-JUP,372.0,45,RSI 범위 이탈,PENDING_90M,,2026-09-07T10:21:32+09:00,,,,,,,"1차 퀀트 관망 대기: 하드게이트 차단, 알파스코어 45점, MA5 > MA20, RSI 79.0, %B 1.05, 저점거리 3.62%, 최근고점대비 0.54%, 반등확인 통과, 이격 안정, 1H 359.0 >= EMA20 346.8 (기준 0.998), 모멘텀 돌파 직전 4봉 고점 돌파=통과, 거래량배수=2.31, 양봉=통과, RSI=차단, 1H MTF=통과"
bithumb,2026-09-07T08:51:32+09:00,KRW-SUI,1105.0,55,하드 게이트,PENDING_90M,,2026-09-07T10:21:32+09:00,,,,,,,"1차 퀀트 관망 대기: 하드게이트 차단, 알파스코어 55점, MA5 > MA20, RSI 66.7, %B 0.90, 저점거리 0.91%, 최근고점대비 0.00%, 반등확인 통과, 이격 안정, 1H 1098.0 >= EMA20 1090.1 (기준 0.998)"
bithumb,2026-09-07T08:56:32+09:00,KRW-LINK,17990.0,59,RSI 범위 이탈,PENDING_90M,,2026-09-07T10:26:32+09:00,,,,,,,"1차 퀀트 관망 대기: 하드게이트 차단, 알파스코어 59점, MA5 > MA20, RSI 76.6, %B 0.74, 저점거리 1.41%, 최근고점대비 0.44%, 반등확인 차단, 이격 안정, 1H 17760.0 >= EMA20 16952.4 (기준 0.998), 모멘텀 돌파 직전 4봉 고점 돌파=차단, 거래량배수=0.26, 양봉=차단, RSI=차단, 1H MTF=통과"
bithumb,2026-09-07T08:56:32+09:00,KRW-VIRTUAL,991.0,52,거래량 부족,PENDING_90M,,2026-09-07T10:26:32+09:00,,,,,,,"1차 퀀트 관망 대기: 하드게이트 차단, 알파스코어 52점, MA5 > MA20, RSI 56.4, %B 0.89, 저점거리 1.43%, 최근고점대비 0.50%, 반등확인 차단, 이격 안정, 1H 978.0 >= EMA20 953.0 (기준 0.998), 모멘텀 돌파 직전 4봉 고점 돌파=차단, 거래량배수=1.16, 양봉=차단, RSI=통과, 1H MTF=통과"
bithumb,2026-09-07T08:56:32+09:00,KRW-ONDO,527.0,47,거래량 부족,PENDING_90M,,2026-09-07T10:26:32+09:00,,,,,,,"1차 퀀트 관망 대기: 하드게이트 차단, 알파스코어 47점, MA5 > MA20, RSI 70.6, %B 0.76, 저점거리 1.15%, 최근고점대비 0.38%, 반등확인 통과, 이격 안정, 1H 522.0 >= EMA20 514.4 (기준 0.998), 모멘텀 돌파 직전 4봉 고점 돌파=차단, 거래량배수=0.43, 양봉=통과, RSI=통과, 1H MTF=통과"
bithumb,2026-09-07T08:56:32+09:00,KRW-WLD,572.0,69,복합 조건 미달,PENDING_90M,,2026-09-07T10:26:32+09:00,,,,,,,"1차 퀀트 관망 대기: 하드게이트 통과, 알파스코어 69점, MA5 > MA20, RSI 63.6, %B 0.71, 저점거리 0.88%, 최근고점대비 0.35%, 반등확인 통과, 이격 안정, 1H 568.0 >= EMA20 559.7 (기준 0.998)"
bithumb,2026-09-07T08:56:32+09:00,KRW-UNI,9865.0,59,거래량 부족,PENDING_90M,,2026-09-07T10:26:32+09:00,,,,,,,"1차 퀀트 관망 대기: 하드게이트 차단, 알파스코어 59점, MA5 > MA20, RSI 61.9, %B 1.07, 저점거리 1.44%, 최근고점대비 0.00%, 반등확인 통과, 이격 안정, 1H 9755.0 >= EMA20 9602.5 (기준 0.998), 모멘텀 돌파 직전 4봉 고점 돌파=통과, 거래량배수=0.65, 양봉=통과, RSI=통과, 1H MTF=통과"
bithumb,2026-09-07T08:56:33+09:00,KRW-SUI,1103.0,77,반등 미확인,PENDING_90M,,2026-09-07T10:26:33+09:00,,,,,,,"1차 퀀트 관망 대기: 하드게이트 통과, 알파스코어 77점, MA5 > MA20, RSI 59.3, %B 0.75, 저점거리 0.64%, 최근고점대비 0.27%, 반등확인 차단, 이격 안정, 1H 1098.0 >= EMA20 1090.1 (기준 0.998)"
bithumb,2026-09-07T08:56:33+09:00,KRW-ADA,304.0,59,하드 게이트,PENDING_90M,,2026-09-07T10:26:33+09:00,,,,,,,"1차 퀀트 관망 대기: 하드게이트 차단, 알파스코어 59점, MA5 > MA20, RSI 58.3, %B 0.81, 저점거리 1.00%, 최근고점대비 0.33%, 반등확인 통과, 이격 안정, 1H 301.0 >= EMA20 299.1 (기준 0.998)"
bithumb,2026-09-07T08:56:33+09:00,KRW-PENGU,11.95,77,반등 미확인,PENDING_90M,,2026-09-07T10:26:33+09:00,,,,,,,"1차 퀀트 관망 대기: 하드게이트 통과, 알파스코어 77점, MA5 > MA20, RSI 55.6, %B 0.67, 저점거리 0.42%, 최근고점대비 0.25%, 반등확인 차단, 이격 안정, 1H 11.9 >= EMA20 11.9 (기준 0.998)"
bithumb,2026-09-07T09:01:31+09:00,KRW-LINK,17990.0,59,RSI 범위 이탈,PENDING_90M,,2026-09-07T10:31:31+09:00,,,,,,,"1차 퀀트 관망 대기: 하드게이트 차단, 알파스코어 59점, MA5 > MA20, RSI 74.1, %B 0.73, 저점거리 1.35%, 최근고점대비 0.44%, 반등확인 통과, 이격 안정, 1H 17990.0 >= EMA20 17050.8 (기준 0.998), 모멘텀 돌파 직전 4봉 고점 돌파=차단, 거래량배수=0.75, 양봉=통과, RSI=차단, 1H MTF=통과"
bithumb,2026-09-07T09:01:31+09:00,KRW-VIRTUAL,991.0,47,거래량 부족,PENDING_90M,,2026-09-07T10:31:31+09:00,,,,,,,"1차 퀀트 관망 대기: 하드게이트 차단, 알파스코어 47점, MA5 > MA20, RSI 62.9, %B 0.85, 저점거리 1.43%, 최근고점대비 0.50%, 반등확인 통과, 이격 안정, 1H 991.0 >= EMA20 956.6 (기준 0.998), 모멘텀 돌파 직전 4봉 고점 돌파=차단, 거래량배수=0.38, 양봉=통과, RSI=통과, 1H MTF=통과"
bithumb,2026-09-07T09:01:32+09:00,KRW-WLD,572.0,59,하드 게이트,PENDING_90M,,2026-09-07T10:31:32+09:00,,,,,,,"1차 퀀트 관망 대기: 하드게이트 차단, 알파스코어 59점, MA5 > MA20, RSI 77.8, %B 0.70, 저점거리 0.88%, 최근고점대비 0.35%, 반등확인 통과, 이격 안정, 1H 572.0 >= EMA20 560.9 (기준 0.998)"
bithumb,2026-09-07T09:01:32+09:00,KRW-UNI,9940.0,50,RSI 범위 이탈,PENDING_90M,,2026-09-07T10:31:32+09:00,,,,,,,"1차 퀀트 관망 대기: 하드게이트 차단, 알파스코어 50점, MA5 > MA20, RSI 73.0, %B 1.25, 저점거리 2.21%, 최근고점대비 0.10%, 반등확인 통과, 이격 안정, 1H 9940.0 >= EMA20 9632.8 (기준 0.998), 모멘텀 돌파 직전 4봉 고점 돌파=통과, 거래량배수=5.42, 양봉=통과, RSI=차단, 1H MTF=통과"
bithumb,2026-09-07T09:01:35+09:00,KRW-PENGU,11.97,59,하드 게이트,PENDING_90M,,2026-09-07T10:31:35+09:00,,,,,,,"1차 퀀트 관망 대기: 하드게이트 차단, 알파스코어 59점, MA5 > MA20, RSI 60.0, %B 0.79, 저점거리 0.59%, 최근고점대비 0.08%, 반등확인 통과, 이격 안정, 1H 12.0 >= EMA20 11.9 (기준 0.998)"
bithumb,2026-09-07T09:06:35+09:00,KRW-WLD,573.0,54,RSI 범위 이탈,PENDING_90M,,2026-09-07T10:36:35+09:00,,,,,,,"1차 퀀트 관망 대기: 하드게이트 차단, 알파스코어 54점, MA5 > MA20, RSI 77.8, %B 0.77, 저점거리 0.53%, 최근고점대비 0.17%, 반등확인 통과, 이격 안정, 1H 572.0 >= EMA20 560.9 (기준 0.998), 모멘텀 돌파 직전 4봉 고점 돌파=차단, 거래량배수=0.85, 양봉=통과, RSI=차단, 1H MTF=통과"
bithumb,2026-09-07T09:06:35+09:00,KRW-LINK,17940.0,67,돌파 미확인,PENDING_90M,,2026-09-07T10:36:35+09:00,,,,,,,"1차 퀀트 관망 대기: 하드게이트 차단, 알파스코어 67점, MA5 > MA20, RSI 67.2, %B 0.64, 저점거리 1.01%, 최근고점대비 0.72%, 반등확인 차단, 이격 안정, 1H 17990.0 >= EMA20 17050.8 (기준 0.998), 모멘텀 돌파 직전 4봉 고점 돌파=차단, 거래량배수=3.61, 양봉=차단, RSI=통과, 1H MTF=통과"
bithumb,2026-09-07T09:06:36+09:00,KRW-VIRTUAL,990.0,62,거래량 부족,PENDING_90M,,2026-09-07T10:36:36+09:00,,,,,,,"1차 퀀트 관망 대기: 하드게이트 차단, 알파스코어 62점, MA5 > MA20, RSI 58.8, %B 0.77, 저점거리 1.33%, 최근고점대비 0.61%, 반등확인 차단, 이격 안정, 1H 991.0 >= EMA20 956.6 (기준 0.998), 모멘텀 돌파 직전 4봉 고점 돌파=차단, 거래량배수=0.72, 양봉=차단, RSI=통과, 1H MTF=통과"
bithumb,2026-09-07T09:06:36+09:00,KRW-ONDO,527.0,54,거래량 부족,PENDING_90M,,2026-09-07T10:36:36+09:00,,,,,,,"1차 퀀트 관망 대기: 하드게이트 차단, 알파스코어 54점, MA5 > MA20, RSI 66.7, %B 0.73, 저점거리 0.76%, 최근고점대비 0.38%, 반등확인 통과, 이격 안정, 1H 527.0 >= EMA20 515.6 (기준 0.998), 모멘텀 돌파 직전 4봉 고점 돌파=차단, 거래량배수=0.55, 양봉=통과, RSI=통과, 1H MTF=통과"
bithumb,2026-09-07T09:06:37+09:00,KRW-SUI,1103.0,74,반등 미확인,PENDING_90M,,2026-09-07T10:36:37+09:00,,,,,,,"1차 퀀트 관망 대기: 하드게이트 통과, 알파스코어 74점, MA5 > MA20, RSI 61.5, %B 0.73, 저점거리 0.36%, 최근고점대비 0.27%, 반등확인 차단, 이격 안정, 1H 1103.0 >= EMA20 1091.3 (기준 0.998)"
bithumb,2026-09-07T09:06:37+09:00,KRW-ADA,304.0,54,하드 게이트,PENDING_90M,,2026-09-07T10:36:37+09:00,,,,,,,"1차 퀀트 관망 대기: 하드게이트 차단, 알파스코어 54점, MA5 > MA20, RSI 63.6, %B 0.79, 저점거리 1.00%, 최근고점대비 0.33%, 반등확인 통과, 이격 안정, 1H 304.0 >= EMA20 299.6 (기준 0.998)"
bithumb,2026-09-07T09:06:37+09:00,KRW-PENGU,11.97,59,하드 게이트,PENDING_90M,,2026-09-07T10:36:37+09:00,,,,,,,"1차 퀀트 관망 대기: 하드게이트 차단, 알파스코어 59점, MA5 > MA20, RSI 60.0, %B 0.79, 저점거리 0.59%, 최근고점대비 0.08%, 반등확인 통과, 이격 안정, 1H 12.0 >= EMA20 11.9 (기준 0.998)"
bithumb,2026-09-07T09:06:37+09:00,KRW-JUP,371.0,47,반등 미확인,PENDING_90M,,2026-09-07T10:36:37+09:00,,,,,,,"1차 퀀트 관망 대기: 하드게이트 차단, 알파스코어 47점, MA5 > MA20, RSI 75.0, %B 0.85, 저점거리 3.06%, 최근고점대비 1.08%, 반등확인 차단, 이격 안정, 1H 371.0 >= EMA20 349.2 (기준 0.998)"
bithumb,2026-09-07T09:11:37+09:00,KRW-WLD,576.0,43,RSI 범위 이탈,PENDING_90M,,2026-09-07T10:41:37+09:00,,,,,,,"1차 퀀트 관망 대기: 하드게이트 차단, 알파스코어 43점, MA5 > MA20, RSI 83.3, %B 1.02, 저점거리 1.05%, 최근고점대비 0.35%, 반등확인 통과, 이격 안정, 1H 572.0 >= EMA20 560.9 (기준 0.998), 모멘텀 돌파 직전 4봉 고점 돌파=통과, 거래량배수=2.37, 양봉=통과, RSI=차단, 1H MTF=통과"
bithumb,2026-09-07T09:11:37+09:00,KRW-LINK,18070.0,49,거래량 부족,PENDING_90M,,2026-09-07T10:41:37+09:00,,,,,,,"1차 퀀트 관망 대기: 하드게이트 차단, 알파스코어 49점, MA5 > MA20, RSI 71.8, %B 0.83, 저점거리 1.23%, 최근고점대비 0.06%, 반등확인 통과, 이격 안정, 1H 17990.0 >= EMA20 17050.8 (기준 0.998), 모멘텀 돌파 직전 4봉 고점 돌파=통과, 거래량배수=0.40, 양봉=통과, RSI=통과, 1H MTF=통과"
bithumb,2026-09-07T09:11:38+09:00,KRW-VIRTUAL,989.0,52,거래량 부족,PENDING_90M,,2026-09-07T10:41:38+09:00,,,,,,,"1차 퀀트 관망 대기: 하드게이트 차단, 알파스코어 52점, MA5 > MA20, RSI 69.0, %B 0.69, 저점거리 1.23%, 최근고점대비 0.71%, 반등확인 차단, 이격 안정, 1H 991.0 >= EMA20 956.6 (기준 0.998), 모멘텀 돌파 직전 4봉 고점 돌파=차단, 거래량배수=0.75, 양봉=차단, RSI=통과, 1H MTF=통과"
bithumb,2026-09-07T09:11:38+09:00,KRW-ONDO,528.0,47,돌파 미확인,PENDING_90M,,2026-09-07T10:41:38+09:00,,,,,,,"1차 퀀트 관망 대기: 하드게이트 차단, 알파스코어 47점, MA5 > MA20, RSI 68.8, %B 0.79, 저점거리 0.96%, 최근고점대비 0.19%, 반등확인 통과, 이격 안정, 1H 527.0 >= EMA20 515.6 (기준 0.998), 모멘텀 돌파 직전 4봉 고점 돌파=차단, 거래량배수=1.53, 양봉=통과, RSI=통과, 1H MTF=통과"
bithumb,2026-09-07T09:11:38+09:00,KRW-UNI,9880.0,54,거래량 부족,PENDING_90M,,2026-09-07T10:41:38+09:00,,,,,,,"1차 퀀트 관망 대기: 하드게이트 차단, 알파스코어 54점, MA5 > MA20, RSI 65.1, %B 0.85, 저점거리 1.44%, 최근고점대비 0.71%, 반등확인 통과, 이격 안정, 1H 9940.0 >= EMA20 9632.8 (기준 0.998), 모멘텀 돌파 직전 4봉 고점 돌파=차단, 거래량배수=0.66, 양봉=통과, RSI=통과, 1H MTF=통과"
bithumb,2026-09-07T09:11:39+09:00,KRW-SUI,1107.0,59,하드 게이트,PENDING_90M,,2026-09-07T10:41:39+09:00,,,,,,,"1차 퀀트 관망 대기: 하드게이트 차단, 알파스코어 59점, MA5 > MA20, RSI 65.5, %B 1.02, 저점거리 0.73%, 최근고점대비 0.09%, 반등확인 통과, 이격 안정, 1H 1103.0 >= EMA20 1091.3 (기준 0.998)"
bithumb,2026-09-07T09:11:39+09:00,KRW-ADA,306.0,50,RSI 범위 이탈,PENDING_90M,,2026-09-07T10:41:39+09:00,,,,,,,"1차 퀀트 관망 대기: 하드게이트 차단, 알파스코어 50점, MA5 > MA20, RSI 72.7, %B 1.07, 저점거리 1.32%, 최근고점대비 0.00%, 반등확인 통과, 이격 안정, 1H 304.0 >= EMA20 299.6 (기준 0.998), 모멘텀 돌파 직전 4봉 고점 돌파=통과, 거래량배수=2.70, 양봉=통과, RSI=차단, 1H MTF=통과"
bithumb,2026-09-07T09:11:39+09:00,KRW-PENGU,11.99,54,하드 게이트,PENDING_90M,,2026-09-07T10:41:39+09:00,,,,,,,"1차 퀀트 관망 대기: 하드게이트 차단, 알파스코어 54점, MA5 > MA20, RSI 64.0, %B 0.99, 저점거리 0.76%, 최근고점대비 0.00%, 반등확인 통과, 이격 안정, 1H 12.0 >= EMA20 11.9 (기준 0.998)"
upbit,2026-09-07T00:03:52+09:00,KRW-FLOCK,99.5,47,RSI 범위 이탈,COMPLETE,2026-09-07T00:05:00+09:00,2026-09-07T01:33:52+09:00,101.0,96.8,98.5,1.2237,-2.9856,-1.2818,"1차 퀀트 관망 대기: 하드게이트 차단, 알파스코어 47점, MA5 <= MA20, RSI 50.3, %B 0.28, 저점거리 4.85%, 최근고점대비 6.53%, 반등확인 차단, 이격 안정, 1H 99.5 >= EMA20 95.7 (기준 0.998), 모멘텀 돌파 직전 4봉 고점 돌파=차단, 거래량배수=0.36, 양봉=차단, RSI=차단, 1H MTF=통과"
upbit,2026-09-07T00:03:53+09:00,KRW-ZAMA,80.8,39,RSI 범위 이탈,COMPLETE,2026-09-07T00:05:00+09:00,2026-09-07T01:33:53+09:00,80.8,77.5,77.7,-0.2796,-4.3523,-4.1055,"1차 퀀트 관망 대기: 하드게이트 차단, 알파스코어 39점, MA5 <= MA20, RSI 39.9, %B 0.16, 저점거리 1.00%, 최근고점대비 8.42%, 반등확인 차단, 이격 안정, 1H 80.8 >= EMA20 75.5 (기준 0.998), 모멘텀 돌파 직전 4봉 고점 돌파=차단, 거래량배수=0.44, 양봉=차단, RSI=차단, 1H MTF=통과"
upbit,2026-09-07T00:03:55+09:00,KRW-NEAR,3278.0,54,RSI 범위 이탈,COMPLETE,2026-09-07T00:05:00+09:00,2026-09-07T01:33:55+09:00,3335.0,3200.0,3332.0,1.4544,-2.6525,1.3631,"1차 퀀트 관망 대기: 하드게이트 차단, 알파스코어 54점, MA5 <= MA20, RSI 37.7, %B 0.36, 저점거리 1.49%, 최근고점대비 3.42%, 반등확인 차단, 이격 안정, 1H 3278.0 >= EMA20 3142.2 (기준 0.998), 모멘텀 돌파 직전 4봉 고점 돌파=차단, 거래량배수=0.39, 양봉=차단, RSI=차단, 1H MTF=통과"
upbit,2026-09-07T00:03:56+09:00,KRW-PROM,7540.0,49,RSI 범위 이탈,COMPLETE,2026-09-07T00:05:00+09:00,2026-09-07T01:33:56+09:00,7750.0,7510.0,7545.0,2.4977,-0.6764,-0.2135,"1차 퀀트 관망 대기: 하드게이트 통과, 알파스코어 49점, MA5 <= MA20, RSI 51.0, %B 0.47, 저점거리 1.07%, 최근고점대비 2.12%, 반등확인 통과, 이격 안정, 1H 7540.0 >= EMA20 7265.5 (기준 0.998), 모멘텀 돌파 직전 4봉 고점 돌파=차단, 거래량배수=0.31, 양봉=통과, RSI=차단, 1H MTF=통과"
upbit,2026-09-07T00:03:57+09:00,KRW-ONDO,510.0,29,상위 추세 미달,COMPLETE,2026-09-07T00:05:00+09:00,2026-09-07T01:33:57+09:00,516.0,508.0,515.0,0.8936,-0.6707,0.698,"1차 퀀트 관망 대기: 하드게이트 차단, 알파스코어 29점, MA5 <= MA20, RSI 26.7, %B 0.14, 저점거리 0.59%, 최근고점대비 1.76%, 반등확인 차단, 이격 안정, 1H 510.0 < EMA20 511.2 (기준 0.998)"
upbit,2026-09-07T00:03:57+09:00,KRW-MET2,292.0,39,RSI 범위 이탈,COMPLETE,2026-09-07T00:05:00+09:00,2026-09-07T01:33:57+09:00,300.0,284.0,293.0,2.4525,-3.0117,0.0619,"1차 퀀트 관망 대기: 하드게이트 차단, 알파스코어 39점, MA5 <= MA20, RSI 36.4, %B 0.38, 저점거리 1.74%, 최근고점대비 2.05%, 반등확인 통과, 이격 안정, 1H 292.0 >= EMA20 278.3 (기준 0.998), 모멘텀 돌파 직전 4봉 고점 돌파=차단, 거래량배수=0.55, 양봉=통과, RSI=차단, 1H MTF=통과"
upbit,2026-09-07T00:03:58+09:00,KRW-JTO,607.0,34,RSI 범위 이탈,COMPLETE,2026-09-07T00:05:00+09:00,2026-09-07T01:33:58+09:00,635.0,604.0,623.0,4.3203,-0.7725,2.3489,"1차 퀀트 관망 대기: 하드게이트 차단, 알파스코어 34점, MA5 <= MA20, RSI 26.2, %B 0.14, 저점거리 0.50%, 최근고점대비 3.95%, 반등확인 차단, 이격 안정, 1H 607.0 >= EMA20 597.8 (기준 0.998), 모멘텀 돌파 직전 4봉 고점 돌파=차단, 거래량배수=0.20, 양봉=차단, RSI=차단, 1H MTF=통과"
upbit,2026-09-07T00:03:59+09:00,KRW-ENS,8190.0,34,상위 추세 미달,COMPLETE,2026-09-07T00:05:00+09:00,2026-09-07T01:33:59+09:00,8530.0,8175.0,8595.0,3.8602,-0.4622,4.6516,"1차 퀀트 관망 대기: 하드게이트 차단, 알파스코어 34점, MA5 <= MA20, RSI 26.9, %B 0.25, 저점거리 1.24%, 최근고점대비 2.01%, 반등확인 차단, 이격 안정, 1H 8190.0 < EMA20 8249.7 (기준 0.998)"
upbit,2026-09-07T00:03:59+09:00,KRW-LINK,16600.0,34,반등 미확인,COMPLETE,2026-09-07T00:05:00+09:00,2026-09-07T01:33:59+09:00,16880.0,16550.0,16850.0,1.4024,-0.58,1.2222,"1차 퀀트 관망 대기: 하드게이트 차단, 알파스코어 34점, MA5 <= MA20, RSI 36.4, %B 0.15, 저점거리 0.61%, 최근고점대비 1.75%, 반등확인 차단, 이격 안정, 1H 16600.0 >= EMA20 16616.8 (기준 0.998)"
upbit,2026-09-07T00:04:00+09:00,KRW-VIRTUAL,944.0,37,RSI 범위 이탈,COMPLETE,2026-09-07T00:05:00+09:00,2026-09-07T01:34:00+09:00,958.0,938.0,957.0,1.1993,-0.9134,1.0937,"1차 퀀트 관망 대기: 하드게이트 차단, 알파스코어 37점, MA5 <= MA20, RSI 29.8, %B 0.18, 저점거리 0.64%, 최근고점대비 2.01%, 반등확인 차단, 이격 안정, 1H 944.0 >= EMA20 941.7 (기준 0.998), 모멘텀 돌파 직전 4봉 고점 돌파=차단, 거래량배수=1.90, 양봉=차단, RSI=차단, 1H MTF=통과"
upbit,2026-09-07T00:08:45+09:00,KRW-FLOCK,99.1,47,RSI 범위 이탈,COMPLETE,2026-09-07T00:10:00+09:00,2026-09-07T01:38:45+09:00,101.0,96.8,98.7,1.6323,-2.594,-0.6821,"1차 퀀트 관망 대기: 하드게이트 차단, 알파스코어 47점, MA5 <= MA20, RSI 46.9, %B 0.22, 저점거리 4.43%, 최근고점대비 6.96%, 반등확인 차단, 이격 안정, 1H 99.5 >= EMA20 95.7 (기준 0.998), 모멘텀 돌파 직전 4봉 고점 돌파=차단, 거래량배수=1.07, 양봉=차단, RSI=차단, 1H MTF=통과"
upbit,2026-09-07T00:08:47+09:00,KRW-JUP,359.0,22,RSI 범위 이탈,COMPLETE,2026-09-07T00:10:00+09:00,2026-09-07T01:38:47+09:00,370.0,359.0,367.0,2.7759,-0.2796,1.9426,"1차 퀀트 관망 대기: 하드게이트 차단, 알파스코어 22점, MA5 <= MA20, RSI 32.1, %B 0.11, 저점거리 1.41%, 최근고점대비 3.90%, 반등확인 차단, 이격 안정, 1H 364.0 >= EMA20 335.2 (기준 0.998), 모멘텀 돌파 직전 4봉 고점 돌파=차단, 거래량배수=0.43, 양봉=차단, RSI=차단, 1H MTF=통과"
upbit,2026-09-07T00:08:50+09:00,KRW-NEAR,3239.0,29,RSI 범위 이탈,COMPLETE,2026-09-07T00:10:00+09:00,2026-09-07T01:38:50+09:00,3336.0,3200.0,3329.0,2.7068,-1.4803,2.4913,"1차 퀀트 관망 대기: 하드게이트 차단, 알파스코어 29점, MA5 <= MA20, RSI 30.1, %B 0.13, 저점거리 0.47%, 최근고점대비 4.57%, 반등확인 차단, 이격 안정, 1H 3278.0 >= EMA20 3142.2 (기준 0.998), 모멘텀 돌파 직전 4봉 고점 돌파=차단, 거래량배수=0.64, 양봉=차단, RSI=차단, 1H MTF=통과"
upbit,2026-09-07T00:08:52+09:00,KRW-ZAMA,79.5,29,RSI 범위 이탈,COMPLETE,2026-09-07T00:10:00+09:00,2026-09-07T01:38:52+09:00,80.8,77.1,77.6,1.351,-3.29,-2.6629,"1차 퀀트 관망 대기: 하드게이트 차단, 알파스코어 29점, MA5 <= MA20, RSI 35.9, %B 0.04, 저점거리 1.15%, 최근고점대비 9.81%, 반등확인 차단, 이격 안정, 1H 80.8 >= EMA20 75.5 (기준 0.998), 모멘텀 돌파 직전 4봉 고점 돌파=차단, 거래량배수=0.99, 양봉=차단, RSI=차단, 1H MTF=통과"
upbit,2026-09-07T00:08:53+09:00,KRW-ORCA,1922.0,29,RSI 범위 이탈,COMPLETE,2026-09-07T00:10:00+09:00,2026-09-07T01:38:53+09:00,2004.0,1919.0,1945.0,3.9749,-0.4353,0.9137,"1차 퀀트 관망 대기: 하드게이트 차단, 알파스코어 29점, MA5 <= MA20, RSI 24.8, %B 0.31, 저점거리 1.64%, 최근고점대비 1.56%, 반등확인 차단, 이격 안정, 1H 1934.0 >= EMA20 1855.8 (기준 0.998), 모멘텀 돌파 직전 4봉 고점 돌파=차단, 거래량배수=0.16, 양봉=차단, RSI=차단, 1H MTF=통과"
upbit,2026-09-07T00:08:55+09:00,KRW-PROM,7525.0,49,RSI 범위 이탈,COMPLETE,2026-09-07T00:10:00+09:00,2026-09-07T01:38:55+09:00,7750.0,7510.0,7510.0,2.7021,-0.4784,-0.4784,"1차 퀀트 관망 대기: 하드게이트 통과, 알파스코어 49점, MA5 <= MA20, RSI 47.1, %B 0.38, 저점거리 0.87%, 최근고점대비 2.33%, 반등확인 차단, 이격 안정, 1H 7540.0 >= EMA20 7265.5 (기준 0.998), 모멘텀 돌파 직전 4봉 고점 돌파=차단, 거래량배수=0.28, 양봉=차단, RSI=차단, 1H MTF=통과"
upbit,2026-09-07T00:08:56+09:00,KRW-ONDO,509.0,32,상위 추세 미달,COMPLETE,2026-09-07T00:10:00+09:00,2026-09-07T01:38:56+09:00,516.0,508.0,516.0,1.0918,-0.4755,1.0918,"1차 퀀트 관망 대기: 하드게이트 차단, 알파스코어 32점, MA5 <= MA20, RSI 20.0, %B 0.10, 저점거리 0.59%, 최근고점대비 1.96%, 반등확인 차단, 이격 안정, 1H 510.0 < EMA20 511.2 (기준 0.998)"
upbit,2026-09-07T00:08:57+09:00,KRW-ENS,8175.0,37,상위 추세 미달,COMPLETE,2026-09-07T00:10:00+09:00,2026-09-07T01:38:57+09:00,8600.0,8180.0,8540.0,4.9046,-0.2186,4.1727,"1차 퀀트 관망 대기: 하드게이트 차단, 알파스코어 37점, MA5 <= MA20, RSI 23.5, %B 0.22, 저점거리 1.05%, 최근고점대비 2.08%, 반등확인 통과, 이격 안정, 1H 8190.0 < EMA20 8249.7 (기준 0.998)"
upbit,2026-09-07T00:08:58+09:00,KRW-LINK,16530.0,24,반등 미확인,COMPLETE,2026-09-07T00:10:00+09:00,2026-09-07T01:38:58+09:00,16880.0,16550.0,16840.0,1.8318,-0.159,1.5905,"1차 퀀트 관망 대기: 하드게이트 차단, 알파스코어 24점, MA5 <= MA20, RSI 28.8, %B 0.02, 저점거리 0.18%, 최근고점대비 2.18%, 반등확인 차단, 이격 안정, 1H 16600.0 >= EMA20 16616.8 (기준 0.998)"
upbit,2026-09-07T00:08:59+09:00,KRW-WLD,554.0,32,반등 미확인,COMPLETE,2026-09-07T00:10:00+09:00,2026-09-07T01:38:59+09:00,562.0,553.0,560.0,1.1604,-0.4596,0.8004,"1차 퀀트 관망 대기: 하드게이트 차단, 알파스코어 32점, MA5 <= MA20, RSI 28.1, %B -0.00, 저점거리 0.36%, 최근고점대비 3.07%, 반등확인 차단, 이격 안정, 1H 557.0 >= EMA20 552.6 (기준 0.998)"
upbit,2026-09-07T00:08:59+09:00,KRW-VIRTUAL,940.0,37,RSI 범위 이탈,COMPLETE,2026-09-07T00:10:00+09:00,2026-09-07T01:38:59+09:00,958.0,939.0,957.0,1.6299,-0.3857,1.5238,"1차 퀀트 관망 대기: 하드게이트 차단, 알파스코어 37점, MA5 <= MA20, RSI 19.6, %B 0.10, 저점거리 0.32%, 최근고점대비 2.13%, 반등확인 차단, 이격 안정, 1H 944.0 >= EMA20 941.7 (기준 0.998), 모멘텀 돌파 직전 4봉 고점 돌파=차단, 거래량배수=4.86, 양봉=차단, RSI=차단, 1H MTF=통과"
upbit,2026-09-07T00:13:39+09:00,KRW-FLOCK,98.8,37,RSI 범위 이탈,COMPLETE,2026-09-07T00:15:00+09:00,2026-09-07T01:43:39+09:00,101.0,96.9,98.3,1.9409,-2.1973,-0.7843,"1차 퀀트 관망 대기: 하드게이트 차단, 알파스코어 37점, MA5 <= MA20, RSI 47.9, %B 0.19, 저점거리 4.11%, 최근고점대비 5.26%, 반등확인 차단, 이격 안정, 1H 99.5 >= EMA20 95.7 (기준 0.998), 모멘텀 돌파 직전 4봉 고점 돌파=차단, 거래량배수=0.36, 양봉=차단, RSI=차단, 1H MTF=통과"
upbit,2026-09-07T00:13:41+09:00,KRW-JUP,359.0,22,RSI 범위 이탈,COMPLETE,2026-09-07T00:15:00+09:00,2026-09-07T01:43:41+09:00,370.0,359.0,365.0,2.7759,-0.2796,1.387,"1차 퀀트 관망 대기: 하드게이트 차단, 알파스코어 22점, MA5 <= MA20, RSI 33.3, %B 0.14, 저점거리 1.41%, 최근고점대비 3.62%, 반등확인 통과, 이격 안정, 1H 364.0 >= EMA20 335.2 (기준 0.998), 모멘텀 돌파 직전 4봉 고점 돌파=차단, 거래량배수=0.67, 양봉=통과, RSI=차단, 1H MTF=통과"
upbit,2026-09-07T00:13:42+09:00,KRW-NEAR,3224.0,29,RSI 범위 이탈,COMPLETE,2026-09-07T00:15:00+09:00,2026-09-07T01:43:42+09:00,3336.0,3200.0,3326.0,3.1846,-1.0219,2.8753,"1차 퀀트 관망 대기: 하드게이트 차단, 알파스코어 29점, MA5 <= MA20, RSI 27.5, %B 0.05, 저점거리 0.16%, 최근고점대비 3.91%, 반등확인 차단, 이격 안정, 1H 3278.0 >= EMA20 3142.2 (기준 0.998), 모멘텀 돌파 직전 4봉 고점 돌파=차단, 거래량배수=0.30, 양봉=차단, RSI=차단, 1H MTF=통과"
upbit,2026-09-07T00:13:44+09:00,KRW-ZAMA,79.1,29,RSI 범위 이탈,COMPLETE,2026-09-07T00:15:00+09:00,2026-09-07T01:43:44+09:00,80.8,77.1,77.7,1.8636,-2.801,-2.0446,"1차 퀀트 관망 대기: 하드게이트 차단, 알파스코어 29점, MA5 <= MA20, RSI 32.6, %B 0.05, 저점거리 0.64%, 최근고점대비 8.85%, 반등확인 차단, 이격 안정, 1H 80.8 >= EMA20 75.5 (기준 0.998), 모멘텀 돌파 직전 4봉 고점 돌파=차단, 거래량배수=0.18, 양봉=차단, RSI=차단, 1H MTF=통과"
upbit,2026-09-07T00:13:45+09:00,KRW-ORCA,1919.0,29,RSI 범위 이탈,COMPLETE,2026-09-07T00:15:00+09:00,2026-09-07T01:43:45+09:00,2004.0,1922.0,1947.0,4.1374,-0.1237,1.1754,"1차 퀀트 관망 대기: 하드게이트 차단, 알파스코어 29점, MA5 <= MA20, RSI 28.2, %B 0.30, 저점거리 1.48%, 최근고점대비 1.41%, 반등확인 차단, 이격 안정, 1H 1934.0 >= EMA20 1855.8 (기준 0.998), 모멘텀 돌파 직전 4봉 고점 돌파=차단, 거래량배수=0.05, 양봉=차단, RSI=차단, 1H MTF=통과"
upbit,2026-09-07T00:13:46+09:00,KRW-ONDO,509.0,29,상위 추세 미달,COMPLETE,2026-09-07T00:15:00+09:00,2026-09-07T01:43:46+09:00,516.0,508.0,515.0,1.0918,-0.4755,0.8959,"1차 퀀트 관망 대기: 하드게이트 차단, 알파스코어 29점, MA5 <= MA20, RSI 20.0, %B 0.14, 저점거리 0.59%, 최근고점대비 1.57%, 반등확인 통과, 이격 안정, 1H 510.0 < EMA20 511.2 (기준 0.998)"
upbit,2026-09-07T00:13:47+09:00,KRW-PROM,7545.0,49,거래량 부족,COMPLETE,2026-09-07T00:15:00+09:00,2026-09-07T01:43:47+09:00,7750.0,7510.0,7425.0,2.4298,-0.7422,-1.8656,"1차 퀀트 관망 대기: 하드게이트 통과, 알파스코어 49점, MA5 <= MA20, RSI 55.9, %B 0.50, 저점거리 1.14%, 최근고점대비 2.05%, 반등확인 통과, 이격 안정, 1H 7540.0 >= EMA20 7265.5 (기준 0.998), 모멘텀 돌파 직전 4봉 고점 돌파=차단, 거래량배수=0.30, 양봉=통과, RSI=통과, 1H MTF=통과"
upbit,2026-09-07T00:13:47+09:00,KRW-QUID,92.4,69,상위 추세 미달,COMPLETE,2026-09-07T00:15:00+09:00,2026-09-07T01:43:47+09:00,92.8,91.8,92.6,0.1521,-0.9271,-0.0638,"1차 퀀트 관망 대기: 하드게이트 차단, 알파스코어 69점, MA5 <= MA20, RSI 47.2, %B 0.52, 저점거리 0.65%, 최근고점대비 0.43%, 반등확인 통과, 이격 안정, 1H 92.1 < EMA20 92.5 (기준 0.998)"
upbit,2026-09-07T00:13:48+09:00,KRW-WLD,556.0,29,하드 게이트,COMPLETE,2026-09-07T00:15:00+09:00,2026-09-07T01:43:48+09:00,562.0,553.0,561.0,0.7965,-0.8177,0.6172,"1차 퀀트 관망 대기: 하드게이트 차단, 알파스코어 29점, MA5 <= MA20, RSI 33.3, %B 0.14, 저점거리 0.72%, 최근고점대비 2.52%, 반등확인 통과, 이격 안정, 1H 557.0 >= EMA20 552.6 (기준 0.998)"
upbit,2026-09-07T00:13:49+09:00,KRW-JTO,605.0,34,RSI 범위 이탈,COMPLETE,2026-09-07T00:15:00+09:00,2026-09-07T01:43:49+09:00,635.0,607.0,620.0,4.6652,0.05,2.1928,"1차 퀀트 관망 대기: 하드게이트 차단, 알파스코어 34점, MA5 <= MA20, RSI 23.9, %B 0.18, 저점거리 0.50%, 최근고점대비 3.97%, 반등확인 통과, 이격 안정, 1H 607.0 >= EMA20 597.8 (기준 0.998), 모멘텀 돌파 직전 4봉 고점 돌파=차단, 거래량배수=0.21, 양봉=통과, RSI=차단, 1H MTF=통과"
upbit,2026-09-07T00:18:36+09:00,KRW-FLOCK,97.2,22,RSI 범위 이탈,COMPLETE,2026-09-07T00:20:00+09:00,2026-09-07T01:48:36+09:00,101.0,96.9,98.3,3.6189,-0.5874,0.8489,"1차 퀀트 관망 대기: 하드게이트 차단, 알파스코어 22점, MA5 <= MA20, RSI 31.5, %B 0.02, 저점거리 2.42%, 최근고점대비 7.00%, 반등확인 차단, 이격 안정, 1H 99.5 >= EMA20 95.7 (기준 0.998), 모멘텀 돌파 직전 4봉 고점 돌파=차단, 거래량배수=1.03, 양봉=차단, RSI=차단, 1H MTF=통과"
upbit,2026-09-07T00:18:37+09:00,KRW-JUP,363.0,37,RSI 범위 이탈,COMPLETE,2026-09-07T00:20:00+09:00,2026-09-07T01:48:37+09:00,370.0,359.0,367.0,1.6434,-1.3785,0.8192,"1차 퀀트 관망 대기: 하드게이트 차단, 알파스코어 37점, MA5 <= MA20, RSI 41.9, %B 0.42, 저점거리 2.54%, 최근고점대비 1.93%, 반등확인 통과, 이격 안정, 1H 364.0 >= EMA20 335.2 (기준 0.998), 모멘텀 돌파 직전 4봉 고점 돌파=차단, 거래량배수=0.35, 양봉=통과, RSI=차단, 1H MTF=통과"
upbit,2026-09-07T00:18:38+09:00,KRW-NEAR,3238.0,29,RSI 범위 이탈,COMPLETE,2026-09-07T00:20:00+09:00,2026-09-07T01:48:38+09:00,3336.0,3200.0,3310.0,2.7385,-1.4499,1.9378,"1차 퀀트 관망 대기: 하드게이트 차단, 알파스코어 29점, MA5 <= MA20, RSI 25.5, %B 0.14, 저점거리 0.59%, 최근고점대비 3.06%, 반등확인 통과, 이격 안정, 1H 3278.0 >= EMA20 3142.2 (기준 0.998), 모멘텀 돌파 직전 4봉 고점 돌파=차단, 거래량배수=0.38, 양봉=통과, RSI=차단, 1H MTF=통과"
upbit,2026-09-07T00:18:40+09:00,KRW-ZAMA,78.8,29,RSI 범위 이탈,COMPLETE,2026-09-07T00:20:00+09:00,2026-09-07T01:48:40+09:00,80.8,77.1,77.4,2.2514,-2.4309,-2.0513,"1차 퀀트 관망 대기: 하드게이트 차단, 알파스코어 29점, MA5 <= MA20, RSI 19.4, %B 0.08, 저점거리 0.25%, 최근고점대비 8.88%, 반등확인 차단, 이격 안정, 1H 80.8 >= EMA20 75.5 (기준 0.998), 모멘텀 돌파 직전 4봉 고점 돌파=차단, 거래량배수=0.14, 양봉=차단, RSI=차단, 1H MTF=통과"
upbit,2026-09-07T00:18:41+09:00,KRW-ORCA,1919.0,29,RSI 범위 이탈,COMPLETE,2026-09-07T00:20:00+09:00,2026-09-07T01:48:41+09:00,2004.0,1931.0,1931.0,4.1374,0.344,0.344,"1차 퀀트 관망 대기: 하드게이트 차단, 알파스코어 29점, MA5 <= MA20, RSI 35.9, %B 0.32, 저점거리 1.48%, 최근고점대비 0.99%, 반등확인 통과, 이격 안정, 1H 1934.0 >= EMA20 1855.8 (기준 0.998), 모멘텀 돌파 직전 4봉 고점 돌파=차단, 거래량배수=0.07, 양봉=통과, RSI=차단, 1H MTF=통과"
upbit,2026-09-07T00:18:42+09:00,KRW-PROM,7615.0,59,거래량 부족,COMPLETE,2026-09-07T00:20:00+09:00,2026-09-07T01:48:42+09:00,7750.0,7415.0,7445.0,1.4883,-2.8987,-2.5058,"1차 퀀트 관망 대기: 하드게이트 차단, 알파스코어 59점, MA5 > MA20, RSI 59.8, %B 0.93, 저점거리 2.08%, 최근고점대비 1.12%, 반등확인 통과, 이격 안정, 1H 7540.0 >= EMA20 7265.5 (기준 0.998), 모멘텀 돌파 직전 4봉 고점 돌파=통과, 거래량배수=0.98, 양봉=통과, RSI=통과, 1H MTF=통과"
upbit,2026-09-07T00:18:43+09:00,KRW-ONDO,508.0,32,상위 추세 미달,COMPLETE,2026-09-07T00:20:00+09:00,2026-09-07T01:48:43+09:00,516.0,509.0,516.0,1.2908,-0.0833,1.2908,"1차 퀀트 관망 대기: 하드게이트 차단, 알파스코어 32점, MA5 <= MA20, RSI 18.8, %B 0.11, 저점거리 0.40%, 최근고점대비 1.57%, 반등확인 차단, 이격 안정, 1H 510.0 < EMA20 511.2 (기준 0.998)"
upbit,2026-09-07T00:18:44+09:00,KRW-ENS,8200.0,24,상위 추세 미달,COMPLETE,2026-09-07T00:20:00+09:00,2026-09-07T01:48:44+09:00,8605.0,8180.0,8485.0,4.6456,-0.5228,3.1863,"1차 퀀트 관망 대기: 하드게이트 차단, 알파스코어 24점, MA5 <= MA20, RSI 25.8, %B 0.34, 저점거리 1.36%, 최근고점대비 1.28%, 반등확인 통과, 이격 안정, 1H 8190.0 < EMA20 8249.7 (기준 0.998)"
upbit,2026-09-07T00:18:45+09:00,KRW-LINK,16550.0,24,하드 게이트,COMPLETE,2026-09-07T00:20:00+09:00,2026-09-07T01:48:45+09:00,16880.0,16580.0,16850.0,1.7088,-0.0988,1.528,"1차 퀀트 관망 대기: 하드게이트 차단, 알파스코어 24점, MA5 <= MA20, RSI 22.2, %B 0.16, 저점거리 0.30%, 최근고점대비 1.57%, 반등확인 통과, 이격 안정, 1H 16600.0 >= EMA20 16616.8 (기준 0.998)"
upbit,2026-09-07T00:18:46+09:00,KRW-WLD,557.0,42,하드 게이트,COMPLETE,2026-09-07T00:20:00+09:00,2026-09-07T01:48:46+09:00,562.0,553.0,561.0,0.6155,-0.9957,0.4365,"1차 퀀트 관망 대기: 하드게이트 차단, 알파스코어 42점, MA5 <= MA20, RSI 29.0, %B 0.22, 저점거리 0.91%, 최근고점대비 2.33%, 반등확인 통과, 이격 안정, 1H 557.0 >= EMA20 552.6 (기준 0.998)"
upbit,2026-09-07T00:23:50+09:00,KRW-FLOCK,97.9,22,RSI 범위 이탈,COMPLETE,2026-09-07T00:25:00+09:00,2026-09-07T01:53:50+09:00,101.0,96.9,98.1,2.878,-1.2982,-0.0759,"1차 퀀트 관망 대기: 하드게이트 차단, 알파스코어 22점, MA5 <= MA20, RSI 23.9, %B 0.15, 저점거리 3.16%, 최근고점대비 5.21%, 반등확인 통과, 이격 안정, 1H 99.5 >= EMA20 95.7 (기준 0.998), 모멘텀 돌파 직전 4봉 고점 돌파=차단, 거래량배수=0.73, 양봉=통과, RSI=차단, 1H MTF=통과"
upbit,2026-09-07T00:23:50+09:00,KRW-JUP,364.0,32,RSI 범위 이탈,COMPLETE,2026-09-07T00:25:00+09:00,2026-09-07T01:53:50+09:00,370.0,359.0,367.0,1.3641,-1.6494,0.5423,"1차 퀀트 관망 대기: 하드게이트 차단, 알파스코어 32점, MA5 <= MA20, RSI 37.9, %B 0.49, 저점거리 2.82%, 최근고점대비 0.82%, 반등확인 통과, 이격 안정, 1H 364.0 >= EMA20 335.2 (기준 0.998), 모멘텀 돌파 직전 4봉 고점 돌파=차단, 거래량배수=0.24, 양봉=통과, RSI=차단, 1H MTF=통과"
upbit,2026-09-07T00:23:52+09:00,KRW-NEAR,3240.0,29,RSI 범위 이탈,COMPLETE,2026-09-07T00:25:00+09:00,2026-09-07T01:53:52+09:00,3336.0,3209.0,3308.0,2.6751,-1.2337,1.8133,"1차 퀀트 관망 대기: 하드게이트 차단, 알파스코어 29점, MA5 <= MA20, RSI 29.6, %B 0.18, 저점거리 0.65%, 최근고점대비 2.84%, 반등확인 통과, 이격 안정, 1H 3278.0 >= EMA20 3142.2 (기준 0.998), 모멘텀 돌파 직전 4봉 고점 돌파=차단, 거래량배수=0.13, 양봉=통과, RSI=차단, 1H MTF=통과"
upbit,2026-09-07T00:23:54+09:00,KRW-ZAMA,80.0,39,RSI 범위 이탈,COMPLETE,2026-09-07T00:25:00+09:00,2026-09-07T01:53:54+09:00,80.8,77.1,77.3,0.7176,-3.8945,-3.6452,"1차 퀀트 관망 대기: 하드게이트 차단, 알파스코어 39점, MA5 <= MA20, RSI 28.4, %B 0.24, 저점거리 1.78%, 최근고점대비 5.25%, 반등확인 통과, 이격 안정, 1H 80.8 >= EMA20 75.5 (기준 0.998), 모멘텀 돌파 직전 4봉 고점 돌파=차단, 거래량배수=0.10, 양봉=통과, RSI=차단, 1H MTF=통과"
upbit,2026-09-07T00:23:55+09:00,KRW-PROM,7645.0,60,하드 게이트,COMPLETE,2026-09-07T00:25:00+09:00,2026-09-07T01:53:55+09:00,7685.0,7415.0,7450.0,0.2421,-3.2797,-2.8232,"1차 퀀트 관망 대기: 하드게이트 차단, 알파스코어 60점, MA5 > MA20, RSI 62.6, %B 1.02, 저점거리 2.48%, 최근고점대비 0.85%, 반등확인 통과, 이격 안정, 1H 7540.0 >= EMA20 7265.5 (기준 0.998), 모멘텀 돌파 직전 4봉 고점 돌파=통과, 거래량배수=3.07, 양봉=통과, RSI=통과, 1H MTF=통과"
upbit,2026-09-07T00:23:57+09:00,KRW-LINK,16630.0,24,하드 게이트,COMPLETE,2026-09-07T00:25:00+09:00,2026-09-07T01:53:57+09:00,16880.0,16580.0,16840.0,1.2195,-0.5794,0.9796,"1차 퀀트 관망 대기: 하드게이트 차단, 알파스코어 24점, MA5 <= MA20, RSI 33.9, %B 0.38, 저점거리 0.79%, 최근고점대비 0.78%, 반등확인 통과, 이격 안정, 1H 16600.0 >= EMA20 16616.8 (기준 0.998)"
upbit,2026-09-07T00:23:58+09:00,KRW-ONDO,510.0,42,상위 추세 미달,COMPLETE,2026-09-07T00:25:00+09:00,2026-09-07T01:53:58+09:00,516.0,509.0,516.0,0.8936,-0.4751,0.8936,"1차 퀀트 관망 대기: 하드게이트 차단, 알파스코어 42점, MA5 <= MA20, RSI 29.4, %B 0.28, 저점거리 0.79%, 최근고점대비 1.18%, 반등확인 통과, 이격 안정, 1H 510.0 < EMA20 511.2 (기준 0.998)"
upbit,2026-09-07T00:23:59+09:00,KRW-ENS,8200.0,24,상위 추세 미달,COMPLETE,2026-09-07T00:25:00+09:00,2026-09-07T01:53:59+09:00,8605.0,8180.0,8485.0,4.6456,-0.5228,3.1863,"1차 퀀트 관망 대기: 하드게이트 차단, 알파스코어 24점, MA5 <= MA20, RSI 26.7, %B 0.35, 저점거리 1.36%, 최근고점대비 1.04%, 반등확인 통과, 이격 안정, 1H 8190.0 < EMA20 8249.7 (기준 0.998)"
upbit,2026-09-07T00:24:01+09:00,KRW-VIRTUAL,942.0,39,하드 게이트,COMPLETE,2026-09-07T00:25:00+09:00,2026-09-07T01:54:01+09:00,958.0,942.0,954.0,1.4142,-0.2796,0.9907,"1차 퀀트 관망 대기: 하드게이트 차단, 알파스코어 39점, MA5 <= MA20, RSI 29.3, %B 0.24, 저점거리 0.53%, 최근고점대비 1.49%, 반등확인 통과, 이격 안정, 1H 944.0 >= EMA20 941.7 (기준 0.998)"
upbit,2026-09-07T00:24:02+09:00,KRW-JTO,612.0,34,RSI 범위 이탈,COMPLETE,2026-09-07T00:25:00+09:00,2026-09-07T01:54:02+09:00,635.0,607.0,617.0,3.4681,-1.0943,0.5351,"1차 퀀트 관망 대기: 하드게이트 차단, 알파스코어 34점, MA5 <= MA20, RSI 31.9, %B 0.39, 저점거리 1.66%, 최근고점대비 1.63%, 반등확인 통과, 이격 안정, 1H 607.0 >= EMA20 597.8 (기준 0.998), 모멘텀 돌파 직전 4봉 고점 돌파=통과, 거래량배수=0.37, 양봉=통과, RSI=차단, 1H MTF=통과"
upbit,2026-09-07T00:28:43+09:00,KRW-FLOCK,97.0,22,RSI 범위 이탈,COMPLETE,2026-09-07T00:30:00+09:00,2026-09-07T01:58:43+09:00,101.0,97.7,98.0,3.8326,0.44,0.7484,"1차 퀀트 관망 대기: 하드게이트 차단, 알파스코어 22점, MA5 <= MA20, RSI 24.1, %B 0.07, 저점거리 2.21%, 최근고점대비 6.19%, 반등확인 차단, 이격 안정, 1H 99.5 >= EMA20 95.7 (기준 0.998), 모멘텀 돌파 직전 4봉 고점 돌파=차단, 거래량배수=0.68, 양봉=차단, RSI=차단, 1H MTF=통과"
upbit,2026-09-07T00:28:44+09:00,KRW-NEAR,3214.0,29,RSI 범위 이탈,COMPLETE,2026-09-07T00:30:00+09:00,2026-09-07T01:58:44+09:00,3336.0,3209.0,3280.0,3.5057,-0.4347,1.7682,"1차 퀀트 관망 대기: 하드게이트 차단, 알파스코어 29점, MA5 <= MA20, RSI 30.4, %B 0.09, 저점거리 0.44%, 최근고점대비 3.67%, 반등확인 차단, 이격 안정, 1H 3278.0 >= EMA20 3142.2 (기준 0.998), 모멘텀 돌파 직전 4봉 고점 돌파=차단, 거래량배수=0.58, 양봉=차단, RSI=차단, 1H MTF=통과"
upbit,2026-09-07T00:28:46+09:00,KRW-ZAMA,80.2,39,RSI 범위 이탈,COMPLETE,2026-09-07T00:30:00+09:00,2026-09-07T01:58:46+09:00,80.7,77.1,77.9,0.3421,-4.1341,-3.1394,"1차 퀀트 관망 대기: 하드게이트 차단, 알파스코어 39점, MA5 <= MA20, RSI 27.8, %B 0.29, 저점거리 2.04%, 최근고점대비 4.99%, 반등확인 통과, 이격 안정, 1H 80.8 >= EMA20 75.5 (기준 0.998), 모멘텀 돌파 직전 4봉 고점 돌파=차단, 거래량배수=0.20, 양봉=통과, RSI=차단, 1H MTF=통과"
upbit,2026-09-07T00:28:47+09:00,KRW-PROM,7625.0,62,돌파 미확인,COMPLETE,2026-09-07T00:30:00+09:00,2026-09-07T01:58:47+09:00,7670.0,7415.0,7445.0,0.3089,-3.026,-2.6337,"1차 퀀트 관망 대기: 하드게이트 차단, 알파스코어 62점, MA5 > MA20, RSI 58.9, %B 0.87, 저점거리 2.21%, 최근고점대비 1.64%, 반등확인 차단, 이격 안정, 1H 7540.0 >= EMA20 7265.5 (기준 0.998), 모멘텀 돌파 직전 4봉 고점 돌파=차단, 거래량배수=3.02, 양봉=차단, RSI=통과, 1H MTF=통과"
upbit,2026-09-07T00:28:48+09:00,KRW-LINK,16610.0,24,반등 미확인,COMPLETE,2026-09-07T00:30:00+09:00,2026-09-07T01:58:48+09:00,16880.0,16580.0,16770.0,1.3414,-0.4597,0.681,"1차 퀀트 관망 대기: 하드게이트 차단, 알파스코어 24점, MA5 <= MA20, RSI 34.5, %B 0.34, 저점거리 0.67%, 최근고점대비 0.42%, 반등확인 차단, 이격 안정, 1H 16600.0 >= EMA20 16616.8 (기준 0.998)"
upbit,2026-09-07T00:28:49+09:00,KRW-ENS,8190.0,24,상위 추세 미달,COMPLETE,2026-09-07T00:30:00+09:00,2026-09-07T01:58:49+09:00,8605.0,8180.0,8450.0,4.7734,-0.4014,2.8861,"1차 퀀트 관망 대기: 하드게이트 차단, 알파스코어 24점, MA5 <= MA20, RSI 30.2, %B 0.33, 저점거리 1.24%, 최근고점대비 0.55%, 반등확인 차단, 이격 안정, 1H 8190.0 < EMA20 8249.7 (기준 0.998)"
upbit,2026-09-07T00:28:50+09:00,KRW-ONDO,509.0,39,상위 추세 미달,COMPLETE,2026-09-07T00:30:00+09:00,2026-09-07T01:58:50+09:00,516.0,509.0,515.0,1.0918,-0.2796,0.8959,"1차 퀀트 관망 대기: 하드게이트 차단, 알파스코어 39점, MA5 <= MA20, RSI 31.2, %B 0.23, 저점거리 0.59%, 최근고점대비 0.79%, 반등확인 차단, 이격 안정, 1H 510.0 < EMA20 511.2 (기준 0.998)"
upbit,2026-09-07T00:28:50+09:00,KRW-VIRTUAL,944.0,34,하드 게이트,COMPLETE,2026-09-07T00:30:00+09:00,2026-09-07T01:58:50+09:00,958.0,942.0,953.0,1.1993,-0.4909,0.6711,"1차 퀀트 관망 대기: 하드게이트 차단, 알파스코어 34점, MA5 <= MA20, RSI 34.1, %B 0.31, 저점거리 0.75%, 최근고점대비 0.85%, 반등확인 통과, 이격 안정, 1H 944.0 >= EMA20 941.7 (기준 0.998)"
upbit,2026-09-07T00:28:51+09:00,KRW-JTO,610.0,29,RSI 범위 이탈,COMPLETE,2026-09-07T00:30:00+09:00,2026-09-07T01:58:51+09:00,635.0,607.0,614.0,3.8073,-0.77,0.3743,"1차 퀀트 관망 대기: 하드게이트 차단, 알파스코어 29점, MA5 <= MA20, RSI 33.3, %B 0.35, 저점거리 1.33%, 최근고점대비 0.82%, 반등확인 차단, 이격 안정, 1H 607.0 >= EMA20 597.8 (기준 0.998), 모멘텀 돌파 직전 4봉 고점 돌파=차단, 거래량배수=0.07, 양봉=차단, RSI=차단, 1H MTF=통과"
upbit,2026-09-07T00:28:51+09:00,KRW-MET2,292.0,44,RSI 범위 이탈,COMPLETE,2026-09-07T00:30:00+09:00,2026-09-07T01:58:51+09:00,300.0,290.0,290.0,2.4525,-0.9626,-0.9626,"1차 퀀트 관망 대기: 하드게이트 통과, 알파스코어 44점, MA5 <= MA20, RSI 48.3, %B 0.50, 저점거리 2.82%, 최근고점대비 0.00%, 반등확인 통과, 이격 안정, 1H 292.0 >= EMA20 278.3 (기준 0.998), 모멘텀 돌파 직전 4봉 고점 돌파=차단, 거래량배수=0.44, 양봉=통과, RSI=차단, 1H MTF=통과"
upbit,2026-09-07T00:33:36+09:00,KRW-FLOCK,99.2,35,RSI 범위 이탈,COMPLETE,2026-09-07T00:35:00+09:00,2026-09-07T02:03:36+09:00,99.8,97.7,97.5,0.3235,-1.7875,-1.9885,"1차 퀀트 관망 대기: 하드게이트 차단, 알파스코어 35점, MA5 <= MA20, RSI 39.1, %B 0.35, 저점거리 4.53%, 최근고점대비 3.83%, 반등확인 통과, 이격 안정, 1H 99.5 >= EMA20 95.7 (기준 0.998), 모멘텀 돌파 직전 4봉 고점 돌파=차단, 거래량배수=1.55, 양봉=통과, RSI=차단, 1H MTF=통과"
upbit,2026-09-07T00:33:37+09:00,KRW-JUP,366.0,52,RSI 범위 이탈,COMPLETE,2026-09-07T00:35:00+09:00,2026-09-07T02:03:37+09:00,370.0,359.0,365.0,0.8102,-2.1868,-0.5521,"1차 퀀트 관망 대기: 하드게이트 통과, 알파스코어 52점, MA5 <= MA20, RSI 46.4, %B 0.63, 저점거리 3.39%, 최근고점대비 0.27%, 반등확인 통과, 이격 안정, 1H 364.0 >= EMA20 335.2 (기준 0.998), 모멘텀 돌파 직전 4봉 고점 돌파=차단, 거래량배수=0.58, 양봉=통과, RSI=차단, 1H MTF=통과"
upbit,2026-09-07T00:33:38+09:00,KRW-NEAR,3229.0,39,RSI 범위 이탈,COMPLETE,2026-09-07T00:35:00+09:00,2026-09-07T02:03:38+09:00,3336.0,3209.0,3270.0,3.0248,-0.8973,0.9866,"1차 퀀트 관망 대기: 하드게이트 차단, 알파스코어 39점, MA5 <= MA20, RSI 35.5, %B 0.20, 저점거리 0.91%, 최근고점대비 3.19%, 반등확인 통과, 이격 안정, 1H 3278.0 >= EMA20 3142.2 (기준 0.998), 모멘텀 돌파 직전 4봉 고점 돌파=차단, 거래량배수=0.23, 양봉=통과, RSI=차단, 1H MTF=통과"
upbit,2026-09-07T00:33:39+09:00,KRW-ZAMA,80.6,29,RSI 범위 이탈,COMPLETE,2026-09-07T00:35:00+09:00,2026-09-07T02:03:39+09:00,80.7,77.1,77.4,-0.1559,-4.6099,-4.2387,"1차 퀀트 관망 대기: 하드게이트 차단, 알파스코어 29점, MA5 <= MA20, RSI 35.5, %B 0.35, 저점거리 2.54%, 최근고점대비 2.11%, 반등확인 통과, 이격 안정, 1H 80.8 >= EMA20 75.5 (기준 0.998), 모멘텀 돌파 직전 4봉 고점 돌파=통과, 거래량배수=0.16, 양봉=통과, RSI=차단, 1H MTF=통과"
upbit,2026-09-07T00:33:39+09:00,KRW-PROM,7635.0,59,거래량 부족,COMPLETE,2026-09-07T00:35:00+09:00,2026-09-07T02:03:39+09:00,7670.0,7415.0,7455.0,0.1775,-3.153,-2.6306,"1차 퀀트 관망 대기: 하드게이트 차단, 알파스코어 59점, MA5 > MA20, RSI 57.3, %B 0.87, 저점거리 2.35%, 최근고점대비 1.51%, 반등확인 통과, 이격 안정, 1H 7540.0 >= EMA20 7265.5 (기준 0.998), 모멘텀 돌파 직전 4봉 고점 돌파=차단, 거래량배수=0.43, 양봉=통과, RSI=통과, 1H MTF=통과"
upbit,2026-09-07T00:33:40+09:00,KRW-ENS,8205.0,34,상위 추세 미달,COMPLETE,2026-09-07T00:35:00+09:00,2026-09-07T02:03:40+09:00,8605.0,8190.0,8415.0,4.5818,-0.4619,2.2727,"1차 퀀트 관망 대기: 하드게이트 차단, 알파스코어 34점, MA5 <= MA20, RSI 36.5, %B 0.41, 저점거리 1.42%, 최근고점대비 0.06%, 반등확인 통과, 이격 안정, 1H 8190.0 < EMA20 8249.7 (기준 0.998)"
upbit,2026-09-07T00:33:40+09:00,KRW-ONDO,510.0,29,상위 추세 미달,COMPLETE,2026-09-07T00:35:00+09:00,2026-09-07T02:03:40+09:00,516.0,509.0,515.0,0.8936,-0.4751,0.698,"1차 퀀트 관망 대기: 하드게이트 차단, 알파스코어 29점, MA5 <= MA20, RSI 35.3, %B 0.33, 저점거리 0.79%, 최근고점대비 0.59%, 반등확인 통과, 이격 안정, 1H 510.0 < EMA20 511.2 (기준 0.998)"
upbit,2026-09-07T00:33:41+09:00,KRW-LINK,16620.0,24,하드 게이트,COMPLETE,2026-09-07T00:35:00+09:00,2026-09-07T02:03:41+09:00,16880.0,16600.0,16730.0,1.2804,-0.3996,0.3804,"1차 퀀트 관망 대기: 하드게이트 차단, 알파스코어 24점, MA5 <= MA20, RSI 35.6, %B 0.38, 저점거리 0.73%, 최근고점대비 0.30%, 반등확인 통과, 이격 안정, 1H 16600.0 >= EMA20 16616.8 (기준 0.998)"
upbit,2026-09-07T00:33:42+09:00,KRW-JTO,609.0,29,RSI 범위 이탈,COMPLETE,2026-09-07T00:35:00+09:00,2026-09-07T02:03:42+09:00,635.0,607.0,609.0,3.9777,-0.6071,-0.2796,"1차 퀀트 관망 대기: 하드게이트 차단, 알파스코어 29점, MA5 <= MA20, RSI 34.1, %B 0.34, 저점거리 1.16%, 최근고점대비 0.99%, 반등확인 통과, 이격 안정, 1H 607.0 >= EMA20 597.8 (기준 0.998), 모멘텀 돌파 직전 4봉 고점 돌파=차단, 거래량배수=0.48, 양봉=통과, RSI=차단, 1H MTF=통과"
upbit,2026-09-07T00:33:43+09:00,KRW-SPK,30.1,29,RSI 범위 이탈,COMPLETE,2026-09-07T00:35:00+09:00,2026-09-07T02:03:43+09:00,30.5,30.0,30.1,1.0456,-0.6109,-0.2796,"1차 퀀트 관망 대기: 하드게이트 차단, 알파스코어 29점, MA5 <= MA20, RSI 33.3, %B 0.49, 저점거리 1.01%, 최근고점대비 0.00%, 반등확인 통과, 이격 안정, 1H 30.0 >= EMA20 30.0 (기준 0.998), 모멘텀 돌파 직전 4봉 고점 돌파=차단, 거래량배수=0.47, 양봉=통과, RSI=차단, 1H MTF=통과"
upbit,2026-09-07T00:38:54+09:00,KRW-FLOCK,98.8,32,RSI 범위 이탈,COMPLETE,2026-09-07T00:40:00+09:00,2026-09-07T02:08:54+09:00,99.8,97.4,97.0,0.7297,-1.6927,-2.0964,"1차 퀀트 관망 대기: 하드게이트 차단, 알파스코어 32점, MA5 <= MA20, RSI 37.9, %B 0.31, 저점거리 4.11%, 최근고점대비 4.25%, 반등확인 차단, 이격 안정, 1H 99.5 >= EMA20 95.7 (기준 0.998), 모멘텀 돌파 직전 4봉 고점 돌파=차단, 거래량배수=0.97, 양봉=차단, RSI=차단, 1H MTF=통과"
upbit,2026-09-07T00:38:55+09:00,KRW-NEAR,3224.0,54,RSI 범위 이탈,COMPLETE,2026-09-07T00:40:00+09:00,2026-09-07T02:08:55+09:00,3336.0,3240.0,3270.0,3.1846,0.2153,1.1432,"1차 퀀트 관망 대기: 하드게이트 차단, 알파스코어 54점, MA5 <= MA20, RSI 43.2, %B 0.21, 저점거리 0.75%, 최근고점대비 3.35%, 반등확인 차단, 이격 안정, 1H 3278.0 >= EMA20 3142.2 (기준 0.998), 모멘텀 돌파 직전 4봉 고점 돌파=차단, 거래량배수=0.09, 양봉=차단, RSI=차단, 1H MTF=통과"
upbit,2026-09-07T00:38:56+09:00,KRW-ZAMA,79.9,49,RSI 범위 이탈,COMPLETE,2026-09-07T00:40:00+09:00,2026-09-07T02:08:56+09:00,80.7,77.1,77.9,0.7188,-3.7742,-2.7757,"1차 퀀트 관망 대기: 하드게이트 차단, 알파스코어 49점, MA5 <= MA20, RSI 36.5, %B 0.29, 저점거리 1.65%, 최근고점대비 2.75%, 반등확인 차단, 이격 안정, 1H 80.8 >= EMA20 75.5 (기준 0.998), 모멘텀 돌파 직전 4봉 고점 돌파=차단, 거래량배수=0.11, 양봉=차단, RSI=차단, 1H MTF=통과"
upbit,2026-09-07T00:38:57+09:00,KRW-JTO,608.0,49,RSI 범위 이탈,COMPLETE,2026-09-07T00:40:00+09:00,2026-09-07T02:08:57+09:00,635.0,609.0,614.0,4.1488,-0.1156,0.7045,"1차 퀀트 관망 대기: 하드게이트 통과, 알파스코어 49점, MA5 <= MA20, RSI 45.5, %B 0.33, 저점거리 1.00%, 최근고점대비 0.99%, 반등확인 차단, 이격 안정, 1H 607.0 >= EMA20 597.8 (기준 0.998), 모멘텀 돌파 직전 4봉 고점 돌파=차단, 거래량배수=0.28, 양봉=차단, RSI=차단, 1H MTF=통과"
upbit,2026-09-07T00:38:59+09:00,KRW-MET2,294.0,74,거래량 부족,COMPLETE,2026-09-07T00:40:00+09:00,2026-09-07T02:08:59+09:00,300.0,288.0,293.0,1.7555,-2.3147,-0.6188,"1차 퀀트 관망 대기: 하드게이트 통과, 알파스코어 74점, MA5 <= MA20, RSI 55.6, %B 0.70, 저점거리 3.52%, 최근고점대비 0.34%, 반등확인 통과, 이격 안정, 1H 292.0 >= EMA20 278.3 (기준 0.998), 모멘텀 돌파 직전 4봉 고점 돌파=차단, 거래량배수=0.10, 양봉=통과, RSI=통과, 1H MTF=통과"
upbit,2026-09-07T00:39:00+09:00,KRW-WLD,554.0,39,반등 미확인,COMPLETE,2026-09-07T00:40:00+09:00,2026-09-07T02:09:00+09:00,563.0,554.0,559.0,1.3404,-0.2796,0.6204,"1차 퀀트 관망 대기: 하드게이트 차단, 알파스코어 39점, MA5 <= MA20, RSI 25.0, %B 0.20, 저점거리 0.36%, 최근고점대비 1.26%, 반등확인 차단, 이격 안정, 1H 557.0 >= EMA20 552.6 (기준 0.998)"
upbit,2026-09-07T00:39:01+09:00,KRW-VIRTUAL,942.0,44,반등 미확인,COMPLETE,2026-09-07T00:40:00+09:00,2026-09-07T02:09:01+09:00,958.0,943.0,952.0,1.4142,-0.1737,0.779,"1차 퀀트 관망 대기: 하드게이트 차단, 알파스코어 44점, MA5 <= MA20, RSI 30.6, %B 0.29, 저점거리 0.53%, 최근고점대비 0.85%, 반등확인 차단, 이격 안정, 1H 944.0 >= EMA20 941.7 (기준 0.998)"
upbit,2026-09-07T00:39:02+09:00,KRW-QUID,92.3,77,상위 추세 미달,COMPLETE,2026-09-07T00:40:00+09:00,2026-09-07T02:09:02+09:00,92.8,91.8,92.3,0.2606,-0.8198,-0.2796,"1차 퀀트 관망 대기: 하드게이트 차단, 알파스코어 77점, MA5 <= MA20, RSI 48.6, %B 0.48, 저점거리 0.54%, 최근고점대비 0.22%, 반등확인 통과, 이격 안정, 1H 92.1 < EMA20 92.5 (기준 0.998)"
upbit,2026-09-07T00:39:03+09:00,KRW-ENS,8195.0,39,상위 추세 미달,COMPLETE,2026-09-07T00:40:00+09:00,2026-09-07T02:09:03+09:00,8605.0,8245.0,8445.0,4.7095,0.3288,2.7625,"1차 퀀트 관망 대기: 하드게이트 차단, 알파스코어 39점, MA5 <= MA20, RSI 41.3, %B 0.39, 저점거리 1.30%, 최근고점대비 0.18%, 반등확인 통과, 이격 안정, 1H 8190.0 < EMA20 8249.7 (기준 0.998)"
upbit,2026-09-07T00:39:04+09:00,KRW-SPK,30.1,59,RSI 범위 이탈,COMPLETE,2026-09-07T00:40:00+09:00,2026-09-07T02:09:04+09:00,30.5,30.0,30.1,1.0456,-0.6109,-0.2796,"1차 퀀트 관망 대기: 하드게이트 차단, 알파스코어 59점, MA5 <= MA20, RSI 40.0, %B 0.50, 저점거리 1.01%, 최근고점대비 0.00%, 반등확인 통과, 이격 안정, 1H 30.0 >= EMA20 30.0 (기준 0.998), 모멘텀 돌파 직전 4봉 고점 돌파=차단, 거래량배수=0.25, 양봉=통과, RSI=차단, 1H MTF=통과"
upbit,2026-09-07T00:43:35+09:00,KRW-FLOCK,98.5,32,RSI 범위 이탈,COMPLETE,2026-09-07T00:45:00+09:00,2026-09-07T02:13:35+09:00,99.8,96.8,96.9,1.0365,-2.0007,-1.8994,"1차 퀀트 관망 대기: 하드게이트 차단, 알파스코어 32점, MA5 <= MA20, RSI 32.0, %B 0.28, 저점거리 3.79%, 최근고점대비 3.55%, 반등확인 차단, 이격 안정, 1H 99.5 >= EMA20 95.7 (기준 0.998), 모멘텀 돌파 직전 4봉 고점 돌파=차단, 거래량배수=0.40, 양봉=차단, RSI=차단, 1H MTF=통과"
upbit,2026-09-07T00:43:36+09:00,KRW-NEAR,3247.0,44,RSI 범위 이탈,COMPLETE,2026-09-07T00:45:00+09:00,2026-09-07T02:13:36+09:00,3336.0,3251.0,3270.0,2.4537,-0.1568,0.4268,"1차 퀀트 관망 대기: 하드게이트 차단, 알파스코어 44점, MA5 <= MA20, RSI 46.0, %B 0.35, 저점거리 1.47%, 최근고점대비 2.62%, 반등확인 통과, 이격 안정, 1H 3278.0 >= EMA20 3142.2 (기준 0.998), 모멘텀 돌파 직전 4봉 고점 돌파=통과, 거래량배수=0.45, 양봉=통과, RSI=차단, 1H MTF=통과"
upbit,2026-09-07T00:43:37+09:00,KRW-JTO,609.0,49,RSI 범위 이탈,COMPLETE,2026-09-07T00:45:00+09:00,2026-09-07T02:13:37+09:00,635.0,609.0,617.0,3.9777,-0.2796,1.0303,"1차 퀀트 관망 대기: 하드게이트 통과, 알파스코어 49점, MA5 <= MA20, RSI 43.8, %B 0.38, 저점거리 1.16%, 최근고점대비 0.82%, 반등확인 통과, 이격 안정, 1H 607.0 >= EMA20 597.8 (기준 0.998), 모멘텀 돌파 직전 4봉 고점 돌파=차단, 거래량배수=0.31, 양봉=통과, RSI=차단, 1H MTF=통과"
upbit,2026-09-07T00:43:37+09:00,KRW-MET2,295.0,65,돌파 미확인,COMPLETE,2026-09-07T00:45:00+09:00,2026-09-07T02:13:37+09:00,300.0,288.0,289.0,1.4106,-2.6459,-2.3078,"1차 퀀트 관망 대기: 하드게이트 차단, 알파스코어 65점, MA5 > MA20, RSI 57.1, %B 0.82, 저점거리 3.87%, 최근고점대비 0.00%, 반등확인 통과, 이격 안정, 1H 292.0 >= EMA20 278.3 (기준 0.998), 모멘텀 돌파 직전 4봉 고점 돌파=차단, 거래량배수=2.02, 양봉=통과, RSI=통과, 1H MTF=통과"
upbit,2026-09-07T00:43:38+09:00,KRW-WLD,556.0,39,하드 게이트,COMPLETE,2026-09-07T00:45:00+09:00,2026-09-07T02:13:38+09:00,563.0,554.0,561.0,0.9759,-0.6383,0.6172,"1차 퀀트 관망 대기: 하드게이트 차단, 알파스코어 39점, MA5 <= MA20, RSI 38.1, %B 0.31, 저점거리 0.72%, 최근고점대비 0.72%, 반등확인 통과, 이격 안정, 1H 557.0 >= EMA20 552.6 (기준 0.998)"
upbit,2026-09-07T00:43:40+09:00,KRW-JUP,362.0,52,RSI 범위 이탈,COMPLETE,2026-09-07T00:45:00+09:00,2026-09-07T02:13:40+09:00,370.0,360.0,366.0,1.9242,-0.8305,0.8223,"1차 퀀트 관망 대기: 하드게이트 통과, 알파스코어 52점, MA5 > MA20, RSI 50.0, %B 0.39, 저점거리 1.40%, 최근고점대비 1.38%, 반등확인 통과, 이격 안정, 1H 364.0 >= EMA20 335.2 (기준 0.998), 모멘텀 돌파 직전 4봉 고점 돌파=차단, 거래량배수=0.22, 양봉=통과, RSI=차단, 1H MTF=통과"
upbit,2026-09-07T00:43:41+09:00,KRW-ONDO,510.0,39,상위 추세 미달,COMPLETE,2026-09-07T00:45:00+09:00,2026-09-07T02:13:41+09:00,516.0,509.0,515.0,0.8936,-0.4751,0.698,"1차 퀀트 관망 대기: 하드게이트 차단, 알파스코어 39점, MA5 <= MA20, RSI 46.1, %B 0.37, 저점거리 0.79%, 최근고점대비 0.59%, 반등확인 통과, 이격 안정, 1H 510.0 < EMA20 511.2 (기준 0.998)"
upbit,2026-09-07T00:43:42+09:00,KRW-VIRTUAL,944.0,49,복합 조건 미달,COMPLETE,2026-09-07T00:45:00+09:00,2026-09-07T02:13:42+09:00,958.0,943.0,953.0,1.1993,-0.3852,0.6711,"1차 퀀트 관망 대기: 하드게이트 통과, 알파스코어 49점, MA5 <= MA20, RSI 46.4, %B 0.37, 저점거리 0.75%, 최근고점대비 0.64%, 반등확인 통과, 이격 안정, 1H 944.0 >= EMA20 941.7 (기준 0.998)"
upbit,2026-09-07T00:43:43+09:00,KRW-ENS,8225.0,72,상위 추세 미달,COMPLETE,2026-09-07T00:45:00+09:00,2026-09-07T02:13:43+09:00,8605.0,8260.0,8480.0,4.3275,0.1447,2.812,"1차 퀀트 관망 대기: 하드게이트 차단, 알파스코어 72점, MA5 <= MA20, RSI 61.0, %B 0.54, 저점거리 1.23%, 최근고점대비 0.24%, 반등확인 통과, 이격 안정, 1H 8190.0 < EMA20 8249.7 (기준 0.998)"
upbit,2026-09-07T00:43:44+09:00,KRW-SPK,30.1,44,거래량 부족,COMPLETE,2026-09-07T00:45:00+09:00,2026-09-07T02:13:44+09:00,30.5,30.1,30.1,1.0456,-0.2796,-0.2796,"1차 퀀트 관망 대기: 하드게이트 차단, 알파스코어 44점, MA5 <= MA20, RSI 66.7, %B 0.52, 저점거리 0.67%, 최근고점대비 0.00%, 반등확인 통과, 이격 안정, 1H 30.0 >= EMA20 30.0 (기준 0.998), 모멘텀 돌파 직전 4봉 고점 돌파=차단, 거래량배수=0.97, 양봉=통과, RSI=통과, 1H MTF=통과"
upbit,2026-09-07T00:48:43+09:00,KRW-FLOCK,98.8,32,RSI 범위 이탈,COMPLETE,2026-09-07T00:50:00+09:00,2026-09-07T02:18:43+09:00,99.8,96.8,96.9,0.7297,-2.2982,-2.1973,"1차 퀀트 관망 대기: 하드게이트 차단, 알파스코어 32점, MA5 <= MA20, RSI 36.4, %B 0.34, 저점거리 2.07%, 최근고점대비 2.23%, 반등확인 통과, 이격 안정, 1H 99.5 >= EMA20 95.7 (기준 0.998), 모멘텀 돌파 직전 4봉 고점 돌파=차단, 거래량배수=0.19, 양봉=통과, RSI=차단, 1H MTF=통과"
upbit,2026-09-07T00:48:45+09:00,KRW-NEAR,3270.0,44,RSI 범위 이탈,COMPLETE,2026-09-07T00:50:00+09:00,2026-09-07T02:18:45+09:00,3336.0,3251.0,3256.0,1.7331,-0.859,-0.7065,"1차 퀀트 관망 대기: 하드게이트 통과, 알파스코어 44점, MA5 <= MA20, RSI 49.2, %B 0.51, 저점거리 2.19%, 최근고점대비 1.90%, 반등확인 통과, 이격 안정, 1H 3278.0 >= EMA20 3142.2 (기준 0.998), 모멘텀 돌파 직전 4봉 고점 돌파=통과, 거래량배수=0.33, 양봉=통과, RSI=차단, 1H MTF=통과"
upbit,2026-09-07T00:48:47+09:00,KRW-ZAMA,79.8,39,RSI 범위 이탈,COMPLETE,2026-09-07T00:50:00+09:00,2026-09-07T02:18:47+09:00,80.7,77.1,77.9,0.8451,-3.6536,-2.6539,"1차 퀀트 관망 대기: 하드게이트 차단, 알파스코어 39점, MA5 <= MA20, RSI 36.7, %B 0.32, 저점거리 1.53%, 최근고점대비 2.38%, 반등확인 통과, 이격 안정, 1H 80.8 >= EMA20 75.5 (기준 0.998), 모멘텀 돌파 직전 4봉 고점 돌파=차단, 거래량배수=0.01, 양봉=통과, RSI=차단, 1H MTF=통과"
upbit,2026-09-07T00:48:48+09:00,KRW-JTO,611.0,49,RSI 범위 이탈,COMPLETE,2026-09-07T00:50:00+09:00,2026-09-07T02:18:48+09:00,635.0,609.0,616.0,3.6374,-0.606,0.5364,"1차 퀀트 관망 대기: 하드게이트 통과, 알파스코어 49점, MA5 <= MA20, RSI 50.0, %B 0.48, 저점거리 1.50%, 최근고점대비 0.49%, 반등확인 통과, 이격 안정, 1H 607.0 >= EMA20 597.8 (기준 0.998), 모멘텀 돌파 직전 4봉 고점 돌파=차단, 거래량배수=0.06, 양봉=통과, RSI=차단, 1H MTF=통과"
upbit,2026-09-07T00:48:50+09:00,KRW-WLD,557.0,44,복합 조건 미달,COMPLETE,2026-09-07T00:50:00+09:00,2026-09-07T02:18:50+09:00,563.0,554.0,561.0,0.7946,-0.8167,0.4365,"1차 퀀트 관망 대기: 하드게이트 통과, 알파스코어 44점, MA5 <= MA20, RSI 45.0, %B 0.38, 저점거리 0.91%, 최근고점대비 0.54%, 반등확인 통과, 이격 안정, 1H 557.0 >= EMA20 552.6 (기준 0.998)"
upbit,2026-09-07T00:48:51+09:00,KRW-PROM,7530.0,59,RSI 범위 이탈,COMPLETE,2026-09-07T00:50:00+09:00,2026-09-07T02:18:51+09:00,7635.0,7405.0,7400.0,1.1109,-1.935,-2.0012,"1차 퀀트 관망 대기: 하드게이트 통과, 알파스코어 59점, MA5 > MA20, RSI 44.6, %B 0.31, 저점거리 0.94%, 최근고점대비 2.92%, 반등확인 차단, 이격 안정, 1H 7540.0 >= EMA20 7265.5 (기준 0.998), 모멘텀 돌파 직전 4봉 고점 돌파=차단, 거래량배수=0.58, 양봉=차단, RSI=차단, 1H MTF=통과"
upbit,2026-09-07T00:48:52+09:00,KRW-JUP,359.0,47,RSI 범위 이탈,COMPLETE,2026-09-07T00:50:00+09:00,2026-09-07T02:18:52+09:00,370.0,360.0,365.0,2.7759,-0.0018,1.387,"1차 퀀트 관망 대기: 하드게이트 통과, 알파스코어 47점, MA5 <= MA20, RSI 48.1, %B 0.20, 저점거리 0.56%, 최근고점대비 2.23%, 반등확인 차단, 이격 안정, 1H 364.0 >= EMA20 335.2 (기준 0.998), 모멘텀 돌파 직전 4봉 고점 돌파=차단, 거래량배수=0.41, 양봉=차단, RSI=차단, 1H MTF=통과"
upbit,2026-09-07T00:48:53+09:00,KRW-ONDO,511.0,39,상위 추세 미달,COMPLETE,2026-09-07T00:50:00+09:00,2026-09-07T02:18:53+09:00,516.0,509.0,515.0,0.6961,-0.6699,0.501,"1차 퀀트 관망 대기: 하드게이트 차단, 알파스코어 39점, MA5 <= MA20, RSI 53.9, %B 0.49, 저점거리 0.99%, 최근고점대비 0.39%, 반등확인 통과, 이격 안정, 1H 510.0 < EMA20 511.2 (기준 0.998)"
upbit,2026-09-07T00:48:54+09:00,KRW-VIRTUAL,947.0,49,복합 조건 미달,COMPLETE,2026-09-07T00:50:00+09:00,2026-09-07T02:18:54+09:00,958.0,943.0,953.0,0.8787,-0.7008,0.3522,"1차 퀀트 관망 대기: 하드게이트 통과, 알파스코어 49점, MA5 <= MA20, RSI 51.6, %B 0.52, 저점거리 1.07%, 최근고점대비 0.32%, 반등확인 통과, 이격 안정, 1H 944.0 >= EMA20 941.7 (기준 0.998)"
upbit,2026-09-07T00:48:54+09:00,KRW-ENS,8255.0,49,상위 추세 미달,COMPLETE,2026-09-07T00:50:00+09:00,2026-09-07T02:18:54+09:00,8605.0,8265.0,8465.0,3.9484,-0.1588,2.2572,"1차 퀀트 관망 대기: 하드게이트 차단, 알파스코어 49점, MA5 > MA20, RSI 67.4, %B 0.74, 저점거리 1.60%, 최근고점대비 0.00%, 반등확인 통과, 이격 안정, 1H 8190.0 < EMA20 8249.7 (기준 0.998)"
upbit,2026-09-07T00:53:38+09:00,KRW-FLOCK,98.4,22,RSI 범위 이탈,COMPLETE,2026-09-07T00:55:00+09:00,2026-09-07T02:23:38+09:00,99.8,96.7,100.0,1.1392,-2.0024,1.3419,"1차 퀀트 관망 대기: 하드게이트 차단, 알파스코어 22점, MA5 <= MA20, RSI 35.2, %B 0.31, 저점거리 1.65%, 최근고점대비 2.64%, 반등확인 차단, 이격 안정, 1H 99.5 >= EMA20 95.7 (기준 0.998), 모멘텀 돌파 직전 4봉 고점 돌파=차단, 거래량배수=0.24, 양봉=차단, RSI=차단, 1H MTF=통과"
upbit,2026-09-07T00:53:40+09:00,KRW-NEAR,3265.0,44,RSI 범위 이탈,COMPLETE,2026-09-07T00:55:00+09:00,2026-09-07T02:23:40+09:00,3336.0,3250.0,3244.0,1.8889,-0.7377,-0.921,"1차 퀀트 관망 대기: 하드게이트 차단, 알파스코어 44점, MA5 <= MA20, RSI 45.7, %B 0.51, 저점거리 2.03%, 최근고점대비 1.78%, 반등확인 차단, 이격 안정, 1H 3278.0 >= EMA20 3142.2 (기준 0.998), 모멘텀 돌파 직전 4봉 고점 돌파=차단, 거래량배수=0.27, 양봉=차단, RSI=차단, 1H MTF=통과"
upbit,2026-09-07T00:53:42+09:00,KRW-ZAMA,79.5,54,RSI 범위 이탈,COMPLETE,2026-09-07T00:55:00+09:00,2026-09-07T02:23:42+09:00,79.9,77.1,77.5,0.2221,-3.29,-2.7883,"1차 퀀트 관망 대기: 하드게이트 차단, 알파스코어 54점, MA5 <= MA20, RSI 40.3, %B 0.29, 저점거리 1.15%, 최근고점대비 2.39%, 반등확인 차단, 이격 안정, 1H 80.8 >= EMA20 75.5 (기준 0.998), 모멘텀 돌파 직전 4봉 고점 돌파=차단, 거래량배수=0.08, 양봉=차단, RSI=차단, 1H MTF=통과"
upbit,2026-09-07T00:53:43+09:00,KRW-JTO,609.0,49,거래량 부족,COMPLETE,2026-09-07T00:55:00+09:00,2026-09-07T02:23:43+09:00,635.0,609.0,615.0,3.9777,-0.2796,0.7029,"1차 퀀트 관망 대기: 하드게이트 통과, 알파스코어 49점, MA5 <= MA20, RSI 53.3, %B 0.42, 저점거리 1.16%, 최근고점대비 0.82%, 반등확인 차단, 이격 안정, 1H 607.0 >= EMA20 597.8 (기준 0.998), 모멘텀 돌파 직전 4봉 고점 돌파=차단, 거래량배수=1.00, 양봉=차단, RSI=통과, 1H MTF=통과"
upbit,2026-09-07T00:53:44+09:00,KRW-WLD,557.0,44,RSI 범위 이탈,COMPLETE,2026-09-07T00:55:00+09:00,2026-09-07T02:23:44+09:00,563.0,554.0,559.0,0.7946,-0.8167,0.0785,"1차 퀀트 관망 대기: 하드게이트 통과, 알파스코어 44점, MA5 <= MA20, RSI 45.0, %B 0.40, 저점거리 0.91%, 최근고점대비 0.36%, 반등확인 통과, 이격 안정, 1H 557.0 >= EMA20 552.6 (기준 0.998), 모멘텀 돌파 직전 4봉 고점 돌파=차단, 거래량배수=0.04, 양봉=통과, RSI=차단, 1H MTF=통과"
upbit,2026-09-07T00:53:45+09:00,KRW-PROM,7550.0,59,거래량 부족,COMPLETE,2026-09-07T00:55:00+09:00,2026-09-07T02:23:45+09:00,7635.0,7370.0,7325.0,0.8431,-2.657,-3.2514,"1차 퀀트 관망 대기: 하드게이트 통과, 알파스코어 59점, MA5 > MA20, RSI 52.9, %B 0.40, 저점거리 0.94%, 최근고점대비 2.65%, 반등확인 통과, 이격 안정, 1H 7540.0 >= EMA20 7265.5 (기준 0.998), 모멘텀 돌파 직전 4봉 고점 돌파=차단, 거래량배수=0.50, 양봉=통과, RSI=통과, 1H MTF=통과"
upbit,2026-09-07T00:53:45+09:00,KRW-ONDO,509.0,44,상위 추세 미달,COMPLETE,2026-09-07T00:55:00+09:00,2026-09-07T02:23:45+09:00,516.0,510.0,513.0,1.0918,-0.0837,0.504,"1차 퀀트 관망 대기: 하드게이트 차단, 알파스코어 44점, MA5 <= MA20, RSI 38.5, %B 0.27, 저점거리 0.59%, 최근고점대비 0.79%, 반등확인 차단, 이격 안정, 1H 510.0 < EMA20 511.2 (기준 0.998)"
upbit,2026-09-07T00:53:46+09:00,KRW-VIRTUAL,946.0,64,반등 미확인,COMPLETE,2026-09-07T00:55:00+09:00,2026-09-07T02:23:46+09:00,958.0,943.0,948.0,0.9853,-0.5958,-0.0688,"1차 퀀트 관망 대기: 하드게이트 통과, 알파스코어 64점, MA5 <= MA20, RSI 50.0, %B 0.51, 저점거리 0.96%, 최근고점대비 0.42%, 반등확인 차단, 이격 안정, 1H 944.0 >= EMA20 941.7 (기준 0.998)"
upbit,2026-09-07T00:53:47+09:00,KRW-ENS,8265.0,39,RSI 범위 이탈,COMPLETE,2026-09-07T00:55:00+09:00,2026-09-07T02:23:47+09:00,8605.0,8340.0,8445.0,3.8226,0.6253,1.8922,"1차 퀀트 관망 대기: 하드게이트 차단, 알파스코어 39점, MA5 > MA20, RSI 76.7, %B 0.88, 저점거리 1.72%, 최근고점대비 0.00%, 반등확인 통과, 이격 안정, 1H 8190.0 < EMA20 8249.7 (기준 0.998), 모멘텀 돌파 직전 4봉 고점 돌파=통과, 거래량배수=0.76, 양봉=통과, RSI=차단, 1H MTF=통과"
upbit,2026-09-07T00:53:48+09:00,KRW-SPK,30.2,54,RSI 범위 이탈,COMPLETE,2026-09-07T00:55:00+09:00,2026-09-07T02:23:48+09:00,30.5,30.1,30.1,0.711,-0.6098,-0.6098,"1차 퀀트 관망 대기: 하드게이트 차단, 알파스코어 54점, MA5 > MA20, RSI 80.0, %B 0.77, 저점거리 1.00%, 최근고점대비 0.00%, 반등확인 통과, 이격 안정, 1H 30.0 >= EMA20 30.0 (기준 0.998), 모멘텀 돌파 직전 4봉 고점 돌파=통과, 거래량배수=0.69, 양봉=통과, RSI=차단, 1H MTF=통과"
upbit,2026-09-07T00:58:40+09:00,KRW-FLOCK,98.9,37,RSI 범위 이탈,COMPLETE,2026-09-07T01:00:00+09:00,2026-09-07T02:28:40+09:00,101.0,96.7,99.0,1.8378,-2.4979,-0.1788,"1차 퀀트 관망 대기: 하드게이트 통과, 알파스코어 37점, MA5 <= MA20, RSI 50.0, %B 0.40, 저점거리 2.17%, 최근고점대비 2.12%, 반등확인 통과, 이격 안정, 1H 99.5 >= EMA20 95.7 (기준 0.998), 모멘텀 돌파 직전 4봉 고점 돌파=차단, 거래량배수=0.25, 양봉=통과, RSI=차단, 1H MTF=통과"
upbit,2026-09-07T00:58:40+09:00,KRW-NEAR,3251.0,29,RSI 범위 이탈,COMPLETE,2026-09-07T01:00:00+09:00,2026-09-07T02:28:40+09:00,3336.0,3238.0,3257.0,2.3277,-0.6784,-0.0956,"1차 퀀트 관망 대기: 하드게이트 차단, 알파스코어 29점, MA5 <= MA20, RSI 35.5, %B 0.41, 저점거리 1.59%, 최근고점대비 1.45%, 반등확인 차단, 이격 안정, 1H 3278.0 >= EMA20 3142.2 (기준 0.998), 모멘텀 돌파 직전 4봉 고점 돌파=차단, 거래량배수=0.22, 양봉=차단, RSI=차단, 1H MTF=통과"
upbit,2026-09-07T00:58:42+09:00,KRW-JUP,364.0,37,거래량 부족,COMPLETE,2026-09-07T01:00:00+09:00,2026-09-07T02:28:42+09:00,370.0,362.0,363.0,1.3641,-0.8275,-0.5536,"1차 퀀트 관망 대기: 하드게이트 통과, 알파스코어 37점, MA5 <= MA20, RSI 53.3, %B 0.69, 저점거리 1.96%, 최근고점대비 0.82%, 반등확인 통과, 이격 안정, 1H 364.0 >= EMA20 335.2 (기준 0.998), 모멘텀 돌파 직전 4봉 고점 돌파=차단, 거래량배수=0.21, 양봉=통과, RSI=통과, 1H MTF=통과"
upbit,2026-09-07T00:58:43+09:00,KRW-PROM,7560.0,59,거래량 부족,COMPLETE,2026-09-07T01:00:00+09:00,2026-09-07T02:28:43+09:00,7635.0,7295.0,7355.0,0.7097,-3.7751,-2.9837,"1차 퀀트 관망 대기: 하드게이트 차단, 알파스코어 59점, MA5 > MA20, RSI 53.5, %B 0.44, 저점거리 0.67%, 최근고점대비 2.51%, 반등확인 통과, 이격 안정, 1H 7540.0 >= EMA20 7265.5 (기준 0.998), 모멘텀 돌파 직전 4봉 고점 돌파=차단, 거래량배수=0.50, 양봉=통과, RSI=통과, 1H MTF=통과"
upbit,2026-09-07T00:58:44+09:00,KRW-JTO,613.0,64,거래량 부족,COMPLETE,2026-09-07T01:00:00+09:00,2026-09-07T02:28:44+09:00,635.0,609.0,619.0,3.2993,-0.9303,0.6964,"1차 퀀트 관망 대기: 하드게이트 통과, 알파스코어 64점, MA5 > MA20, RSI 56.2, %B 0.70, 저점거리 1.83%, 최근고점대비 0.16%, 반등확인 통과, 이격 안정, 1H 607.0 >= EMA20 597.8 (기준 0.998), 모멘텀 돌파 직전 4봉 고점 돌파=통과, 거래량배수=0.01, 양봉=통과, RSI=통과, 1H MTF=통과"
upbit,2026-09-07T00:58:45+09:00,KRW-ONDO,510.0,49,상위 추세 미달,COMPLETE,2026-09-07T01:00:00+09:00,2026-09-07T02:28:45+09:00,516.0,510.0,516.0,0.8936,-0.2796,0.8936,"1차 퀀트 관망 대기: 하드게이트 차단, 알파스코어 49점, MA5 <= MA20, RSI 38.5, %B 0.43, 저점거리 0.79%, 최근고점대비 0.39%, 반등확인 통과, 이격 안정, 1H 510.0 < EMA20 511.2 (기준 0.998)"
upbit,2026-09-07T00:58:46+09:00,KRW-ENS,8375.0,45,RSI 범위 이탈,COMPLETE,2026-09-07T01:00:00+09:00,2026-09-07T02:28:46+09:00,8605.0,8340.0,8455.0,2.459,-0.6964,0.6729,"1차 퀀트 관망 대기: 하드게이트 차단, 알파스코어 45점, MA5 > MA20, RSI 83.3, %B 1.33, 저점거리 3.08%, 최근고점대비 0.06%, 반등확인 통과, 이격 안정, 1H 8190.0 < EMA20 8249.7 (기준 0.998), 모멘텀 돌파 직전 4봉 고점 돌파=통과, 거래량배수=2.56, 양봉=통과, RSI=차단, 1H MTF=통과"
upbit,2026-09-07T00:58:47+09:00,KRW-SPK,30.3,39,RSI 범위 이탈,COMPLETE,2026-09-07T01:00:00+09:00,2026-09-07T02:28:47+09:00,30.5,30.1,30.1,0.3786,-0.9378,-0.9378,"1차 퀀트 관망 대기: 하드게이트 차단, 알파스코어 39점, MA5 > MA20, RSI 83.3, %B 1.02, 저점거리 1.34%, 최근고점대비 0.00%, 반등확인 통과, 이격 안정, 1H 30.0 >= EMA20 30.0 (기준 0.998), 모멘텀 돌파 직전 4봉 고점 돌파=통과, 거래량배수=0.13, 양봉=통과, RSI=차단, 1H MTF=통과"
upbit,2026-09-07T00:58:49+09:00,KRW-LINK,16690.0,54,하드 게이트,COMPLETE,2026-09-07T01:00:00+09:00,2026-09-07T02:28:49+09:00,16880.0,16650.0,16760.0,0.8556,-0.5186,0.1386,"1차 퀀트 관망 대기: 하드게이트 차단, 알파스코어 54점, MA5 > MA20, RSI 54.4, %B 0.80, 저점거리 1.09%, 최근고점대비 0.00%, 반등확인 통과, 이격 안정, 1H 16600.0 >= EMA20 16616.8 (기준 0.998)"
upbit,2026-09-07T00:58:50+09:00,KRW-VIRTUAL,943.0,64,반등 미확인,COMPLETE,2026-09-07T01:00:00+09:00,2026-09-07T02:28:50+09:00,958.0,946.0,947.0,1.3066,0.0376,0.1434,"1차 퀀트 관망 대기: 하드게이트 차단, 알파스코어 64점, MA5 <= MA20, RSI 51.6, %B 0.36, 저점거리 0.64%, 최근고점대비 0.74%, 반등확인 차단, 이격 안정, 1H 944.0 >= EMA20 941.7 (기준 0.998)"
upbit,2026-09-07T01:03:39+09:00,KRW-FLOCK,98.7,37,RSI 범위 이탈,COMPLETE,2026-09-07T01:05:00+09:00,2026-09-07T02:33:39+09:00,101.0,96.7,98.8,2.0442,-2.3003,-0.1786,"1차 퀀트 관망 대기: 하드게이트 통과, 알파스코어 37점, MA5 <= MA20, RSI 42.5, %B 0.38, 저점거리 1.96%, 최근고점대비 2.33%, 반등확인 차단, 이격 안정, 1H 98.7 >= EMA20 96.0 (기준 0.998), 모멘텀 돌파 직전 4봉 고점 돌파=차단, 거래량배수=0.24, 양봉=차단, RSI=차단, 1H MTF=통과"
upbit,2026-09-07T01:03:40+09:00,KRW-NEAR,3252.0,54,RSI 범위 이탈,COMPLETE,2026-09-07T01:05:00+09:00,2026-09-07T02:33:40+09:00,3336.0,3238.0,3265.0,2.2962,-0.7089,0.119,"1차 퀀트 관망 대기: 하드게이트 차단, 알파스코어 54점, MA5 <= MA20, RSI 36.1, %B 0.44, 저점거리 1.63%, 최근고점대비 0.98%, 반등확인 차단, 이격 안정, 1H 3252.0 >= EMA20 3153.1 (기준 0.998), 모멘텀 돌파 직전 4봉 고점 돌파=차단, 거래량배수=0.14, 양봉=차단, RSI=차단, 1H MTF=통과"
upbit,2026-09-07T01:03:41+09:00,KRW-JUP,364.0,47,거래량 부족,COMPLETE,2026-09-07T01:05:00+09:00,2026-09-07T02:33:41+09:00,370.0,362.0,361.0,1.3641,-0.8275,-1.1015,"1차 퀀트 관망 대기: 하드게이트 차단, 알파스코어 47점, MA5 <= MA20, RSI 57.1, %B 0.75, 저점거리 1.96%, 최근고점대비 0.82%, 반등확인 통과, 이격 안정, 1H 364.0 >= EMA20 337.9 (기준 0.998), 모멘텀 돌파 직전 4봉 고점 돌파=차단, 거래량배수=0.45, 양봉=통과, RSI=통과, 1H MTF=통과"
upbit,2026-09-07T01:03:41+09:00,KRW-PROM,7605.0,69,거래량 부족,COMPLETE,2026-09-07T01:05:00+09:00,2026-09-07T02:33:41+09:00,7620.0,7295.0,7340.0,-0.0829,-4.3445,-3.7544,"1차 퀀트 관망 대기: 하드게이트 통과, 알파스코어 69점, MA5 <= MA20, RSI 64.7, %B 0.65, 저점거리 1.26%, 최근고점대비 1.91%, 반등확인 통과, 이격 안정, 1H 7605.0 >= EMA20 7297.8 (기준 0.998), 모멘텀 돌파 직전 4봉 고점 돌파=차단, 거래량배수=0.13, 양봉=통과, RSI=통과, 1H MTF=통과"
upbit,2026-09-07T01:03:42+09:00,KRW-JTO,616.0,64,거래량 부족,COMPLETE,2026-09-07T01:05:00+09:00,2026-09-07T02:33:42+09:00,635.0,609.0,619.0,2.7962,-1.4128,0.206,"1차 퀀트 관망 대기: 하드게이트 차단, 알파스코어 64점, MA5 > MA20, RSI 58.8, %B 1.06, 저점거리 2.33%, 최근고점대비 0.16%, 반등확인 통과, 이격 안정, 1H 616.0 >= EMA20 599.5 (기준 0.998), 모멘텀 돌파 직전 4봉 고점 돌파=통과, 거래량배수=0.26, 양봉=통과, RSI=통과, 1H MTF=통과"
upbit,2026-09-07T01:03:42+09:00,KRW-ONDO,510.0,59,상위 추세 미달,COMPLETE,2026-09-07T01:05:00+09:00,2026-09-07T02:33:42+09:00,516.0,510.0,516.0,0.8936,-0.2796,0.8936,"1차 퀀트 관망 대기: 하드게이트 차단, 알파스코어 59점, MA5 <= MA20, RSI 45.5, %B 0.46, 저점거리 0.79%, 최근고점대비 0.39%, 반등확인 통과, 이격 안정, 1H 510.0 < EMA20 511.1 (기준 0.998)"
upbit,2026-09-07T01:03:44+09:00,KRW-WLD,557.0,59,복합 조건 미달,COMPLETE,2026-09-07T01:05:00+09:00,2026-09-07T02:33:44+09:00,563.0,554.0,562.0,0.7946,-0.8167,0.6155,"1차 퀀트 관망 대기: 하드게이트 통과, 알파스코어 59점, MA5 <= MA20, RSI 50.0, %B 0.44, 저점거리 0.91%, 최근고점대비 0.36%, 반등확인 통과, 이격 안정, 1H 557.0 >= EMA20 553.1 (기준 0.998)"
upbit,2026-09-07T01:03:45+09:00,KRW-ZAMA,79.4,32,RSI 범위 이탈,COMPLETE,2026-09-07T01:05:00+09:00,2026-09-07T02:33:45+09:00,79.9,77.1,78.6,0.3484,-3.1682,-1.2843,"1차 퀀트 관망 대기: 하드게이트 차단, 알파스코어 32점, MA5 <= MA20, RSI 33.3, %B 0.27, 저점거리 1.02%, 최근고점대비 1.76%, 반등확인 차단, 이격 안정, 1H 79.4 >= EMA20 75.9 (기준 0.998), 모멘텀 돌파 직전 4봉 고점 돌파=차단, 거래량배수=0.17, 양봉=차단, RSI=차단, 1H MTF=통과"
upbit,2026-09-07T01:03:47+09:00,KRW-ENS,8355.0,47,RSI 범위 이탈,COMPLETE,2026-09-07T01:05:00+09:00,2026-09-07T02:33:47+09:00,8605.0,8340.0,8465.0,2.7042,-0.4586,1.0333,"1차 퀀트 관망 대기: 하드게이트 차단, 알파스코어 47점, MA5 > MA20, RSI 75.9, %B 1.11, 저점거리 2.83%, 최근고점대비 0.78%, 반등확인 차단, 이격 안정, 1H 8355.0 >= EMA20 8260.2 (기준 0.998), 모멘텀 돌파 직전 4봉 고점 돌파=차단, 거래량배수=3.73, 양봉=차단, RSI=차단, 1H MTF=통과"
upbit,2026-09-07T01:03:49+09:00,KRW-LINK,16660.0,69,반등 미확인,COMPLETE,2026-09-07T01:05:00+09:00,2026-09-07T02:33:49+09:00,16880.0,16650.0,16780.0,1.0372,-0.3395,0.4387,"1차 퀀트 관망 대기: 하드게이트 차단, 알파스코어 69점, MA5 > MA20, RSI 58.1, %B 0.76, 저점거리 0.91%, 최근고점대비 0.18%, 반등확인 차단, 이격 안정, 1H 16660.0 >= EMA20 16621.2 (기준 0.998)"
upbit,2026-09-07T01:08:33+09:00,KRW-FLOCK,99.6,37,RSI 범위 이탈,COMPLETE,2026-09-07T01:10:00+09:00,2026-09-07T02:38:33+09:00,101.0,96.7,98.4,1.1221,-3.1831,-1.4811,"1차 퀀트 관망 대기: 하드게이트 통과, 알파스코어 37점, MA5 <= MA20, RSI 47.9, %B 0.55, 저점거리 2.89%, 최근고점대비 1.41%, 반등확인 통과, 이격 안정, 1H 98.7 >= EMA20 96.0 (기준 0.998), 모멘텀 돌파 직전 4봉 고점 돌파=통과, 거래량배수=0.53, 양봉=통과, RSI=차단, 1H MTF=통과"
upbit,2026-09-07T01:08:34+09:00,KRW-NEAR,3267.0,59,RSI 범위 이탈,COMPLETE,2026-09-07T01:10:00+09:00,2026-09-07T02:38:34+09:00,3336.0,3238.0,3257.0,1.8265,-1.1648,-0.5848,"1차 퀀트 관망 대기: 하드게이트 통과, 알파스코어 59점, MA5 > MA20, RSI 43.1, %B 0.57, 저점거리 2.09%, 최근고점대비 0.37%, 반등확인 통과, 이격 안정, 1H 3252.0 >= EMA20 3153.1 (기준 0.998), 모멘텀 돌파 직전 4봉 고점 돌파=차단, 거래량배수=0.22, 양봉=통과, RSI=차단, 1H MTF=통과"
upbit,2026-09-07T01:08:34+09:00,KRW-JUP,365.0,52,거래량 부족,COMPLETE,2026-09-07T01:10:00+09:00,2026-09-07T02:38:34+09:00,370.0,361.0,362.0,1.0864,-1.3724,-1.0992,"1차 퀀트 관망 대기: 하드게이트 차단, 알파스코어 52점, MA5 > MA20, RSI 53.9, %B 0.84, 저점거리 2.24%, 최근고점대비 0.55%, 반등확인 통과, 이격 안정, 1H 364.0 >= EMA20 337.9 (기준 0.998), 모멘텀 돌파 직전 4봉 고점 돌파=차단, 거래량배수=0.42, 양봉=통과, RSI=통과, 1H MTF=통과"
upbit,2026-09-07T01:08:35+09:00,KRW-JTO,633.0,50,이격 과열,COMPLETE,2026-09-07T01:10:00+09:00,2026-09-07T02:38:35+09:00,631.0,609.0,620.0,-0.5947,-4.0605,-2.3276,"1차 퀀트 관망 대기: 하드게이트 차단, 알파스코어 50점, MA5 > MA20, RSI 72.0, %B 1.45, 저점거리 4.80%, 최근고점대비 0.16%, 반등확인 통과, 이격 과열차단, 1H 616.0 >= EMA20 599.5 (기준 0.998), 모멘텀 돌파 직전 4봉 고점 돌파=통과, 거래량배수=3.41, 양봉=통과, RSI=통과, 1H MTF=통과"
upbit,2026-09-07T01:08:37+09:00,KRW-ONDO,511.0,74,상위 추세 미달,COMPLETE,2026-09-07T01:10:00+09:00,2026-09-07T02:38:37+09:00,516.0,510.0,517.0,0.6961,-0.4748,0.8913,"1차 퀀트 관망 대기: 하드게이트 차단, 알파스코어 74점, MA5 <= MA20, RSI 50.0, %B 0.68, 저점거리 0.59%, 최근고점대비 0.20%, 반등확인 통과, 이격 안정, 1H 510.0 < EMA20 511.1 (기준 0.998)"
upbit,2026-09-07T01:08:39+09:00,KRW-WLD,555.0,49,반등 미확인,COMPLETE,2026-09-07T01:10:00+09:00,2026-09-07T02:38:39+09:00,563.0,555.0,561.0,1.1578,-0.2796,0.7984,"1차 퀀트 관망 대기: 하드게이트 차단, 알파스코어 49점, MA5 <= MA20, RSI 38.9, %B 0.21, 저점거리 0.36%, 최근고점대비 0.72%, 반등확인 차단, 이격 안정, 1H 557.0 >= EMA20 553.1 (기준 0.998)"
upbit,2026-09-07T01:08:40+09:00,KRW-ENS,8340.0,44,RSI 범위 이탈,COMPLETE,2026-09-07T01:10:00+09:00,2026-09-07T02:38:40+09:00,8605.0,8370.0,8465.0,2.889,0.0791,1.215,"1차 퀀트 관망 대기: 하드게이트 차단, 알파스코어 44점, MA5 > MA20, RSI 75.9, %B 0.97, 저점거리 2.02%, 최근고점대비 0.96%, 반등확인 차단, 이격 안정, 1H 8355.0 >= EMA20 8260.2 (기준 0.998), 모멘텀 돌파 직전 4봉 고점 돌파=차단, 거래량배수=0.53, 양봉=차단, RSI=차단, 1H MTF=통과"
upbit,2026-09-07T01:08:41+09:00,KRW-SPK,30.3,44,RSI 범위 이탈,COMPLETE,2026-09-07T01:10:00+09:00,2026-09-07T02:38:41+09:00,30.5,30.1,30.1,0.3786,-0.9378,-0.9378,"1차 퀀트 관망 대기: 하드게이트 차단, 알파스코어 44점, MA5 > MA20, RSI 80.0, %B 0.98, 저점거리 1.00%, 최근고점대비 0.00%, 반등확인 통과, 이격 안정, 1H 30.3 >= EMA20 30.1 (기준 0.998), 모멘텀 돌파 직전 4봉 고점 돌파=차단, 거래량배수=0.01, 양봉=통과, RSI=차단, 1H MTF=통과"
upbit,2026-09-07T01:08:42+09:00,KRW-LINK,16660.0,69,반등 미확인,COMPLETE,2026-09-07T01:10:00+09:00,2026-09-07T02:38:42+09:00,16880.0,16670.0,16780.0,1.0372,-0.2198,0.4387,"1차 퀀트 관망 대기: 하드게이트 차단, 알파스코어 69점, MA5 > MA20, RSI 52.6, %B 0.77, 저점거리 0.66%, 최근고점대비 0.18%, 반등확인 차단, 이격 안정, 1H 16660.0 >= EMA20 16621.2 (기준 0.998)"
upbit,2026-09-07T01:08:43+09:00,KRW-VIRTUAL,946.0,64,반등 미확인,COMPLETE,2026-09-07T01:10:00+09:00,2026-09-07T02:38:43+09:00,958.0,944.0,948.0,0.9853,-0.4904,-0.0688,"1차 퀀트 관망 대기: 하드게이트 통과, 알파스코어 64점, MA5 > MA20, RSI 50.0, %B 0.68, 저점거리 0.96%, 최근고점대비 0.21%, 반등확인 차단, 이격 안정, 1H 946.0 >= EMA20 942.1 (기준 0.998)"
upbit,2026-09-07T01:13:48+09:00,KRW-FLOCK,99.6,52,RSI 범위 이탈,COMPLETE,2026-09-07T01:15:00+09:00,2026-09-07T02:43:48+09:00,101.0,96.7,98.0,1.1221,-3.1831,-1.8815,"1차 퀀트 관망 대기: 하드게이트 통과, 알파스코어 52점, MA5 <= MA20, RSI 50.5, %B 0.59, 저점거리 2.89%, 최근고점대비 1.41%, 반등확인 통과, 이격 안정, 1H 98.7 >= EMA20 96.0 (기준 0.998), 모멘텀 돌파 직전 4봉 고점 돌파=차단, 거래량배수=0.19, 양봉=통과, RSI=차단, 1H MTF=통과"
upbit,2026-09-07T01:13:49+09:00,KRW-NEAR,3259.0,59,RSI 범위 이탈,COMPLETE,2026-09-07T01:15:00+09:00,2026-09-07T02:43:49+09:00,3336.0,3238.0,3249.0,2.0765,-0.9222,-0.5856,"1차 퀀트 관망 대기: 하드게이트 통과, 알파스코어 59점, MA5 <= MA20, RSI 45.4, %B 0.50, 저점거리 1.84%, 최근고점대비 0.61%, 반등확인 차단, 이격 안정, 1H 3252.0 >= EMA20 3153.1 (기준 0.998), 모멘텀 돌파 직전 4봉 고점 돌파=차단, 거래량배수=0.15, 양봉=차단, RSI=차단, 1H MTF=통과"
upbit,2026-09-07T01:13:50+09:00,KRW-ZAMA,79.7,37,RSI 범위 이탈,COMPLETE,2026-09-07T01:15:00+09:00,2026-09-07T02:43:50+09:00,79.5,77.1,78.0,-0.5298,-3.5327,-2.4066,"1차 퀀트 관망 대기: 하드게이트 차단, 알파스코어 37점, MA5 <= MA20, RSI 40.7, %B 0.38, 저점거리 1.14%, 최근고점대비 1.38%, 반등확인 통과, 이격 안정, 1H 79.4 >= EMA20 75.9 (기준 0.998), 모멘텀 돌파 직전 4봉 고점 돌파=차단, 거래량배수=0.27, 양봉=통과, RSI=차단, 1H MTF=통과"
upbit,2026-09-07T01:13:52+09:00,KRW-PROM,7590.0,74,거래량 부족,COMPLETE,2026-09-07T01:15:00+09:00,2026-09-07T02:43:52+09:00,7595.0,7275.0,7290.0,-0.2139,-4.4182,-4.2211,"1차 퀀트 관망 대기: 하드게이트 차단, 알파스코어 74점, MA5 > MA20, RSI 56.6, %B 0.59, 저점거리 1.07%, 최근고점대비 2.11%, 반등확인 통과, 이격 안정, 1H 7605.0 >= EMA20 7297.8 (기준 0.998), 모멘텀 돌파 직전 4봉 고점 돌파=차단, 거래량배수=0.20, 양봉=통과, RSI=통과, 1H MTF=통과"
upbit,2026-09-07T01:13:53+09:00,KRW-WLD,555.0,54,복합 조건 미달,COMPLETE,2026-09-07T01:15:00+09:00,2026-09-07T02:43:53+09:00,563.0,558.0,560.0,1.1578,0.2594,0.6188,"1차 퀀트 관망 대기: 하드게이트 통과, 알파스코어 54점, MA5 <= MA20, RSI 43.8, %B 0.22, 저점거리 0.36%, 최근고점대비 0.72%, 반등확인 통과, 이격 안정, 1H 557.0 >= EMA20 553.1 (기준 0.998)"
upbit,2026-09-07T01:13:54+09:00,KRW-ONDO,510.0,59,상위 추세 미달,COMPLETE,2026-09-07T01:15:00+09:00,2026-09-07T02:43:54+09:00,517.0,512.0,517.0,1.0891,0.1115,1.0891,"1차 퀀트 관망 대기: 하드게이트 차단, 알파스코어 59점, MA5 <= MA20, RSI 50.0, %B 0.47, 저점거리 0.39%, 최근고점대비 0.39%, 반등확인 차단, 이격 안정, 1H 510.0 < EMA20 511.1 (기준 0.998)"
upbit,2026-09-07T01:13:55+09:00,KRW-VIRTUAL,946.0,64,복합 조건 미달,COMPLETE,2026-09-07T01:15:00+09:00,2026-09-07T02:43:55+09:00,958.0,944.0,948.0,0.9853,-0.4904,-0.0688,"1차 퀀트 관망 대기: 하드게이트 통과, 알파스코어 64점, MA5 > MA20, RSI 46.4, %B 0.68, 저점거리 0.85%, 최근고점대비 0.21%, 반등확인 통과, 이격 안정, 1H 946.0 >= EMA20 942.1 (기준 0.998)"
upbit,2026-09-07T01:13:56+09:00,KRW-JTO,632.0,50,RSI 범위 이탈,COMPLETE,2026-09-07T01:15:00+09:00,2026-09-07T02:43:56+09:00,625.0,609.0,618.0,-1.3841,-3.9087,-2.4886,"1차 퀀트 관망 대기: 하드게이트 차단, 알파스코어 50점, MA5 > MA20, RSI 76.6, %B 1.18, 저점거리 4.29%, 최근고점대비 0.47%, 반등확인 통과, 이격 안정, 1H 616.0 >= EMA20 599.5 (기준 0.998), 모멘텀 돌파 직전 4봉 고점 돌파=차단, 거래량배수=3.58, 양봉=통과, RSI=차단, 1H MTF=통과"
upbit,2026-09-07T01:13:57+09:00,KRW-ENS,8450.0,47,RSI 범위 이탈,COMPLETE,2026-09-07T01:15:00+09:00,2026-09-07T02:43:57+09:00,8605.0,8370.0,8450.0,1.5496,-1.2237,-0.2796,"1차 퀀트 관망 대기: 하드게이트 차단, 알파스코어 47점, MA5 > MA20, RSI 82.5, %B 1.18, 저점거리 3.30%, 최근고점대비 0.18%, 반등확인 통과, 이격 안정, 1H 8355.0 >= EMA20 8260.2 (기준 0.998), 모멘텀 돌파 직전 4봉 고점 돌파=통과, 거래량배수=2.00, 양봉=통과, RSI=차단, 1H MTF=통과"
upbit,2026-09-07T01:13:58+09:00,KRW-LINK,16650.0,74,반등 미확인,COMPLETE,2026-09-07T01:15:00+09:00,2026-09-07T02:43:58+09:00,16880.0,16700.0,16780.0,1.0979,0.0199,0.499,"1차 퀀트 관망 대기: 하드게이트 통과, 알파스코어 74점, MA5 > MA20, RSI 57.1, %B 0.70, 저점거리 0.60%, 최근고점대비 0.24%, 반등확인 차단, 이격 안정, 1H 16660.0 >= EMA20 16621.2 (기준 0.998)"
upbit,2026-09-07T01:19:01+09:00,KRW-FLOCK,99.7,52,거래량 부족,COMPLETE,2026-09-07T01:20:00+09:00,2026-09-07T02:49:01+09:00,101.0,96.7,100.0,1.0207,-3.2802,0.0205,"1차 퀀트 관망 대기: 하드게이트 통과, 알파스코어 52점, MA5 > MA20, RSI 53.4, %B 0.66, 저점거리 2.89%, 최근고점대비 1.30%, 반등확인 통과, 이격 안정, 1H 98.7 >= EMA20 96.0 (기준 0.998), 모멘텀 돌파 직전 4봉 고점 돌파=차단, 거래량배수=0.22, 양봉=통과, RSI=통과, 1H MTF=통과"
upbit,2026-09-07T01:19:04+09:00,KRW-NEAR,3289.0,49,거래량 부족,COMPLETE,2026-09-07T01:20:00+09:00,2026-09-07T02:49:04+09:00,3336.0,3238.0,3228.0,1.1454,-1.8259,-2.1291,"1차 퀀트 관망 대기: 하드게이트 차단, 알파스코어 49점, MA5 > MA20, RSI 62.8, %B 0.76, 저점거리 2.78%, 최근고점대비 0.00%, 반등확인 통과, 이격 안정, 1H 3252.0 >= EMA20 3153.1 (기준 0.998), 모멘텀 돌파 직전 4봉 고점 돌파=통과, 거래량배수=0.64, 양봉=통과, RSI=통과, 1H MTF=통과"
upbit,2026-09-07T01:19:08+09:00,KRW-PROM,7610.0,74,거래량 부족,COMPLETE,2026-09-07T01:20:00+09:00,2026-09-07T02:49:08+09:00,7570.0,7265.0,7295.0,-0.8038,-4.8004,-4.4073,"1차 퀀트 관망 대기: 하드게이트 통과, 알파스코어 74점, MA5 > MA20, RSI 61.0, %B 0.69, 저점거리 1.33%, 최근고점대비 1.84%, 반등확인 통과, 이격 안정, 1H 7605.0 >= EMA20 7297.8 (기준 0.998), 모멘텀 돌파 직전 4봉 고점 돌파=차단, 거래량배수=0.25, 양봉=통과, RSI=통과, 1H MTF=통과"
upbit,2026-09-07T01:19:11+09:00,KRW-WLD,559.0,54,거래량 부족,COMPLETE,2026-09-07T01:20:00+09:00,2026-09-07T02:49:11+09:00,563.0,558.0,559.0,0.434,-0.458,-0.2796,"1차 퀀트 관망 대기: 하드게이트 차단, 알파스코어 54점, MA5 <= MA20, RSI 64.7, %B 0.84, 저점거리 1.08%, 최근고점대비 0.00%, 반등확인 통과, 이격 안정, 1H 557.0 >= EMA20 553.1 (기준 0.998), 모멘텀 돌파 직전 4봉 고점 돌파=차단, 거래량배수=0.37, 양봉=통과, RSI=통과, 1H MTF=통과"
upbit,2026-09-07T01:19:14+09:00,KRW-JUP,364.0,67,거래량 부족,COMPLETE,2026-09-07T01:20:00+09:00,2026-09-07T02:49:14+09:00,370.0,361.0,362.0,1.3641,-1.1015,-0.8275,"1차 퀀트 관망 대기: 하드게이트 통과, 알파스코어 67점, MA5 > MA20, RSI 61.9, %B 0.69, 저점거리 1.39%, 최근고점대비 0.82%, 반등확인 통과, 이격 안정, 1H 364.0 >= EMA20 337.9 (기준 0.998), 모멘텀 돌파 직전 4봉 고점 돌파=차단, 거래량배수=0.33, 양봉=통과, RSI=통과, 1H MTF=통과"
upbit,2026-09-07T01:19:16+09:00,KRW-ONDO,512.0,54,상위 추세 미달,COMPLETE,2026-09-07T01:20:00+09:00,2026-09-07T02:49:16+09:00,518.0,512.0,515.0,0.889,-0.2796,0.3047,"1차 퀀트 관망 대기: 하드게이트 차단, 알파스코어 54점, MA5 > MA20, RSI 61.5, %B 0.87, 저점거리 0.79%, 최근고점대비 0.00%, 반등확인 통과, 이격 안정, 1H 510.0 < EMA20 511.1 (기준 0.998)"
upbit,2026-09-07T01:19:18+09:00,KRW-VIRTUAL,949.0,59,하드 게이트,COMPLETE,2026-09-07T01:20:00+09:00,2026-09-07T02:49:18+09:00,958.0,944.0,948.0,0.6661,-0.805,-0.3847,"1차 퀀트 관망 대기: 하드게이트 차단, 알파스코어 59점, MA5 > MA20, RSI 59.3, %B 0.96, 저점거리 1.06%, 최근고점대비 0.00%, 반등확인 통과, 이격 안정, 1H 946.0 >= EMA20 942.1 (기준 0.998)"
upbit,2026-09-07T01:19:20+09:00,KRW-UNI,9620.0,50,하드 게이트,COMPLETE,2026-09-07T01:20:00+09:00,2026-09-07T02:49:20+09:00,10110.0,9630.0,9760.0,4.7997,-0.1759,1.1716,"1차 퀀트 관망 대기: 하드게이트 차단, 알파스코어 50점, MA5 > MA20, RSI 70.9, %B 1.33, 저점거리 1.85%, 최근고점대비 0.16%, 반등확인 통과, 이격 안정, 1H 9500.0 >= EMA20 9498.7 (기준 0.998)"
upbit,2026-09-07T01:19:23+09:00,KRW-ELSA,73.0,35,하드 게이트,COMPLETE,2026-09-07T01:20:00+09:00,2026-09-07T02:49:23+09:00,73.2,72.5,72.8,-0.0064,-0.9626,-0.5528,"1차 퀀트 관망 대기: 하드게이트 차단, 알파스코어 35점, MA5 > MA20, RSI 68.8, %B 0.99, 저점거리 1.25%, 최근고점대비 0.14%, 반등확인 통과, 이격 안정, 1H 72.8 >= EMA20 72.9 (기준 0.998)"
upbit,2026-09-07T01:19:26+09:00,KRW-JTO,625.0,47,돌파 미확인,COMPLETE,2026-09-07T01:20:00+09:00,2026-09-07T02:49:26+09:00,624.0,609.0,618.0,-0.4392,-2.8325,-1.3965,"1차 퀀트 관망 대기: 하드게이트 차단, 알파스코어 47점, MA5 > MA20, RSI 72.0, %B 0.89, 저점거리 2.97%, 최근고점대비 1.60%, 반등확인 차단, 이격 안정, 1H 616.0 >= EMA20 599.5 (기준 0.998), 모멘텀 돌파 직전 4봉 고점 돌파=차단, 거래량배수=1.68, 양봉=차단, RSI=통과, 1H MTF=통과"
upbit,2026-09-07T01:23:40+09:00,KRW-FLOCK,99.5,52,거래량 부족,COMPLETE,2026-09-07T01:25:00+09:00,2026-09-07T02:53:40+09:00,101.0,96.7,99.5,1.2237,-3.0858,-0.2796,"1차 퀀트 관망 대기: 하드게이트 통과, 알파스코어 52점, MA5 > MA20, RSI 54.0, %B 0.69, 저점거리 2.68%, 최근고점대비 1.51%, 반등확인 차단, 이격 안정, 1H 98.7 >= EMA20 96.0 (기준 0.998), 모멘텀 돌파 직전 4봉 고점 돌파=차단, 거래량배수=0.44, 양봉=통과, RSI=통과, 1H MTF=통과"
upbit,2026-09-07T01:23:41+09:00,KRW-NEAR,3287.0,39,거래량 부족,COMPLETE,2026-09-07T01:25:00+09:00,2026-09-07T02:53:41+09:00,3336.0,3228.0,3243.0,1.2069,-2.0695,-1.6145,"1차 퀀트 관망 대기: 하드게이트 차단, 알파스코어 39점, MA5 > MA20, RSI 67.2, %B 0.74, 저점거리 2.72%, 최근고점대비 0.12%, 반등확인 차단, 이격 안정, 1H 3252.0 >= EMA20 3153.1 (기준 0.998), 모멘텀 돌파 직전 4봉 고점 돌파=차단, 거래량배수=0.90, 양봉=차단, RSI=통과, 1H MTF=통과"
upbit,2026-09-07T01:23:43+09:00,KRW-PROM,7570.0,59,거래량 부족,COMPLETE,2026-09-07T01:25:00+09:00,2026-09-07T02:53:43+09:00,7565.0,7265.0,7290.0,-0.3455,-4.2974,-3.9681,"1차 퀀트 관망 대기: 하드게이트 차단, 알파스코어 59점, MA5 > MA20, RSI 53.1, %B 0.47, 저점거리 0.80%, 최근고점대비 2.38%, 반등확인 차단, 이격 안정, 1H 7605.0 >= EMA20 7297.8 (기준 0.998), 모멘텀 돌파 직전 4봉 고점 돌파=차단, 거래량배수=0.24, 양봉=차단, RSI=통과, 1H MTF=통과"
upbit,2026-09-07T01:23:44+09:00,KRW-WLD,559.0,59,거래량 부족,COMPLETE,2026-09-07T01:25:00+09:00,2026-09-07T02:53:44+09:00,563.0,558.0,561.0,0.434,-0.458,0.0772,"1차 퀀트 관망 대기: 하드게이트 차단, 알파스코어 59점, MA5 > MA20, RSI 60.0, %B 0.84, 저점거리 1.08%, 최근고점대비 0.00%, 반등확인 통과, 이격 안정, 1H 557.0 >= EMA20 553.1 (기준 0.998), 모멘텀 돌파 직전 4봉 고점 돌파=차단, 거래량배수=0.20, 양봉=통과, RSI=통과, 1H MTF=통과"
upbit,2026-09-07T01:23:45+09:00,KRW-JUP,366.0,47,거래량 부족,COMPLETE,2026-09-07T01:25:00+09:00,2026-09-07T02:53:45+09:00,370.0,361.0,361.0,0.8102,-1.6419,-1.6419,"1차 퀀트 관망 대기: 하드게이트 차단, 알파스코어 47점, MA5 > MA20, RSI 65.2, %B 0.88, 저점거리 1.95%, 최근고점대비 0.27%, 반등확인 통과, 이격 안정, 1H 364.0 >= EMA20 337.9 (기준 0.998), 모멘텀 돌파 직전 4봉 고점 돌파=차단, 거래량배수=0.37, 양봉=통과, RSI=통과, 1H MTF=통과"
upbit,2026-09-07T01:23:47+09:00,KRW-ONDO,513.0,49,상위 추세 미달,COMPLETE,2026-09-07T01:25:00+09:00,2026-09-07T02:53:47+09:00,518.0,512.0,516.0,0.6923,-0.474,0.3036,"1차 퀀트 관망 대기: 하드게이트 차단, 알파스코어 49점, MA5 > MA20, RSI 64.3, %B 1.03, 저점거리 0.79%, 최근고점대비 0.00%, 반등확인 통과, 이격 안정, 1H 510.0 < EMA20 511.1 (기준 0.998)"
upbit,2026-09-07T01:23:50+09:00,KRW-UNI,9690.0,55,하드 게이트,COMPLETE,2026-09-07T01:25:00+09:00,2026-09-07T02:53:50+09:00,10110.0,9630.0,9760.0,4.0426,-0.8971,0.4408,"1차 퀀트 관망 대기: 하드게이트 차단, 알파스코어 55점, MA5 > MA20, RSI 84.1, %B 1.33, 저점거리 2.59%, 최근고점대비 0.31%, 반등확인 통과, 이격 안정, 1H 9500.0 >= EMA20 9498.7 (기준 0.998)"
upbit,2026-09-07T01:23:51+09:00,KRW-ELSA,73.1,32,하드 게이트,COMPLETE,2026-09-07T01:25:00+09:00,2026-09-07T02:53:51+09:00,73.1,72.5,72.8,-0.2796,-1.0981,-0.6889,"1차 퀀트 관망 대기: 하드게이트 차단, 알파스코어 32점, MA5 > MA20, RSI 75.0, %B 0.99, 저점거리 1.39%, 최근고점대비 0.00%, 반등확인 통과, 이격 안정, 1H 72.8 >= EMA20 72.9 (기준 0.998)"
upbit,2026-09-07T01:23:52+09:00,KRW-JTO,620.0,69,거래량 부족,COMPLETE,2026-09-07T01:25:00+09:00,2026-09-07T02:53:52+09:00,624.0,609.0,621.0,0.3637,-2.0488,-0.1188,"1차 퀀트 관망 대기: 하드게이트 통과, 알파스코어 69점, MA5 > MA20, RSI 64.2, %B 0.72, 저점거리 2.14%, 최근고점대비 2.42%, 반등확인 차단, 이격 안정, 1H 616.0 >= EMA20 599.5 (기준 0.998), 모멘텀 돌파 직전 4봉 고점 돌파=차단, 거래량배수=0.07, 양봉=차단, RSI=통과, 1H MTF=통과"
upbit,2026-09-07T01:28:37+09:00,KRW-FLOCK,98.9,52,거래량 부족,COMPLETE,2026-09-07T01:30:00+09:00,2026-09-07T02:58:37+09:00,101.0,96.7,98.8,1.8378,-2.4979,-0.3804,"1차 퀀트 관망 대기: 하드게이트 통과, 알파스코어 52점, MA5 > MA20, RSI 61.0, %B 0.50, 저점거리 2.06%, 최근고점대비 2.12%, 반등확인 차단, 이격 안정, 1H 98.7 >= EMA20 96.0 (기준 0.998), 모멘텀 돌파 직전 4봉 고점 돌파=차단, 거래량배수=0.37, 양봉=차단, RSI=통과, 1H MTF=통과"
upbit,2026-09-07T01:28:39+09:00,KRW-NEAR,3301.0,44,거래량 부족,COMPLETE,2026-09-07T01:30:00+09:00,2026-09-07T02:58:39+09:00,3336.0,3228.0,3238.0,0.7777,-2.4849,-2.1828,"1차 퀀트 관망 대기: 하드게이트 차단, 알파스코어 44점, MA5 > MA20, RSI 67.2, %B 0.88, 저점거리 2.87%, 최근고점대비 0.24%, 반등확인 통과, 이격 안정, 1H 3252.0 >= EMA20 3153.1 (기준 0.998), 모멘텀 돌파 직전 4봉 고점 돌파=통과, 거래량배수=0.48, 양봉=통과, RSI=통과, 1H MTF=통과"
upbit,2026-09-07T01:28:40+09:00,KRW-PROM,7565.0,59,RSI 범위 이탈,COMPLETE,2026-09-07T01:30:00+09:00,2026-09-07T02:58:40+09:00,7560.0,7265.0,7370.0,-0.3455,-4.2342,-2.8501,"1차 퀀트 관망 대기: 하드게이트 통과, 알파스코어 59점, MA5 > MA20, RSI 42.6, %B 0.43, 저점거리 0.73%, 최근고점대비 1.59%, 반등확인 차단, 이격 안정, 1H 7605.0 >= EMA20 7297.8 (기준 0.998), 모멘텀 돌파 직전 4봉 고점 돌파=차단, 거래량배수=0.76, 양봉=차단, RSI=차단, 1H MTF=통과"
upbit,2026-09-07T01:28:41+09:00,KRW-WLD,558.0,59,거래량 부족,COMPLETE,2026-09-07T01:30:00+09:00,2026-09-07T02:58:41+09:00,563.0,558.0,560.0,0.6139,-0.2796,0.0778,"1차 퀀트 관망 대기: 하드게이트 통과, 알파스코어 59점, MA5 > MA20, RSI 53.3, %B 0.72, 저점거리 0.90%, 최근고점대비 0.36%, 반등확인 차단, 이격 안정, 1H 557.0 >= EMA20 553.1 (기준 0.998), 모멘텀 돌파 직전 4봉 고점 돌파=차단, 거래량배수=0.16, 양봉=차단, RSI=통과, 1H MTF=통과"
upbit,2026-09-07T01:28:42+09:00,KRW-UNI,9650.0,49,RSI 범위 이탈,COMPLETE,2026-09-07T01:30:00+09:00,2026-09-07T02:58:42+09:00,10110.0,9740.0,9805.0,4.4739,0.6504,1.3221,"1차 퀀트 관망 대기: 하드게이트 차단, 알파스코어 49점, MA5 > MA20, RSI 74.3, %B 1.03, 저점거리 2.01%, 최근고점대비 0.73%, 반등확인 차단, 이격 안정, 1H 9500.0 >= EMA20 9498.7 (기준 0.998), 모멘텀 돌파 직전 4봉 고점 돌파=차단, 거래량배수=0.76, 양봉=차단, RSI=차단, 1H MTF=통과"
upbit,2026-09-07T01:28:43+09:00,KRW-JUP,366.0,52,거래량 부족,COMPLETE,2026-09-07T01:30:00+09:00,2026-09-07T02:58:43+09:00,370.0,361.0,364.0,0.8102,-1.6419,-0.8245,"1차 퀀트 관망 대기: 하드게이트 차단, 알파스코어 52점, MA5 > MA20, RSI 57.9, %B 0.84, 저점거리 1.95%, 최근고점대비 0.27%, 반등확인 통과, 이격 안정, 1H 364.0 >= EMA20 337.9 (기준 0.998), 모멘텀 돌파 직전 4봉 고점 돌파=차단, 거래량배수=0.36, 양봉=통과, RSI=통과, 1H MTF=통과"
upbit,2026-09-07T01:28:44+09:00,KRW-VIRTUAL,956.0,44,하드 게이트,COMPLETE,2026-09-07T01:30:00+09:00,2026-09-07T02:58:44+09:00,958.0,944.0,950.0,-0.071,-1.5313,-0.9055,"1차 퀀트 관망 대기: 하드게이트 차단, 알파스코어 44점, MA5 > MA20, RSI 79.3, %B 1.18, 저점거리 1.49%, 최근고점대비 0.00%, 반등확인 통과, 이격 안정, 1H 946.0 >= EMA20 942.1 (기준 0.998)"
upbit,2026-09-07T01:28:45+09:00,KRW-ONDO,512.0,49,상위 추세 미달,COMPLETE,2026-09-07T01:30:00+09:00,2026-09-07T02:58:45+09:00,518.0,513.0,516.0,0.889,-0.0848,0.4995,"1차 퀀트 관망 대기: 하드게이트 차단, 알파스코어 49점, MA5 > MA20, RSI 64.3, %B 0.87, 저점거리 0.59%, 최근고점대비 0.20%, 반등확인 차단, 이격 안정, 1H 510.0 < EMA20 511.1 (기준 0.998)"
upbit,2026-09-07T01:28:47+09:00,KRW-AVAX,10420.0,59,하드 게이트,COMPLETE,2026-09-07T01:30:00+09:00,2026-09-07T02:58:47+09:00,10450.0,10390.0,10400.0,0.0075,-0.5667,-0.471,"1차 퀀트 관망 대기: 하드게이트 차단, 알파스코어 59점, MA5 > MA20, RSI 58.3, %B 1.10, 저점거리 0.87%, 최근고점대비 0.00%, 반등확인 통과, 이격 안정, 1H 10400.0 >= EMA20 10416.3 (기준 0.998)"
upbit,2026-09-07T01:28:48+09:00,KRW-JTO,621.0,64,거래량 부족,COMPLETE,2026-09-07T01:30:00+09:00,2026-09-07T02:58:48+09:00,624.0,609.0,621.0,0.2021,-2.2066,-0.2796,"1차 퀀트 관망 대기: 하드게이트 통과, 알파스코어 64점, MA5 > MA20, RSI 62.8, %B 0.73, 저점거리 2.31%, 최근고점대비 2.25%, 반등확인 차단, 이격 안정, 1H 616.0 >= EMA20 599.5 (기준 0.998), 모멘텀 돌파 직전 4봉 고점 돌파=차단, 거래량배수=0.52, 양봉=차단, RSI=통과, 1H MTF=통과"
upbit,2026-09-07T01:33:48+09:00,KRW-FLOCK,98.6,52,거래량 부족,COMPLETE,2026-09-07T01:35:00+09:00,2026-09-07T03:03:48+09:00,101.0,96.7,99.2,2.1477,-2.2012,0.3272,"1차 퀀트 관망 대기: 하드게이트 차단, 알파스코어 52점, MA5 > MA20, RSI 54.8, %B 0.42, 저점거리 0.51%, 최근고점대비 2.43%, 반등확인 차단, 이격 안정, 1H 98.7 >= EMA20 96.0 (기준 0.998), 모멘텀 돌파 직전 4봉 고점 돌파=차단, 거래량배수=0.45, 양봉=차단, RSI=통과, 1H MTF=통과"
upbit,2026-09-07T01:33:48+09:00,KRW-JUP,367.0,52,거래량 부족,COMPLETE,2026-09-07T01:35:00+09:00,2026-09-07T03:03:48+09:00,368.0,359.0,363.0,-0.0079,-2.4533,-1.3665,"1차 퀀트 관망 대기: 하드게이트 차단, 알파스코어 52점, MA5 > MA20, RSI 57.9, %B 0.90, 저점거리 2.23%, 최근고점대비 0.00%, 반등확인 통과, 이격 안정, 1H 364.0 >= EMA20 337.9 (기준 0.998), 모멘텀 돌파 직전 4봉 고점 돌파=차단, 거래량배수=0.40, 양봉=통과, RSI=통과, 1H MTF=통과"
upbit,2026-09-07T01:33:49+09:00,KRW-NEAR,3330.0,44,거래량 부족,COMPLETE,2026-09-07T01:35:00+09:00,2026-09-07T03:03:49+09:00,3336.0,3228.0,3238.0,-0.0999,-3.3341,-3.0346,"1차 퀀트 관망 대기: 하드게이트 차단, 알파스코어 44점, MA5 > MA20, RSI 71.4, %B 1.09, 저점거리 3.77%, 최근고점대비 0.15%, 반등확인 통과, 이격 안정, 1H 3252.0 >= EMA20 3153.1 (기준 0.998), 모멘텀 돌파 직전 4봉 고점 돌파=통과, 거래량배수=0.80, 양봉=통과, RSI=통과, 1H MTF=통과"
upbit,2026-09-07T01:33:49+09:00,KRW-ZAMA,78.8,22,RSI 범위 이탈,COMPLETE,2026-09-07T01:35:00+09:00,2026-09-07T03:03:49+09:00,78.9,77.1,77.5,-0.1531,-2.4309,-1.9247,"1차 퀀트 관망 대기: 하드게이트 차단, 알파스코어 22점, MA5 <= MA20, RSI 35.7, %B 0.17, 저점거리 0.38%, 최근고점대비 2.41%, 반등확인 통과, 이격 안정, 1H 79.4 >= EMA20 75.9 (기준 0.998), 모멘텀 돌파 직전 4봉 고점 돌파=차단, 거래량배수=0.28, 양봉=통과, RSI=차단, 1H MTF=통과"
upbit,2026-09-07T01:33:50+09:00,KRW-PROM,7535.0,39,RSI 범위 이탈,COMPLETE,2026-09-07T01:35:00+09:00,2026-09-07T03:03:50+09:00,7560.0,7265.0,7360.0,0.0512,-3.8529,-2.5956,"1차 퀀트 관망 대기: 하드게이트 차단, 알파스코어 39점, MA5 <= MA20, RSI 33.8, %B 0.22, 저점거리 0.33%, 최근고점대비 1.79%, 반등확인 차단, 이격 안정, 1H 7605.0 >= EMA20 7297.8 (기준 0.998), 모멘텀 돌파 직전 4봉 고점 돌파=차단, 거래량배수=0.12, 양봉=차단, RSI=차단, 1H MTF=통과"
upbit,2026-09-07T01:33:52+09:00,KRW-UNI,10090.0,40,이격 과열,COMPLETE,2026-09-07T01:35:00+09:00,2026-09-07T03:03:52+09:00,10100.0,9740.0,9780.0,-0.1808,-3.7387,-3.3434,"1차 퀀트 관망 대기: 하드게이트 차단, 알파스코어 40점, MA5 > MA20, RSI 89.7, %B 1.48, 저점거리 6.66%, 최근고점대비 0.00%, 반등확인 통과, 이격 과열차단, 1H 9500.0 >= EMA20 9498.7 (기준 0.998), 모멘텀 돌파 직전 4봉 고점 돌파=통과, 거래량배수=13.06, 양봉=통과, RSI=차단, 1H MTF=통과"
upbit,2026-09-07T01:33:53+09:00,KRW-VIRTUAL,957.0,44,하드 게이트,COMPLETE,2026-09-07T01:35:00+09:00,2026-09-07T03:03:53+09:00,958.0,944.0,948.0,-0.1754,-1.6342,-1.2174,"1차 퀀트 관망 대기: 하드게이트 차단, 알파스코어 44점, MA5 > MA20, RSI 77.8, %B 1.09, 저점거리 1.59%, 최근고점대비 0.10%, 반등확인 통과, 이격 안정, 1H 946.0 >= EMA20 942.1 (기준 0.998)"
upbit,2026-09-07T01:33:55+09:00,KRW-JTO,621.0,74,거래량 부족,COMPLETE,2026-09-07T01:35:00+09:00,2026-09-07T03:03:55+09:00,624.0,609.0,622.0,0.2021,-2.2066,-0.119,"1차 퀀트 관망 대기: 하드게이트 통과, 알파스코어 74점, MA5 > MA20, RSI 59.6, %B 0.71, 저점거리 2.31%, 최근고점대비 2.25%, 반등확인 통과, 이격 안정, 1H 616.0 >= EMA20 599.5 (기준 0.998), 모멘텀 돌파 직전 4봉 고점 돌파=차단, 거래량배수=0.02, 양봉=통과, RSI=통과, 1H MTF=통과"
upbit,2026-09-07T01:33:57+09:00,KRW-ENS,8515.0,45,RSI 범위 이탈,COMPLETE,2026-09-07T01:35:00+09:00,2026-09-07T03:03:57+09:00,8605.0,8415.0,8505.0,0.7744,-1.4507,-0.3967,"1차 퀀트 관망 대기: 하드게이트 차단, 알파스코어 45점, MA5 > MA20, RSI 78.4, %B 1.01, 저점거리 4.10%, 최근고점대비 0.06%, 반등확인 통과, 이격 안정, 1H 8355.0 >= EMA20 8260.2 (기준 0.998), 모멘텀 돌파 직전 4봉 고점 돌파=통과, 거래량배수=2.10, 양봉=통과, RSI=차단, 1H MTF=통과"
upbit,2026-09-07T01:33:58+09:00,KRW-LINK,16800.0,44,하드 게이트,COMPLETE,2026-09-07T01:35:00+09:00,2026-09-07T03:03:58+09:00,16880.0,16720.0,16770.0,0.1953,-0.7545,-0.4577,"1차 퀀트 관망 대기: 하드게이트 차단, 알파스코어 44점, MA5 > MA20, RSI 75.8, %B 1.16, 저점거리 1.33%, 최근고점대비 0.06%, 반등확인 통과, 이격 안정, 1H 16660.0 >= EMA20 16621.2 (기준 0.998)"
upbit,2026-09-07T01:38:39+09:00,KRW-FLOCK,99.3,52,거래량 부족,COMPLETE,2026-09-07T01:40:00+09:00,2026-09-07T03:08:39+09:00,101.0,96.7,99.4,1.4276,-2.8906,-0.1792,"1차 퀀트 관망 대기: 하드게이트 차단, 알파스코어 52점, MA5 > MA20, RSI 66.2, %B 0.67, 저점거리 1.22%, 최근고점대비 0.50%, 반등확인 통과, 이격 안정, 1H 98.7 >= EMA20 96.0 (기준 0.998), 모멘텀 돌파 직전 4봉 고점 돌파=차단, 거래량배수=0.78, 양봉=통과, RSI=통과, 1H MTF=통과"
upbit,2026-09-07T01:38:40+09:00,KRW-JUP,368.0,58,하드 게이트,COMPLETE,2026-09-07T01:40:00+09:00,2026-09-07T03:08:40+09:00,368.0,359.0,364.0,-0.2796,-2.7184,-1.3635,"1차 퀀트 관망 대기: 하드게이트 차단, 알파스코어 58점, MA5 > MA20, RSI 60.0, %B 0.94, 저점거리 2.51%, 최근고점대비 0.54%, 반등확인 통과, 이격 안정, 1H 364.0 >= EMA20 337.9 (기준 0.998), 모멘텀 돌파 직전 4봉 고점 돌파=통과, 거래량배수=2.30, 양봉=통과, RSI=통과, 1H MTF=통과"
upbit,2026-09-07T01:38:41+09:00,KRW-NEAR,3318.0,44,RSI 범위 이탈,COMPLETE,2026-09-07T01:40:00+09:00,2026-09-07T03:08:41+09:00,3336.0,3228.0,3239.0,0.2614,-2.9845,-2.6539,"1차 퀀트 관망 대기: 하드게이트 차단, 알파스코어 44점, MA5 > MA20, RSI 76.5, %B 0.96, 저점거리 3.40%, 최근고점대비 0.51%, 반등확인 차단, 이격 안정, 1H 3252.0 >= EMA20 3153.1 (기준 0.998), 모멘텀 돌파 직전 4봉 고점 돌파=차단, 거래량배수=0.56, 양봉=차단, RSI=차단, 1H MTF=통과"
upbit,2026-09-07T01:38:41+09:00,KRW-ZAMA,77.9,25,RSI 범위 이탈,COMPLETE,2026-09-07T01:40:00+09:00,2026-09-07T03:08:41+09:00,78.9,77.1,78.2,1.0005,-1.3037,0.1044,"1차 퀀트 관망 대기: 하드게이트 차단, 알파스코어 25점, MA5 <= MA20, RSI 26.5, %B -0.10, 저점거리 0.52%, 최근고점대비 3.59%, 반등확인 차단, 이격 안정, 1H 79.4 >= EMA20 75.9 (기준 0.998), 모멘텀 돌파 직전 4봉 고점 돌파=차단, 거래량배수=1.71, 양봉=차단, RSI=차단, 1H MTF=통과"
upbit,2026-09-07T01:38:42+09:00,KRW-PROM,7550.0,49,RSI 범위 이탈,COMPLETE,2026-09-07T01:40:00+09:00,2026-09-07T03:08:42+09:00,7545.0,7265.0,7330.0,-0.3456,-4.0439,-3.1854,"1차 퀀트 관망 대기: 하드게이트 차단, 알파스코어 49점, MA5 <= MA20, RSI 38.8, %B 0.29, 저점거리 0.53%, 최근고점대비 1.59%, 반등확인 차단, 이격 안정, 1H 7605.0 >= EMA20 7297.8 (기준 0.998), 모멘텀 돌파 직전 4봉 고점 돌파=차단, 거래량배수=0.03, 양봉=차단, RSI=차단, 1H MTF=통과"
upbit,2026-09-07T01:38:43+09:00,KRW-UNI,10090.0,35,이격 과열,COMPLETE,2026-09-07T01:40:00+09:00,2026-09-07T03:08:43+09:00,10010.0,9740.0,9800.0,-1.0703,-3.7387,-3.1457,"1차 퀀트 관망 대기: 하드게이트 차단, 알파스코어 35점, MA5 > MA20, RSI 89.7, %B 1.21, 저점거리 6.66%, 최근고점대비 0.20%, 반등확인 통과, 이격 과열차단, 1H 9500.0 >= EMA20 9498.7 (기준 0.998), 모멘텀 돌파 직전 4봉 고점 돌파=차단, 거래량배수=3.87, 양봉=통과, RSI=차단, 1H MTF=통과"
upbit,2026-09-07T01:38:44+09:00,KRW-WLD,560.0,59,거래량 부족,COMPLETE,2026-09-07T01:40:00+09:00,2026-09-07T03:08:44+09:00,563.0,558.0,561.0,0.2546,-0.6358,-0.1015,"1차 퀀트 관망 대기: 하드게이트 차단, 알파스코어 59점, MA5 > MA20, RSI 61.1, %B 0.92, 저점거리 1.27%, 최근고점대비 0.18%, 반등확인 차단, 이격 안정, 1H 557.0 >= EMA20 553.1 (기준 0.998), 모멘텀 돌파 직전 4봉 고점 돌파=차단, 거래량배수=0.46, 양봉=차단, RSI=통과, 1H MTF=통과"
upbit,2026-09-07T01:38:46+09:00,KRW-ONDO,515.0,39,상위 추세 미달,COMPLETE,2026-09-07T01:40:00+09:00,2026-09-07T03:08:46+09:00,518.0,513.0,517.0,0.3013,-0.6669,0.1077,"1차 퀀트 관망 대기: 하드게이트 차단, 알파스코어 39점, MA5 > MA20, RSI 71.4, %B 1.13, 저점거리 1.18%, 최근고점대비 0.19%, 반등확인 통과, 이격 안정, 1H 510.0 < EMA20 511.1 (기준 0.998)"
upbit,2026-09-07T01:38:47+09:00,KRW-VIRTUAL,958.0,44,하드 게이트,COMPLETE,2026-09-07T01:40:00+09:00,2026-09-07T03:08:47+09:00,957.0,944.0,948.0,-0.3837,-1.7369,-1.3205,"1차 퀀트 관망 대기: 하드게이트 차단, 알파스코어 44점, MA5 > MA20, RSI 76.9, %B 1.03, 저점거리 1.70%, 최근고점대비 0.00%, 반등확인 통과, 이격 안정, 1H 946.0 >= EMA20 942.1 (기준 0.998)"
upbit,2026-09-07T01:38:49+09:00,KRW-JTO,623.0,64,거래량 부족,COMPLETE,2026-09-07T01:40:00+09:00,2026-09-07T03:08:49+09:00,623.0,609.0,623.0,-0.2796,-2.5205,-0.2796,"1차 퀀트 관망 대기: 하드게이트 통과, 알파스코어 64점, MA5 > MA20, RSI 63.8, %B 0.74, 저점거리 2.64%, 최근고점대비 1.93%, 반등확인 통과, 이격 안정, 1H 616.0 >= EMA20 599.5 (기준 0.998), 모멘텀 돌파 직전 4봉 고점 돌파=차단, 거래량배수=0.13, 양봉=통과, RSI=통과, 1H MTF=통과"
upbit,2026-09-07T01:43:47+09:00,KRW-FLOCK,98.5,52,RSI 범위 이탈,COMPLETE,2026-09-07T01:45:00+09:00,2026-09-07T03:13:47+09:00,101.0,96.7,99.1,2.2514,-2.1019,0.3278,"1차 퀀트 관망 대기: 하드게이트 통과, 알파스코어 52점, MA5 > MA20, RSI 43.9, %B 0.41, 저점거리 0.41%, 최근고점대비 1.32%, 반등확인 차단, 이격 안정, 1H 98.7 >= EMA20 96.0 (기준 0.998), 모멘텀 돌파 직전 4봉 고점 돌파=차단, 거래량배수=0.31, 양봉=차단, RSI=차단, 1H MTF=통과"
upbit,2026-09-07T01:43:48+09:00,KRW-JUP,367.0,52,거래량 부족,COMPLETE,2026-09-07T01:45:00+09:00,2026-09-07T03:13:48+09:00,368.0,359.0,365.0,-0.0079,-2.4533,-0.823,"1차 퀀트 관망 대기: 하드게이트 차단, 알파스코어 52점, MA5 > MA20, RSI 52.6, %B 0.81, 저점거리 2.23%, 최근고점대비 0.82%, 반등확인 차단, 이격 안정, 1H 364.0 >= EMA20 337.9 (기준 0.998), 모멘텀 돌파 직전 4봉 고점 돌파=차단, 거래량배수=0.63, 양봉=통과, RSI=통과, 1H MTF=통과"
upbit,2026-09-07T01:43:48+09:00,KRW-NEAR,3332.0,44,RSI 범위 이탈,COMPLETE,2026-09-07T01:45:00+09:00,2026-09-07T03:13:48+09:00,3336.0,3228.0,3247.0,-0.1599,-3.3921,-2.8235,"1차 퀀트 관망 대기: 하드게이트 차단, 알파스코어 44점, MA5 > MA20, RSI 76.4, %B 0.99, 저점거리 2.84%, 최근고점대비 0.12%, 반등확인 통과, 이격 안정, 1H 3252.0 >= EMA20 3153.1 (기준 0.998), 모멘텀 돌파 직전 4봉 고점 돌파=차단, 거래량배수=0.69, 양봉=통과, RSI=차단, 1H MTF=통과"
upbit,2026-09-07T01:43:49+09:00,KRW-PROM,7545.0,49,RSI 범위 이탈,COMPLETE,2026-09-07T01:45:00+09:00,2026-09-07T03:13:49+09:00,7505.0,7265.0,7335.0,-0.8083,-3.9803,-3.0551,"1차 퀀트 관망 대기: 하드게이트 차단, 알파스코어 49점, MA5 <= MA20, RSI 36.4, %B 0.26, 저점거리 0.47%, 최근고점대비 1.19%, 반등확인 차단, 이격 안정, 1H 7605.0 >= EMA20 7297.8 (기준 0.998), 모멘텀 돌파 직전 4봉 고점 돌파=차단, 거래량배수=0.05, 양봉=차단, RSI=차단, 1H MTF=통과"
upbit,2026-09-07T01:43:50+09:00,KRW-UNI,10010.0,39,이격 과열,COMPLETE,2026-09-07T01:45:00+09:00,2026-09-07T03:13:50+09:00,9955.0,9740.0,9790.0,-0.8275,-2.9694,-2.4713,"1차 퀀트 관망 대기: 하드게이트 차단, 알파스코어 39점, MA5 > MA20, RSI 80.8, %B 1.00, 저점거리 5.81%, 최근고점대비 1.00%, 반등확인 차단, 이격 과열차단, 1H 9500.0 >= EMA20 9498.7 (기준 0.998)"
upbit,2026-09-07T01:43:50+09:00,KRW-MET2,293.0,74,RSI 범위 이탈,COMPLETE,2026-09-07T01:45:00+09:00,2026-09-07T03:13:50+09:00,293.0,287.0,290.0,-0.2796,-2.3217,-1.3006,"1차 퀀트 관망 대기: 하드게이트 차단, 알파스코어 74점, MA5 > MA20, RSI 50.0, %B 0.45, 저점거리 0.34%, 최근고점대비 2.39%, 반등확인 통과, 이격 안정, 1H 296.0 >= EMA20 280.0 (기준 0.998), 모멘텀 돌파 직전 4봉 고점 돌파=차단, 거래량배수=0.08, 양봉=통과, RSI=차단, 1H MTF=통과"
upbit,2026-09-07T01:43:51+09:00,KRW-VIRTUAL,957.0,44,반등 미확인,COMPLETE,2026-09-07T01:45:00+09:00,2026-09-07T03:13:51+09:00,956.0,944.0,951.0,-0.3838,-1.6342,-0.9048,"1차 퀀트 관망 대기: 하드게이트 차단, 알파스코어 44점, MA5 > MA20, RSI 74.1, %B 0.93, 저점거리 1.48%, 최근고점대비 0.10%, 반등확인 차단, 이격 안정, 1H 946.0 >= EMA20 942.1 (기준 0.998)"
upbit,2026-09-07T01:43:51+09:00,KRW-ONDO,515.0,42,상위 추세 미달,COMPLETE,2026-09-07T01:45:00+09:00,2026-09-07T03:13:51+09:00,518.0,513.0,516.0,0.3013,-0.6669,-0.086,"1차 퀀트 관망 대기: 하드게이트 차단, 알파스코어 42점, MA5 > MA20, RSI 69.2, %B 1.02, 저점거리 1.18%, 최근고점대비 0.19%, 반등확인 통과, 이격 안정, 1H 510.0 < EMA20 511.1 (기준 0.998)"
upbit,2026-09-07T01:43:52+09:00,KRW-AVAX,10420.0,39,반등 미확인,COMPLETE,2026-09-07T01:45:00+09:00,2026-09-07T03:13:52+09:00,10440.0,10390.0,10410.0,-0.0882,-0.5667,-0.3753,"1차 퀀트 관망 대기: 하드게이트 차단, 알파스코어 39점, MA5 > MA20, RSI 71.4, %B 0.84, 저점거리 0.58%, 최근고점대비 0.19%, 반등확인 차단, 이격 안정, 1H 10400.0 >= EMA20 10416.3 (기준 0.998)"
upbit,2026-09-07T01:43:52+09:00,KRW-JTO,623.0,69,거래량 부족,COMPLETE,2026-09-07T01:45:00+09:00,2026-09-07T03:13:52+09:00,623.0,609.0,618.0,-0.2796,-2.5205,-1.0799,"1차 퀀트 관망 대기: 하드게이트 차단, 알파스코어 69점, MA5 > MA20, RSI 65.2, %B 0.72, 저점거리 2.30%, 최근고점대비 1.93%, 반등확인 차단, 이격 안정, 1H 616.0 >= EMA20 599.5 (기준 0.998), 모멘텀 돌파 직전 4봉 고점 돌파=차단, 거래량배수=0.17, 양봉=차단, RSI=통과, 1H MTF=통과"
upbit,2026-09-07T01:48:49+09:00,KRW-FLOCK,98.7,52,RSI 범위 이탈,COMPLETE,2026-09-07T01:50:00+09:00,2026-09-07T03:18:49+09:00,101.0,96.7,99.3,2.0442,-2.3003,0.3266,"1차 퀀트 관망 대기: 하드게이트 통과, 알파스코어 52점, MA5 > MA20, RSI 49.1, %B 0.49, 저점거리 0.61%, 최근고점대비 1.11%, 반등확인 통과, 이격 안정, 1H 98.7 >= EMA20 96.0 (기준 0.998), 모멘텀 돌파 직전 4봉 고점 돌파=차단, 거래량배수=0.32, 양봉=통과, RSI=차단, 1H MTF=통과"
upbit,2026-09-07T01:48:49+09:00,KRW-JUP,367.0,37,거래량 부족,COMPLETE,2026-09-07T01:50:00+09:00,2026-09-07T03:18:49+09:00,367.0,359.0,366.0,-0.2796,-2.4533,-0.5513,"1차 퀀트 관망 대기: 하드게이트 차단, 알파스코어 37점, MA5 > MA20, RSI 66.7, %B 0.79, 저점거리 1.94%, 최근고점대비 0.82%, 반등확인 통과, 이격 안정, 1H 364.0 >= EMA20 337.9 (기준 0.998), 모멘텀 돌파 직전 4봉 고점 돌파=차단, 거래량배수=0.44, 양봉=통과, RSI=통과, 1H MTF=통과"
upbit,2026-09-07T01:48:50+09:00,KRW-NEAR,3329.0,44,RSI 범위 이탈,COMPLETE,2026-09-07T01:50:00+09:00,2026-09-07T03:18:50+09:00,3336.0,3228.0,3248.0,-0.0699,-3.3051,-2.706,"1차 퀀트 관망 대기: 하드게이트 차단, 알파스코어 44점, MA5 > MA20, RSI 77.2, %B 0.91, 저점거리 2.40%, 최근고점대비 0.21%, 반등확인 차단, 이격 안정, 1H 3252.0 >= EMA20 3153.1 (기준 0.998), 모멘텀 돌파 직전 4봉 고점 돌파=차단, 거래량배수=0.32, 양봉=차단, RSI=차단, 1H MTF=통과"
upbit,2026-09-07T01:48:50+09:00,KRW-ZAMA,77.6,22,RSI 범위 이탈,COMPLETE,2026-09-07T01:50:00+09:00,2026-09-07T03:18:50+09:00,78.9,77.1,77.9,1.391,-0.9221,0.1059,"1차 퀀트 관망 대기: 하드게이트 차단, 알파스코어 22점, MA5 <= MA20, RSI 21.9, %B -0.01, 저점거리 0.65%, 최근고점대비 3.99%, 반등확인 차단, 이격 안정, 1H 79.4 >= EMA20 75.9 (기준 0.998), 모멘텀 돌파 직전 4봉 고점 돌파=차단, 거래량배수=0.48, 양봉=차단, RSI=차단, 1H MTF=통과"
upbit,2026-09-07T01:48:50+09:00,KRW-UNI,9915.0,52,RSI 범위 이탈,COMPLETE,2026-09-07T01:50:00+09:00,2026-09-07T03:18:50+09:00,9950.0,9740.0,9790.0,0.0724,-2.0397,-1.5368,"1차 퀀트 관망 대기: 하드게이트 차단, 알파스코어 52점, MA5 > MA20, RSI 73.4, %B 0.84, 저점거리 4.70%, 최근고점대비 1.97%, 반등확인 차단, 이격 안정, 1H 9500.0 >= EMA20 9498.7 (기준 0.998), 모멘텀 돌파 직전 4봉 고점 돌파=차단, 거래량배수=2.31, 양봉=차단, RSI=차단, 1H MTF=통과"
upbit,2026-09-07T01:48:51+09:00,KRW-WLD,560.0,44,거래량 부족,COMPLETE,2026-09-07T01:50:00+09:00,2026-09-07T03:18:51+09:00,563.0,558.0,560.0,0.2546,-0.6358,-0.2796,"1차 퀀트 관망 대기: 하드게이트 차단, 알파스코어 44점, MA5 > MA20, RSI 66.7, %B 0.83, 저점거리 1.08%, 최근고점대비 0.36%, 반등확인 통과, 이격 안정, 1H 557.0 >= EMA20 553.1 (기준 0.998), 모멘텀 돌파 직전 4봉 고점 돌파=차단, 거래량배수=0.11, 양봉=통과, RSI=통과, 1H MTF=통과"
upbit,2026-09-07T01:48:51+09:00,KRW-ONDO,516.0,39,상위 추세 미달,COMPLETE,2026-09-07T01:50:00+09:00,2026-09-07T03:18:51+09:00,518.0,513.0,517.0,0.1069,-0.8594,-0.0864,"1차 퀀트 관망 대기: 하드게이트 차단, 알파스코어 39점, MA5 > MA20, RSI 71.4, %B 1.04, 저점거리 1.38%, 최근고점대비 0.00%, 반등확인 통과, 이격 안정, 1H 510.0 < EMA20 511.1 (기준 0.998)"
upbit,2026-09-07T01:48:52+09:00,KRW-VIRTUAL,957.0,44,하드 게이트,COMPLETE,2026-09-07T01:50:00+09:00,2026-09-07T03:18:52+09:00,954.0,944.0,949.0,-0.5922,-1.6342,-1.1132,"1차 퀀트 관망 대기: 하드게이트 차단, 알파스코어 44점, MA5 > MA20, RSI 80.0, %B 0.88, 저점거리 1.48%, 최근고점대비 0.10%, 반등확인 통과, 이격 안정, 1H 946.0 >= EMA20 942.1 (기준 0.998)"
upbit,2026-09-07T01:48:53+09:00,KRW-JTO,621.0,69,거래량 부족,COMPLETE,2026-09-07T01:50:00+09:00,2026-09-07T03:18:53+09:00,623.0,609.0,618.0,0.0416,-2.2066,-0.7613,"1차 퀀트 관망 대기: 하드게이트 통과, 알파스코어 69점, MA5 > MA20, RSI 63.8, %B 0.64, 저점거리 1.97%, 최근고점대비 2.25%, 반등확인 차단, 이격 안정, 1H 616.0 >= EMA20 599.5 (기준 0.998), 모멘텀 돌파 직전 4봉 고점 돌파=차단, 거래량배수=0.22, 양봉=차단, RSI=통과, 1H MTF=통과"
upbit,2026-09-07T01:48:54+09:00,KRW-ENS,8540.0,47,RSI 범위 이탈,COMPLETE,2026-09-07T01:50:00+09:00,2026-09-07T03:18:54+09:00,8545.0,8415.0,8490.0,-0.2212,-1.7392,-0.8635,"1차 퀀트 관망 대기: 하드게이트 차단, 알파스코어 47점, MA5 > MA20, RSI 76.3, %B 0.86, 저점거리 3.39%, 최근고점대비 0.76%, 반등확인 차단, 이격 안정, 1H 8355.0 >= EMA20 8260.2 (기준 0.998), 모멘텀 돌파 직전 4봉 고점 돌파=차단, 거래량배수=3.07, 양봉=차단, RSI=차단, 1H MTF=통과"
upbit,2026-09-07T01:53:32+09:00,KRW-FLOCK,98.3,52,RSI 범위 이탈,COMPLETE,2026-09-07T01:55:00+09:00,2026-09-07T03:23:32+09:00,101.0,96.7,100.0,2.4594,-1.9027,1.445,"1차 퀀트 관망 대기: 하드게이트 통과, 알파스코어 52점, MA5 <= MA20, RSI 48.2, %B 0.36, 저점거리 0.20%, 최근고점대비 1.53%, 반등확인 차단, 이격 안정, 1H 98.7 >= EMA20 96.0 (기준 0.998), 모멘텀 돌파 직전 4봉 고점 돌파=차단, 거래량배수=0.42, 양봉=차단, RSI=차단, 1H MTF=통과"
upbit,2026-09-07T01:53:32+09:00,KRW-JUP,365.0,70,돌파 미확인,COMPLETE,2026-09-07T01:55:00+09:00,2026-09-07T03:23:32+09:00,367.0,359.0,366.0,0.2668,-1.9188,-0.0064,"1차 퀀트 관망 대기: 하드게이트 통과, 알파스코어 70점, MA5 > MA20, RSI 58.8, %B 0.57, 저점거리 1.39%, 최근고점대비 1.37%, 반등확인 차단, 이격 안정, 1H 364.0 >= EMA20 337.9 (기준 0.998), 모멘텀 돌파 직전 4봉 고점 돌파=차단, 거래량배수=1.33, 양봉=차단, RSI=통과, 1H MTF=통과"
upbit,2026-09-07T01:53:32+09:00,KRW-NEAR,3326.0,44,RSI 범위 이탈,COMPLETE,2026-09-07T01:55:00+09:00,2026-09-07T03:23:32+09:00,3313.0,3228.0,3247.0,-0.6694,-3.2179,-2.6482,"1차 퀀트 관망 대기: 하드게이트 차단, 알파스코어 44점, MA5 > MA20, RSI 72.8, %B 0.85, 저점거리 2.31%, 최근고점대비 0.30%, 반등확인 통과, 이격 안정, 1H 3252.0 >= EMA20 3153.1 (기준 0.998), 모멘텀 돌파 직전 4봉 고점 돌파=차단, 거래량배수=0.44, 양봉=통과, RSI=차단, 1H MTF=통과"
upbit,2026-09-07T01:53:33+09:00,KRW-ZAMA,77.7,25,RSI 범위 이탈,COMPLETE,2026-09-07T01:55:00+09:00,2026-09-07T03:23:33+09:00,78.9,77.1,77.8,1.2605,-1.0497,-0.1513,"1차 퀀트 관망 대기: 하드게이트 차단, 알파스코어 25점, MA5 <= MA20, RSI 26.3, %B 0.07, 저점거리 0.78%, 최근고점대비 3.86%, 반등확인 통과, 이격 안정, 1H 79.4 >= EMA20 75.9 (기준 0.998), 모멘텀 돌파 직전 4봉 고점 돌파=차단, 거래량배수=1.56, 양봉=통과, RSI=차단, 1H MTF=통과"
upbit,2026-09-07T01:53:33+09:00,KRW-UNI,9910.0,49,반등 미확인,COMPLETE,2026-09-07T01:55:00+09:00,2026-09-07T03:23:33+09:00,9910.0,9740.0,9795.0,-0.2796,-1.9903,-1.4368,"1차 퀀트 관망 대기: 하드게이트 차단, 알파스코어 49점, MA5 > MA20, RSI 75.0, %B 0.80, 저점거리 4.54%, 최근고점대비 2.02%, 반등확인 차단, 이격 안정, 1H 9500.0 >= EMA20 9498.7 (기준 0.998)"
upbit,2026-09-07T01:53:34+09:00,KRW-PROM,7425.0,29,RSI 범위 이탈,COMPLETE,2026-09-07T01:55:00+09:00,2026-09-07T03:23:34+09:00,7460.0,7265.0,7410.0,0.1905,-2.4285,-0.4811,"1차 퀀트 관망 대기: 하드게이트 차단, 알파스코어 29점, MA5 <= MA20, RSI 27.5, %B -0.22, 저점거리 0.13%, 최근고점대비 2.83%, 반등확인 차단, 이격 안정, 1H 7605.0 >= EMA20 7297.8 (기준 0.998), 모멘텀 돌파 직전 4봉 고점 돌파=차단, 거래량배수=0.80, 양봉=차단, RSI=차단, 1H MTF=통과"
upbit,2026-09-07T01:53:34+09:00,KRW-ONDO,515.0,39,상위 추세 미달,COMPLETE,2026-09-07T01:55:00+09:00,2026-09-07T03:23:34+09:00,518.0,513.0,517.0,0.3013,-0.6669,0.1077,"1차 퀀트 관망 대기: 하드게이트 차단, 알파스코어 39점, MA5 > MA20, RSI 66.7, %B 0.88, 저점거리 1.18%, 최근고점대비 0.19%, 반등확인 통과, 이격 안정, 1H 510.0 < EMA20 511.1 (기준 0.998)"
upbit,2026-09-07T01:53:35+09:00,KRW-VIRTUAL,957.0,44,하드 게이트,COMPLETE,2026-09-07T01:55:00+09:00,2026-09-07T03:23:35+09:00,954.0,944.0,952.0,-0.5922,-1.6342,-0.8006,"1차 퀀트 관망 대기: 하드게이트 차단, 알파스코어 44점, MA5 > MA20, RSI 80.0, %B 0.88, 저점거리 1.48%, 최근고점대비 0.10%, 반등확인 통과, 이격 안정, 1H 946.0 >= EMA20 942.1 (기준 0.998)"
upbit,2026-09-07T01:53:35+09:00,KRW-AVAX,10420.0,59,반등 미확인,COMPLETE,2026-09-07T01:55:00+09:00,2026-09-07T03:23:35+09:00,10440.0,10390.0,10410.0,-0.0882,-0.5667,-0.3753,"1차 퀀트 관망 대기: 하드게이트 통과, 알파스코어 59점, MA5 > MA20, RSI 62.5, %B 0.74, 저점거리 0.58%, 최근고점대비 0.29%, 반등확인 차단, 이격 안정, 1H 10400.0 >= EMA20 10416.3 (기준 0.998)"
upbit,2026-09-07T01:53:35+09:00,KRW-JTO,620.0,74,거래량 부족,COMPLETE,2026-09-07T01:55:00+09:00,2026-09-07T03:23:35+09:00,623.0,609.0,621.0,0.2029,-2.0488,-0.1188,"1차 퀀트 관망 대기: 하드게이트 통과, 알파스코어 74점, MA5 > MA20, RSI 61.7, %B 0.59, 저점거리 1.31%, 최근고점대비 2.42%, 반등확인 차단, 이격 안정, 1H 616.0 >= EMA20 599.5 (기준 0.998), 모멘텀 돌파 직전 4봉 고점 돌파=차단, 거래량배수=0.05, 양봉=차단, RSI=통과, 1H MTF=통과"
upbit,2026-09-07T01:58:30+09:00,KRW-FLOCK,98.3,52,RSI 범위 이탈,COMPLETE,2026-09-07T02:00:00+09:00,2026-09-07T03:28:30+09:00,101.0,96.7,101.0,2.4594,-1.9027,2.4594,"1차 퀀트 관망 대기: 하드게이트 차단, 알파스코어 52점, MA5 <= MA20, RSI 45.3, %B 0.32, 저점거리 0.20%, 최근고점대비 1.53%, 반등확인 통과, 이격 안정, 1H 98.7 >= EMA20 96.0 (기준 0.998), 모멘텀 돌파 직전 4봉 고점 돌파=차단, 거래량배수=0.35, 양봉=통과, RSI=차단, 1H MTF=통과"
upbit,2026-09-07T01:58:30+09:00,KRW-JUP,367.0,47,RSI 범위 이탈,COMPLETE,2026-09-07T02:00:00+09:00,2026-09-07T03:28:30+09:00,367.0,359.0,366.0,-0.2796,-2.4533,-0.5513,"1차 퀀트 관망 대기: 하드게이트 차단, 알파스코어 47점, MA5 > MA20, RSI 75.0, %B 0.76, 저점거리 1.38%, 최근고점대비 0.82%, 반등확인 통과, 이격 안정, 1H 364.0 >= EMA20 337.9 (기준 0.998), 모멘텀 돌파 직전 4봉 고점 돌파=차단, 거래량배수=0.32, 양봉=통과, RSI=차단, 1H MTF=통과"
upbit,2026-09-07T01:58:31+09:00,KRW-NEAR,3310.0,69,거래량 부족,COMPLETE,2026-09-07T02:00:00+09:00,2026-09-07T03:28:31+09:00,3310.0,3228.0,3251.0,-0.2796,-2.75,-2.0571,"1차 퀀트 관망 대기: 하드게이트 통과, 알파스코어 69점, MA5 > MA20, RSI 62.0, %B 0.72, 저점거리 1.78%, 최근고점대비 0.79%, 반등확인 차단, 이격 안정, 1H 3252.0 >= EMA20 3153.1 (기준 0.998), 모멘텀 돌파 직전 4봉 고점 돌파=차단, 거래량배수=0.53, 양봉=차단, RSI=통과, 1H MTF=통과"
upbit,2026-09-07T01:58:31+09:00,KRW-UNI,9905.0,59,반등 미확인,COMPLETE,2026-09-07T02:00:00+09:00,2026-09-07T03:28:31+09:00,9875.0,9740.0,9810.0,-0.5816,-1.9408,-1.236,"1차 퀀트 관망 대기: 하드게이트 차단, 알파스코어 59점, MA5 > MA20, RSI 74.0, %B 0.77, 저점거리 4.43%, 최근고점대비 2.07%, 반등확인 차단, 이격 안정, 1H 9500.0 >= EMA20 9498.7 (기준 0.998)"
upbit,2026-09-07T01:58:31+09:00,KRW-PROM,7445.0,39,RSI 범위 이탈,COMPLETE,2026-09-07T02:00:00+09:00,2026-09-07T03:28:31+09:00,7460.0,7265.0,7400.0,-0.0787,-2.6906,-0.8824,"1차 퀀트 관망 대기: 하드게이트 차단, 알파스코어 39점, MA5 <= MA20, RSI 37.7, %B -0.02, 저점거리 0.40%, 최근고점대비 2.55%, 반등확인 차단, 이격 안정, 1H 7605.0 >= EMA20 7297.8 (기준 0.998), 모멘텀 돌파 직전 4봉 고점 돌파=차단, 거래량배수=0.67, 양봉=차단, RSI=차단, 1H MTF=통과"
upbit,2026-09-07T01:58:32+09:00,KRW-ONDO,516.0,39,상위 추세 미달,COMPLETE,2026-09-07T02:00:00+09:00,2026-09-07T03:28:32+09:00,518.0,513.0,516.0,0.1069,-0.8594,-0.2796,"1차 퀀트 관망 대기: 하드게이트 차단, 알파스코어 39점, MA5 > MA20, RSI 66.7, %B 0.93, 저점거리 1.18%, 최근고점대비 0.00%, 반등확인 통과, 이격 안정, 1H 510.0 < EMA20 511.1 (기준 0.998)"
upbit,2026-09-07T01:58:32+09:00,KRW-VIRTUAL,956.0,44,하드 게이트,COMPLETE,2026-09-07T02:00:00+09:00,2026-09-07T03:28:32+09:00,954.0,944.0,952.0,-0.4882,-1.5313,-0.6968,"1차 퀀트 관망 대기: 하드게이트 차단, 알파스코어 44점, MA5 > MA20, RSI 75.0, %B 0.81, 저점거리 1.38%, 최근고점대비 0.21%, 반등확인 통과, 이격 안정, 1H 946.0 >= EMA20 942.1 (기준 0.998)"
upbit,2026-09-07T01:58:33+09:00,KRW-AVAX,10440.0,49,하드 게이트,COMPLETE,2026-09-07T02:00:00+09:00,2026-09-07T03:28:33+09:00,10430.0,10390.0,10410.0,-0.3751,-0.7572,-0.5662,"1차 퀀트 관망 대기: 하드게이트 차단, 알파스코어 49점, MA5 > MA20, RSI 65.4, %B 0.86, 저점거리 0.77%, 최근고점대비 0.10%, 반등확인 통과, 이격 안정, 1H 10400.0 >= EMA20 10416.3 (기준 0.998)"
upbit,2026-09-07T01:58:33+09:00,KRW-JTO,616.0,74,거래량 부족,COMPLETE,2026-09-07T02:00:00+09:00,2026-09-07T03:28:33+09:00,623.0,609.0,621.0,0.8536,-1.4128,0.5298,"1차 퀀트 관망 대기: 하드게이트 통과, 알파스코어 74점, MA5 > MA20, RSI 55.1, %B 0.45, 저점거리 0.33%, 최근고점대비 3.08%, 반등확인 차단, 이격 안정, 1H 616.0 >= EMA20 599.5 (기준 0.998), 모멘텀 돌파 직전 4봉 고점 돌파=차단, 거래량배수=1.17, 양봉=차단, RSI=통과, 1H MTF=통과"
upbit,2026-09-07T01:58:33+09:00,KRW-ENS,8485.0,59,거래량 부족,COMPLETE,2026-09-07T02:00:00+09:00,2026-09-07T03:28:33+09:00,8545.0,8415.0,8490.0,0.4255,-1.1023,-0.2208,"1차 퀀트 관망 대기: 하드게이트 차단, 알파스코어 59점, MA5 > MA20, RSI 67.7, %B 0.71, 저점거리 1.74%, 최근고점대비 1.41%, 반등확인 차단, 이격 안정, 1H 8355.0 >= EMA20 8260.2 (기준 0.998), 모멘텀 돌파 직전 4봉 고점 돌파=차단, 거래량배수=0.03, 양봉=차단, RSI=통과, 1H MTF=통과"
upbit,2026-09-07T02:03:31+09:00,KRW-FLOCK,98.1,47,RSI 범위 이탈,COMPLETE,2026-09-07T02:05:00+09:00,2026-09-07T03:33:31+09:00,102.0,96.7,99.9,3.6848,-1.7027,1.5501,"1차 퀀트 관망 대기: 하드게이트 통과, 알파스코어 47점, MA5 <= MA20, RSI 47.1, %B 0.23, 저점거리 0.41%, 최근고점대비 1.73%, 반등확인 차단, 이격 안정, 1H 98.1 >= EMA20 96.2 (기준 0.998), 모멘텀 돌파 직전 4봉 고점 돌파=차단, 거래량배수=0.66, 양봉=차단, RSI=차단, 1H MTF=통과"
upbit,2026-09-07T02:03:31+09:00,KRW-JUP,367.0,47,RSI 범위 이탈,COMPLETE,2026-09-07T02:05:00+09:00,2026-09-07T03:33:31+09:00,367.0,359.0,365.0,-0.2796,-2.4533,-0.823,"1차 퀀트 관망 대기: 하드게이트 차단, 알파스코어 47점, MA5 > MA20, RSI 73.3, %B 0.74, 저점거리 1.38%, 최근고점대비 0.82%, 반등확인 통과, 이격 안정, 1H 367.0 >= EMA20 340.7 (기준 0.998), 모멘텀 돌파 직전 4봉 고점 돌파=차단, 거래량배수=0.94, 양봉=통과, RSI=차단, 1H MTF=통과"
upbit,2026-09-07T02:03:32+09:00,KRW-NEAR,3308.0,69,거래량 부족,COMPLETE,2026-09-07T02:05:00+09:00,2026-09-07T03:33:32+09:00,3281.0,3228.0,3271.0,-1.0935,-2.6912,-1.395,"1차 퀀트 관망 대기: 하드게이트 통과, 알파스코어 69점, MA5 > MA20, RSI 63.2, %B 0.69, 저점거리 1.72%, 최근고점대비 0.85%, 반등확인 차단, 이격 안정, 1H 3308.0 >= EMA20 3168.2 (기준 0.998), 모멘텀 돌파 직전 4봉 고점 돌파=차단, 거래량배수=0.51, 양봉=차단, RSI=통과, 1H MTF=통과"
upbit,2026-09-07T02:03:32+09:00,KRW-UNI,9845.0,59,반등 미확인,COMPLETE,2026-09-07T02:05:00+09:00,2026-09-07T03:33:32+09:00,9860.0,9740.0,9800.0,-0.1277,-1.3432,-0.7354,"1차 퀀트 관망 대기: 하드게이트 차단, 알파스코어 59점, MA5 > MA20, RSI 69.0, %B 0.68, 저점거리 3.63%, 최근고점대비 2.69%, 반등확인 차단, 이격 안정, 1H 9845.0 >= EMA20 9531.5 (기준 0.998)"
upbit,2026-09-07T02:03:32+09:00,KRW-WLD,562.0,54,거래량 부족,COMPLETE,2026-09-07T02:05:00+09:00,2026-09-07T03:33:32+09:00,563.0,558.0,562.0,-0.1022,-0.9894,-0.2796,"1차 퀀트 관망 대기: 하드게이트 차단, 알파스코어 54점, MA5 > MA20, RSI 64.7, %B 0.91, 저점거리 1.44%, 최근고점대비 0.18%, 반등확인 통과, 이격 안정, 1H 562.0 >= EMA20 553.9 (기준 0.998), 모멘텀 돌파 직전 4봉 고점 돌파=차단, 거래량배수=0.75, 양봉=통과, RSI=통과, 1H MTF=통과"
upbit,2026-09-07T02:03:33+09:00,KRW-PROM,7450.0,29,RSI 범위 이탈,COMPLETE,2026-09-07T02:05:00+09:00,2026-09-07T03:33:33+09:00,7455.0,7265.0,7400.0,-0.2127,-2.7559,-0.9489,"1차 퀀트 관망 대기: 하드게이트 차단, 알파스코어 29점, MA5 <= MA20, RSI 34.9, %B 0.06, 저점거리 0.47%, 최근고점대비 2.48%, 반등확인 통과, 이격 안정, 1H 7450.0 >= EMA20 7311.5 (기준 0.998), 모멘텀 돌파 직전 4봉 고점 돌파=차단, 거래량배수=0.18, 양봉=통과, RSI=차단, 1H MTF=통과"
upbit,2026-09-07T02:03:33+09:00,KRW-ORCA,1925.0,52,RSI 범위 이탈,COMPLETE,2026-09-07T02:05:00+09:00,2026-09-07T03:33:33+09:00,1965.0,1920.0,1963.0,1.7925,-0.5386,1.6889,"1차 퀀트 관망 대기: 하드게이트 차단, 알파스코어 52점, MA5 <= MA20, RSI 41.0, %B -0.09, 저점거리 0.26%, 최근고점대비 2.39%, 반등확인 차단, 이격 안정, 1H 1925.0 >= EMA20 1871.6 (기준 0.998), 모멘텀 돌파 직전 4봉 고점 돌파=차단, 거래량배수=1.77, 양봉=차단, RSI=차단, 1H MTF=통과"
upbit,2026-09-07T02:03:34+09:00,KRW-ONDO,516.0,44,하드 게이트,COMPLETE,2026-09-07T02:05:00+09:00,2026-09-07T03:33:34+09:00,518.0,513.0,515.0,0.1069,-0.8594,-0.4729,"1차 퀀트 관망 대기: 하드게이트 차단, 알파스코어 44점, MA5 > MA20, RSI 76.9, %B 0.88, 저점거리 1.18%, 최근고점대비 0.00%, 반등확인 통과, 이격 안정, 1H 516.0 >= EMA20 511.6 (기준 0.998)"
upbit,2026-09-07T02:03:34+09:00,KRW-VIRTUAL,956.0,44,하드 게이트,COMPLETE,2026-09-07T02:05:00+09:00,2026-09-07T03:33:34+09:00,954.0,944.0,952.0,-0.4882,-1.5313,-0.6968,"1차 퀀트 관망 대기: 하드게이트 차단, 알파스코어 44점, MA5 > MA20, RSI 75.0, %B 0.81, 저점거리 1.38%, 최근고점대비 0.21%, 반등확인 통과, 이격 안정, 1H 946.0 >= EMA20 942.1 (기준 0.998)"
upbit,2026-09-07T02:03:34+09:00,KRW-AVAX,10420.0,74,반등 미확인,COMPLETE,2026-09-07T02:05:00+09:00,2026-09-07T03:33:34+09:00,10420.0,10390.0,10430.0,-0.2796,-0.5667,-0.1839,"1차 퀀트 관망 대기: 하드게이트 통과, 알파스코어 74점, MA5 > MA20, RSI 59.3, %B 0.69, 저점거리 0.39%, 최근고점대비 0.29%, 반등확인 차단, 이격 안정, 1H 10420.0 >= EMA20 10416.5 (기준 0.998)"
upbit,2026-09-07T02:08:34+09:00,KRW-FLOCK,98.0,37,RSI 범위 이탈,COMPLETE,2026-09-07T02:10:00+09:00,2026-09-07T03:38:34+09:00,102.0,96.7,99.5,3.7906,-1.6024,1.2467,"1차 퀀트 관망 대기: 하드게이트 차단, 알파스코어 37점, MA5 <= MA20, RSI 40.4, %B 0.09, 저점거리 0.31%, 최근고점대비 1.84%, 반등확인 차단, 이격 안정, 1H 98.1 >= EMA20 96.2 (기준 0.998), 모멘텀 돌파 직전 4봉 고점 돌파=차단, 거래량배수=0.44, 양봉=차단, RSI=차단, 1H MTF=통과"
upbit,2026-09-07T02:08:34+09:00,KRW-JUP,366.0,67,거래량 부족,COMPLETE,2026-09-07T02:10:00+09:00,2026-09-07T03:38:34+09:00,367.0,359.0,366.0,-0.0071,-2.1868,-0.2796,"1차 퀀트 관망 대기: 하드게이트 통과, 알파스코어 67점, MA5 > MA20, RSI 58.3, %B 0.62, 저점거리 1.10%, 최근고점대비 1.09%, 반등확인 통과, 이격 안정, 1H 367.0 >= EMA20 340.7 (기준 0.998), 모멘텀 돌파 직전 4봉 고점 돌파=차단, 거래량배수=0.55, 양봉=통과, RSI=통과, 1H MTF=통과"
upbit,2026-09-07T02:08:34+09:00,KRW-NEAR,3280.0,74,거래량 부족,COMPLETE,2026-09-07T02:10:00+09:00,2026-09-07T03:38:34+09:00,3280.0,3228.0,3296.0,-0.2796,-1.8605,0.2068,"1차 퀀트 관망 대기: 하드게이트 통과, 알파스코어 74점, MA5 > MA20, RSI 58.2, %B 0.47, 저점거리 0.83%, 최근고점대비 1.71%, 반등확인 차단, 이격 안정, 1H 3308.0 >= EMA20 3168.2 (기준 0.998), 모멘텀 돌파 직전 4봉 고점 돌파=차단, 거래량배수=0.42, 양봉=차단, RSI=통과, 1H MTF=통과"
upbit,2026-09-07T02:08:35+09:00,KRW-PROM,7445.0,32,RSI 범위 이탈,COMPLETE,2026-09-07T02:10:00+09:00,2026-09-07T03:38:35+09:00,7455.0,7265.0,7375.0,-0.1457,-2.6906,-1.2172,"1차 퀀트 관망 대기: 하드게이트 차단, 알파스코어 32점, MA5 <= MA20, RSI 32.3, %B 0.09, 저점거리 0.40%, 최근고점대비 2.35%, 반등확인 차단, 이격 안정, 1H 7450.0 >= EMA20 7311.5 (기준 0.998), 모멘텀 돌파 직전 4봉 고점 돌파=차단, 거래량배수=1.49, 양봉=차단, RSI=차단, 1H MTF=통과"
upbit,2026-09-07T02:08:35+09:00,KRW-JTO,614.0,59,RSI 범위 이탈,COMPLETE,2026-09-07T02:10:00+09:00,2026-09-07T03:38:35+09:00,623.0,609.0,621.0,1.1821,-1.0917,0.8573,"1차 퀀트 관망 대기: 하드게이트 통과, 알파스코어 59점, MA5 <= MA20, RSI 51.1, %B 0.36, 저점거리 0.33%, 최근고점대비 3.42%, 반등확인 차단, 이격 안정, 1H 617.0 >= EMA20 601.1 (기준 0.998), 모멘텀 돌파 직전 4봉 고점 돌파=차단, 거래량배수=1.05, 양봉=차단, RSI=차단, 1H MTF=통과"
upbit,2026-09-07T02:08:35+09:00,KRW-UNI,9835.0,59,반등 미확인,COMPLETE,2026-09-07T02:10:00+09:00,2026-09-07T03:38:35+09:00,9860.0,9740.0,9715.0,-0.0261,-1.2428,-1.4963,"1차 퀀트 관망 대기: 하드게이트 차단, 알파스코어 59점, MA5 > MA20, RSI 68.6, %B 0.65, 저점거리 3.31%, 최근고점대비 2.80%, 반등확인 차단, 이격 안정, 1H 9845.0 >= EMA20 9531.5 (기준 0.998)"
upbit,2026-09-07T02:08:36+09:00,KRW-LINK,16770.0,77,반등 미확인,COMPLETE,2026-09-07T02:10:00+09:00,2026-09-07T03:38:36+09:00,16920.0,16720.0,16900.0,0.6123,-0.5769,0.4934,"1차 퀀트 관망 대기: 하드게이트 통과, 알파스코어 77점, MA5 > MA20, RSI 59.1, %B 0.64, 저점거리 0.72%, 최근고점대비 0.66%, 반등확인 차단, 이격 안정, 1H 16840.0 >= EMA20 16642.0 (기준 0.998)"
upbit,2026-09-07T02:08:36+09:00,KRW-VIRTUAL,953.0,69,하드 게이트,COMPLETE,2026-09-07T02:10:00+09:00,2026-09-07T03:38:36+09:00,954.0,944.0,951.0,-0.175,-1.2214,-0.4889,"1차 퀀트 관망 대기: 하드게이트 차단, 알파스코어 69점, MA5 > MA20, RSI 65.2, %B 0.64, 저점거리 0.74%, 최근고점대비 0.52%, 반등확인 통과, 이격 안정, 1H 954.0 >= EMA20 943.2 (기준 0.998)"
upbit,2026-09-07T02:08:37+09:00,KRW-WLD,562.0,54,거래량 부족,COMPLETE,2026-09-07T02:10:00+09:00,2026-09-07T03:38:37+09:00,563.0,558.0,564.0,-0.1022,-0.9894,0.0753,"1차 퀀트 관망 대기: 하드게이트 차단, 알파스코어 54점, MA5 > MA20, RSI 62.5, %B 0.86, 저점거리 1.44%, 최근고점대비 0.18%, 반등확인 차단, 이격 안정, 1H 562.0 >= EMA20 553.9 (기준 0.998), 모멘텀 돌파 직전 4봉 고점 돌파=차단, 거래량배수=0.76, 양봉=차단, RSI=통과, 1H MTF=통과"
upbit,2026-09-07T02:08:37+09:00,KRW-ENS,8450.0,74,거래량 부족,COMPLETE,2026-09-07T02:10:00+09:00,2026-09-07T03:38:37+09:00,8545.0,8415.0,8495.0,0.8415,-0.6927,0.2514,"1차 퀀트 관망 대기: 하드게이트 통과, 알파스코어 74점, MA5 > MA20, RSI 56.6, %B 0.60, 저점거리 1.32%, 최근고점대비 1.83%, 반등확인 차단, 이격 안정, 1H 8485.0 >= EMA20 8281.6 (기준 0.998), 모멘텀 돌파 직전 4봉 고점 돌파=차단, 거래량배수=0.49, 양봉=차단, RSI=통과, 1H MTF=통과"
upbit,2026-09-07T02:13:30+09:00,KRW-FLOCK,97.5,32,RSI 범위 이탈,COMPLETE,2026-09-07T02:15:00+09:00,2026-09-07T03:43:30+09:00,102.0,96.7,100.0,4.3229,-1.0978,2.2773,"1차 퀀트 관망 대기: 하드게이트 차단, 알파스코어 32점, MA5 <= MA20, RSI 38.0, %B -0.04, 저점거리 0.10%, 최근고점대비 2.36%, 반등확인 차단, 이격 안정, 1H 98.1 >= EMA20 96.2 (기준 0.998), 모멘텀 돌파 직전 4봉 고점 돌파=차단, 거래량배수=0.65, 양봉=차단, RSI=차단, 1H MTF=통과"
upbit,2026-09-07T02:13:31+09:00,KRW-JUP,365.0,67,거래량 부족,COMPLETE,2026-09-07T02:15:00+09:00,2026-09-07T03:43:31+09:00,367.0,359.0,363.0,0.2668,-1.9188,-0.826,"1차 퀀트 관망 대기: 하드게이트 통과, 알파스코어 67점, MA5 > MA20, RSI 53.9, %B 0.53, 저점거리 0.83%, 최근고점대비 1.37%, 반등확인 통과, 이격 안정, 1H 367.0 >= EMA20 340.7 (기준 0.998), 모멘텀 돌파 직전 4봉 고점 돌파=차단, 거래량배수=0.16, 양봉=통과, RSI=통과, 1H MTF=통과"
upbit,2026-09-07T02:13:31+09:00,KRW-NEAR,3270.0,74,거래량 부족,COMPLETE,2026-09-07T02:15:00+09:00,2026-09-07T03:43:31+09:00,3296.0,3228.0,3280.0,0.5133,-1.5604,0.0253,"1차 퀀트 관망 대기: 하드게이트 통과, 알파스코어 74점, MA5 > MA20, RSI 54.8, %B 0.37, 저점거리 0.34%, 최근고점대비 2.02%, 반등확인 차단, 이격 안정, 1H 3308.0 >= EMA20 3168.2 (기준 0.998), 모멘텀 돌파 직전 4봉 고점 돌파=차단, 거래량배수=0.48, 양봉=차단, RSI=통과, 1H MTF=통과"
upbit,2026-09-07T02:13:32+09:00,KRW-UNI,9840.0,59,하드 게이트,COMPLETE,2026-09-07T02:15:00+09:00,2026-09-07T03:43:32+09:00,9840.0,9710.0,9745.0,-0.2796,-1.5971,-1.2424,"1차 퀀트 관망 대기: 하드게이트 차단, 알파스코어 59점, MA5 > MA20, RSI 68.3, %B 0.64, 저점거리 3.14%, 최근고점대비 2.74%, 반등확인 통과, 이격 안정, 1H 9845.0 >= EMA20 9531.5 (기준 0.998)"
upbit,2026-09-07T02:13:32+09:00,KRW-WLD,560.0,74,거래량 부족,COMPLETE,2026-09-07T02:15:00+09:00,2026-09-07T03:43:32+09:00,564.0,558.0,563.0,0.4327,-0.6358,0.2546,"1차 퀀트 관망 대기: 하드게이트 통과, 알파스코어 74점, MA5 > MA20, RSI 58.8, %B 0.64, 저점거리 0.90%, 최근고점대비 0.54%, 반등확인 차단, 이격 안정, 1H 562.0 >= EMA20 553.9 (기준 0.998), 모멘텀 돌파 직전 4봉 고점 돌파=차단, 거래량배수=0.55, 양봉=차단, RSI=통과, 1H MTF=통과"
upbit,2026-09-07T02:13:33+09:00,KRW-PROM,7455.0,29,RSI 범위 이탈,COMPLETE,2026-09-07T02:15:00+09:00,2026-09-07T03:43:33+09:00,7455.0,7265.0,7395.0,-0.2796,-2.8211,-1.0822,"1차 퀀트 관망 대기: 하드게이트 차단, 알파스코어 29점, MA5 <= MA20, RSI 24.1, %B 0.17, 저점거리 0.61%, 최근고점대비 2.08%, 반등확인 통과, 이격 안정, 1H 7450.0 >= EMA20 7311.5 (기준 0.998), 모멘텀 돌파 직전 4봉 고점 돌파=차단, 거래량배수=0.46, 양봉=통과, RSI=차단, 1H MTF=통과"
upbit,2026-09-07T02:13:33+09:00,KRW-ORCA,1920.0,34,RSI 범위 이탈,COMPLETE,2026-09-07T02:15:00+09:00,2026-09-07T03:43:33+09:00,1968.0,1933.0,1943.0,2.2134,0.3956,0.915,"1차 퀀트 관망 대기: 하드게이트 차단, 알파스코어 34점, MA5 <= MA20, RSI 26.1, %B -0.03, 저점거리 0.00%, 최근고점대비 2.66%, 반등확인 차단, 이격 안정, 1H 1925.0 >= EMA20 1871.6 (기준 0.998), 모멘텀 돌파 직전 4봉 고점 돌파=차단, 거래량배수=0.41, 양봉=차단, RSI=차단, 1H MTF=통과"
upbit,2026-09-07T02:13:34+09:00,KRW-ONDO,515.0,54,하드 게이트,COMPLETE,2026-09-07T02:15:00+09:00,2026-09-07T03:43:34+09:00,518.0,513.0,515.0,0.3013,-0.6669,-0.2796,"1차 퀀트 관망 대기: 하드게이트 차단, 알파스코어 54점, MA5 > MA20, RSI 69.2, %B 0.73, 저점거리 0.98%, 최근고점대비 0.19%, 반등확인 통과, 이격 안정, 1H 516.0 >= EMA20 511.6 (기준 0.998)"
upbit,2026-09-07T02:13:34+09:00,KRW-VIRTUAL,953.0,69,하드 게이트,COMPLETE,2026-09-07T02:15:00+09:00,2026-09-07T03:43:34+09:00,954.0,944.0,952.0,-0.175,-1.2214,-0.3842,"1차 퀀트 관망 대기: 하드게이트 차단, 알파스코어 69점, MA5 > MA20, RSI 65.2, %B 0.64, 저점거리 0.74%, 최근고점대비 0.52%, 반등확인 통과, 이격 안정, 1H 954.0 >= EMA20 943.2 (기준 0.998)"
upbit,2026-09-07T02:13:35+09:00,KRW-AVAX,10400.0,79,하드 게이트,COMPLETE,2026-09-07T02:15:00+09:00,2026-09-07T03:43:35+09:00,10430.0,10390.0,10410.0,0.008,-0.3755,-0.1837,"1차 퀀트 관망 대기: 하드게이트 차단, 알파스코어 79점, MA5 > MA20, RSI 58.3, %B 0.49, 저점거리 0.10%, 최근고점대비 0.48%, 반등확인 통과, 이격 안정, 1H 10420.0 >= EMA20 10416.5 (기준 0.998)"
upbit,2026-09-07T02:18:32+09:00,KRW-FLOCK,97.0,25,RSI 범위 이탈,COMPLETE,2026-09-07T02:20:00+09:00,2026-09-07T03:48:32+09:00,102.0,96.7,99.4,4.8606,-0.588,2.1877,"1차 퀀트 관망 대기: 하드게이트 차단, 알파스코어 25점, MA5 <= MA20, RSI 21.7, %B -0.10, 저점거리 0.21%, 최근고점대비 2.78%, 반등확인 차단, 이격 안정, 1H 98.1 >= EMA20 96.2 (기준 0.998), 모멘텀 돌파 직전 4봉 고점 돌파=차단, 거래량배수=1.73, 양봉=차단, RSI=차단, 1H MTF=통과"
upbit,2026-09-07T02:18:32+09:00,KRW-JUP,363.0,55,RSI 범위 이탈,COMPLETE,2026-09-07T02:20:00+09:00,2026-09-07T03:48:32+09:00,367.0,359.0,366.0,0.8192,-1.3785,0.5445,"1차 퀀트 관망 대기: 하드게이트 통과, 알파스코어 55점, MA5 > MA20, RSI 42.9, %B 0.31, 저점거리 0.28%, 최근고점대비 1.93%, 반등확인 차단, 이격 안정, 1H 367.0 >= EMA20 340.7 (기준 0.998), 모멘텀 돌파 직전 4봉 고점 돌파=차단, 거래량배수=2.19, 양봉=차단, RSI=차단, 1H MTF=통과"
upbit,2026-09-07T02:18:33+09:00,KRW-NEAR,3270.0,74,RSI 범위 이탈,COMPLETE,2026-09-07T02:20:00+09:00,2026-09-07T03:48:33+09:00,3296.0,3228.0,3288.0,0.5133,-1.5604,0.2693,"1차 퀀트 관망 대기: 하드게이트 통과, 알파스코어 74점, MA5 <= MA20, RSI 50.9, %B 0.34, 저점거리 0.21%, 최근고점대비 2.02%, 반등확인 차단, 이격 안정, 1H 3308.0 >= EMA20 3168.2 (기준 0.998), 모멘텀 돌파 직전 4봉 고점 돌파=차단, 거래량배수=0.07, 양봉=차단, RSI=차단, 1H MTF=통과"
upbit,2026-09-07T02:18:33+09:00,KRW-PROM,7425.0,29,RSI 범위 이탈,COMPLETE,2026-09-07T02:20:00+09:00,2026-09-07T03:48:33+09:00,7425.0,7265.0,7395.0,-0.2796,-2.4285,-0.6825,"1차 퀀트 관망 대기: 하드게이트 차단, 알파스코어 29점, MA5 <= MA20, RSI 22.6, %B 0.09, 저점거리 0.27%, 최근고점대비 2.29%, 반등확인 차단, 이격 안정, 1H 7450.0 >= EMA20 7311.5 (기준 0.998), 모멘텀 돌파 직전 4봉 고점 돌파=차단, 거래량배수=0.66, 양봉=차단, RSI=차단, 1H MTF=통과"
upbit,2026-09-07T02:18:33+09:00,KRW-JTO,614.0,29,RSI 범위 이탈,COMPLETE,2026-09-07T02:20:00+09:00,2026-09-07T03:48:33+09:00,624.0,613.0,621.0,1.3445,-0.442,0.8573,"1차 퀀트 관망 대기: 하드게이트 차단, 알파스코어 29점, MA5 <= MA20, RSI 24.3, %B 0.34, 저점거리 0.82%, 최근고점대비 1.79%, 반등확인 통과, 이격 안정, 1H 617.0 >= EMA20 601.1 (기준 0.998), 모멘텀 돌파 직전 4봉 고점 돌파=차단, 거래량배수=0.51, 양봉=통과, RSI=차단, 1H MTF=통과"
upbit,2026-09-07T02:18:34+09:00,KRW-UNI,9810.0,69,반등 미확인,COMPLETE,2026-09-07T02:20:00+09:00,2026-09-07T03:48:34+09:00,9840.0,9710.0,9755.0,0.0253,-1.2961,-0.8387,"1차 퀀트 관망 대기: 하드게이트 차단, 알파스코어 69점, MA5 > MA20, RSI 65.6, %B 0.59, 저점거리 1.98%, 최근고점대비 3.06%, 반등확인 차단, 이격 안정, 1H 9845.0 >= EMA20 9531.5 (기준 0.998)"
upbit,2026-09-07T02:18:34+09:00,KRW-ZAMA,77.9,29,RSI 범위 이탈,COMPLETE,2026-09-07T02:20:00+09:00,2026-09-07T03:48:34+09:00,78.9,77.1,77.9,1.0005,-1.3037,-0.2796,"1차 퀀트 관망 대기: 하드게이트 차단, 알파스코어 29점, MA5 <= MA20, RSI 35.3, %B 0.31, 저점거리 1.04%, 최근고점대비 2.05%, 반등확인 통과, 이격 안정, 1H 77.3 >= EMA20 76.0 (기준 0.998), 모멘텀 돌파 직전 4봉 고점 돌파=차단, 거래량배수=0.30, 양봉=통과, RSI=차단, 1H MTF=통과"
upbit,2026-09-07T02:18:35+09:00,KRW-MET2,293.0,59,RSI 범위 이탈,COMPLETE,2026-09-07T02:20:00+09:00,2026-09-07T03:48:35+09:00,291.0,287.0,290.0,-0.9603,-2.3217,-1.3006,"1차 퀀트 관망 대기: 하드게이트 차단, 알파스코어 59점, MA5 <= MA20, RSI 42.9, %B 0.42, 저점거리 1.74%, 최근고점대비 2.05%, 반등확인 통과, 이격 안정, 1H 291.0 >= EMA20 281.0 (기준 0.998), 모멘텀 돌파 직전 4봉 고점 돌파=통과, 거래량배수=0.21, 양봉=통과, RSI=차단, 1H MTF=통과"
upbit,2026-09-07T02:18:35+09:00,KRW-LINK,16760.0,67,복합 조건 미달,COMPLETE,2026-09-07T02:20:00+09:00,2026-09-07T03:48:35+09:00,16920.0,16720.0,16860.0,0.6724,-0.5176,0.3154,"1차 퀀트 관망 대기: 하드게이트 통과, 알파스코어 67점, MA5 > MA20, RSI 60.4, %B 0.57, 저점거리 0.36%, 최근고점대비 0.72%, 반등확인 통과, 이격 안정, 1H 16840.0 >= EMA20 16642.0 (기준 0.998)"
upbit,2026-09-07T02:18:35+09:00,KRW-VIRTUAL,952.0,69,복합 조건 미달,COMPLETE,2026-09-07T02:20:00+09:00,2026-09-07T03:48:35+09:00,954.0,944.0,951.0,-0.0701,-1.1176,-0.3844,"1차 퀀트 관망 대기: 하드게이트 통과, 알파스코어 69점, MA5 > MA20, RSI 62.5, %B 0.57, 저점거리 0.53%, 최근고점대비 0.63%, 반등확인 통과, 이격 안정, 1H 954.0 >= EMA20 943.2 (기준 0.998)"
upbit,2026-09-07T02:23:34+09:00,KRW-FLOCK,96.9,22,RSI 범위 이탈,COMPLETE,2026-09-07T02:25:00+09:00,2026-09-07T03:53:34+09:00,102.0,96.8,99.2,4.9688,-0.3825,2.0873,"1차 퀀트 관망 대기: 하드게이트 차단, 알파스코어 22점, MA5 <= MA20, RSI 21.3, %B -0.03, 저점거리 0.10%, 최근고점대비 2.68%, 반등확인 차단, 이격 안정, 1H 98.1 >= EMA20 96.2 (기준 0.998), 모멘텀 돌파 직전 4봉 고점 돌파=차단, 거래량배수=1.01, 양봉=차단, RSI=차단, 1H MTF=통과"
upbit,2026-09-07T02:23:34+09:00,KRW-ZAMA,77.8,29,RSI 범위 이탈,COMPLETE,2026-09-07T02:25:00+09:00,2026-09-07T03:53:34+09:00,78.9,77.1,77.9,1.1303,-1.1768,-0.1514,"1차 퀀트 관망 대기: 하드게이트 차단, 알파스코어 29점, MA5 <= MA20, RSI 30.6, %B 0.31, 저점거리 0.91%, 최근고점대비 1.67%, 반등확인 통과, 이격 안정, 1H 77.3 >= EMA20 76.0 (기준 0.998), 모멘텀 돌파 직전 4봉 고점 돌파=차단, 거래량배수=0.85, 양봉=통과, RSI=차단, 1H MTF=통과"
upbit,2026-09-07T02:23:35+09:00,KRW-NEAR,3270.0,59,거래량 부족,COMPLETE,2026-09-07T02:25:00+09:00,2026-09-07T03:53:35+09:00,3297.0,3228.0,3311.0,0.5438,-1.5604,0.9707,"1차 퀀트 관망 대기: 하드게이트 통과, 알파스코어 59점, MA5 <= MA20, RSI 53.4, %B 0.32, 저점거리 0.37%, 최근고점대비 2.02%, 반등확인 통과, 이격 안정, 1H 3308.0 >= EMA20 3168.2 (기준 0.998), 모멘텀 돌파 직전 4봉 고점 돌파=차단, 거래량배수=0.74, 양봉=통과, RSI=통과, 1H MTF=통과"
upbit,2026-09-07T02:23:35+09:00,KRW-PROM,7450.0,39,RSI 범위 이탈,COMPLETE,2026-09-07T02:25:00+09:00,2026-09-07T03:53:35+09:00,7410.0,7265.0,7370.0,-0.815,-2.7559,-1.3504,"1차 퀀트 관망 대기: 하드게이트 차단, 알파스코어 39점, MA5 <= MA20, RSI 28.8, %B 0.22, 저점거리 0.61%, 최근고점대비 1.61%, 반등확인 통과, 이격 안정, 1H 7450.0 >= EMA20 7311.5 (기준 0.998), 모멘텀 돌파 직전 4봉 고점 돌파=차단, 거래량배수=0.09, 양봉=통과, RSI=차단, 1H MTF=통과"
upbit,2026-09-07T02:23:35+09:00,KRW-WLD,561.0,62,돌파 미확인,COMPLETE,2026-09-07T02:25:00+09:00,2026-09-07T03:53:35+09:00,564.0,558.0,563.0,0.2537,-0.8129,0.0759,"1차 퀀트 관망 대기: 하드게이트 차단, 알파스코어 62점, MA5 > MA20, RSI 66.7, %B 0.72, 저점거리 0.54%, 최근고점대비 0.36%, 반등확인 통과, 이격 안정, 1H 562.0 >= EMA20 553.9 (기준 0.998), 모멘텀 돌파 직전 4봉 고점 돌파=차단, 거래량배수=1.57, 양봉=통과, RSI=통과, 1H MTF=통과"
upbit,2026-09-07T02:23:36+09:00,KRW-UNI,9820.0,69,반등 미확인,COMPLETE,2026-09-07T02:25:00+09:00,2026-09-07T03:53:36+09:00,9840.0,9710.0,9785.0,-0.0765,-1.3966,-0.635,"1차 퀀트 관망 대기: 하드게이트 통과, 알파스코어 69점, MA5 > MA20, RSI 64.9, %B 0.58, 저점거리 1.97%, 최근고점대비 2.95%, 반등확인 차단, 이격 안정, 1H 9845.0 >= EMA20 9531.5 (기준 0.998)"
upbit,2026-09-07T02:23:36+09:00,KRW-VIRTUAL,953.0,72,복합 조건 미달,COMPLETE,2026-09-07T02:25:00+09:00,2026-09-07T03:53:36+09:00,952.0,944.0,951.0,-0.3842,-1.2214,-0.4889,"1차 퀀트 관망 대기: 하드게이트 통과, 알파스코어 72점, MA5 > MA20, RSI 64.0, %B 0.60, 저점거리 0.42%, 최근고점대비 0.52%, 반등확인 통과, 이격 안정, 1H 954.0 >= EMA20 943.2 (기준 0.998)"
upbit,2026-09-07T02:23:37+09:00,KRW-JTO,614.0,34,RSI 범위 이탈,COMPLETE,2026-09-07T02:25:00+09:00,2026-09-07T03:53:37+09:00,624.0,613.0,620.0,1.3445,-0.442,0.6949,"1차 퀀트 관망 대기: 하드게이트 차단, 알파스코어 34점, MA5 <= MA20, RSI 24.3, %B 0.34, 저점거리 0.82%, 최근고점대비 1.79%, 반등확인 통과, 이격 안정, 1H 617.0 >= EMA20 601.1 (기준 0.998), 모멘텀 돌파 직전 4봉 고점 돌파=차단, 거래량배수=0.51, 양봉=통과, RSI=차단, 1H MTF=통과"
upbit,2026-09-07T02:23:37+09:00,KRW-ENS,8480.0,74,거래량 부족,COMPLETE,2026-09-07T02:25:00+09:00,2026-09-07T03:53:37+09:00,8545.0,8430.0,8485.0,0.4848,-0.8676,-0.2208,"1차 퀀트 관망 대기: 하드게이트 통과, 알파스코어 74점, MA5 > MA20, RSI 52.9, %B 0.63, 저점거리 1.07%, 최근고점대비 1.47%, 반등확인 통과, 이격 안정, 1H 8485.0 >= EMA20 8281.6 (기준 0.998), 모멘텀 돌파 직전 4봉 고점 돌파=차단, 거래량배수=0.09, 양봉=통과, RSI=통과, 1H MTF=통과"
upbit,2026-09-07T02:23:37+09:00,KRW-ONDO,515.0,59,하드 게이트,COMPLETE,2026-09-07T02:25:00+09:00,2026-09-07T03:53:37+09:00,518.0,513.0,515.0,0.3013,-0.6669,-0.2796,"1차 퀀트 관망 대기: 하드게이트 차단, 알파스코어 59점, MA5 > MA20, RSI 69.2, %B 0.70, 저점거리 0.59%, 최근고점대비 0.19%, 반등확인 통과, 이격 안정, 1H 516.0 >= EMA20 511.6 (기준 0.998)"
upbit,2026-09-07T02:28:31+09:00,KRW-ZAMA,77.9,29,RSI 범위 이탈,COMPLETE,2026-09-07T02:30:00+09:00,2026-09-07T03:58:31+09:00,78.9,77.1,77.9,1.0005,-1.3037,-0.2796,"1차 퀀트 관망 대기: 하드게이트 차단, 알파스코어 29점, MA5 <= MA20, RSI 32.0, %B 0.35, 저점거리 1.04%, 최근고점대비 1.54%, 반등확인 통과, 이격 안정, 1H 77.3 >= EMA20 76.0 (기준 0.998), 모멘텀 돌파 직전 4봉 고점 돌파=차단, 거래량배수=0.23, 양봉=통과, RSI=차단, 1H MTF=통과"
upbit,2026-09-07T02:28:31+09:00,KRW-NEAR,3256.0,64,RSI 범위 이탈,COMPLETE,2026-09-07T02:30:00+09:00,2026-09-07T03:58:31+09:00,3312.0,3228.0,3293.0,1.4355,-1.1372,0.8536,"1차 퀀트 관망 대기: 하드게이트 차단, 알파스코어 64점, MA5 <= MA20, RSI 38.8, %B 0.21, 저점거리 0.18%, 최근고점대비 2.46%, 반등확인 차단, 이격 안정, 1H 3308.0 >= EMA20 3168.2 (기준 0.998), 모멘텀 돌파 직전 4봉 고점 돌파=차단, 거래량배수=0.32, 양봉=차단, RSI=차단, 1H MTF=통과"
upbit,2026-09-07T02:28:31+09:00,KRW-PROM,7400.0,29,RSI 범위 이탈,COMPLETE,2026-09-07T02:30:00+09:00,2026-09-07T03:58:31+09:00,7410.0,7265.0,7390.0,-0.1449,-2.0988,-0.4144,"1차 퀀트 관망 대기: 하드게이트 차단, 알파스코어 29점, MA5 <= MA20, RSI 20.8, %B 0.08, 저점거리 0.41%, 최근고점대비 2.23%, 반등확인 차단, 이격 안정, 1H 7450.0 >= EMA20 7311.5 (기준 0.998), 모멘텀 돌파 직전 4봉 고점 돌파=차단, 거래량배수=0.45, 양봉=차단, RSI=차단, 1H MTF=통과"
upbit,2026-09-07T02:28:32+09:00,KRW-WLD,561.0,77,돌파 미확인,COMPLETE,2026-09-07T02:30:00+09:00,2026-09-07T03:58:32+09:00,564.0,558.0,563.0,0.2537,-0.8129,0.0759,"1차 퀀트 관망 대기: 하드게이트 차단, 알파스코어 77점, MA5 > MA20, RSI 57.1, %B 0.70, 저점거리 0.36%, 최근고점대비 0.36%, 반등확인 통과, 이격 안정, 1H 562.0 >= EMA20 553.9 (기준 0.998), 모멘텀 돌파 직전 4봉 고점 돌파=차단, 거래량배수=1.74, 양봉=통과, RSI=통과, 1H MTF=통과"
upbit,2026-09-07T02:28:32+09:00,KRW-UNI,9775.0,59,반등 미확인,COMPLETE,2026-09-07T02:30:00+09:00,2026-09-07T03:58:32+09:00,9840.0,9710.0,9725.0,0.3835,-0.9427,-0.7897,"1차 퀀트 관망 대기: 하드게이트 통과, 알파스코어 59점, MA5 > MA20, RSI 58.7, %B 0.51, 저점거리 1.51%, 최근고점대비 3.43%, 반등확인 차단, 이격 안정, 1H 9845.0 >= EMA20 9531.5 (기준 0.998)"
upbit,2026-09-07T02:28:32+09:00,KRW-VIRTUAL,953.0,69,반등 미확인,COMPLETE,2026-09-07T02:30:00+09:00,2026-09-07T03:58:32+09:00,952.0,944.0,951.0,-0.3842,-1.2214,-0.4889,"1차 퀀트 관망 대기: 하드게이트 통과, 알파스코어 69점, MA5 > MA20, RSI 64.0, %B 0.58, 저점거리 0.42%, 최근고점대비 0.52%, 반등확인 차단, 이격 안정, 1H 954.0 >= EMA20 943.2 (기준 0.998)"
upbit,2026-09-07T02:28:33+09:00,KRW-JTO,616.0,39,RSI 범위 이탈,COMPLETE,2026-09-07T02:30:00+09:00,2026-09-07T03:58:33+09:00,624.0,613.0,618.0,1.0155,-0.7653,0.0442,"1차 퀀트 관망 대기: 하드게이트 차단, 알파스코어 39점, MA5 <= MA20, RSI 36.4, %B 0.38, 저점거리 1.15%, 최근고점대비 1.30%, 반등확인 통과, 이격 안정, 1H 617.0 >= EMA20 601.1 (기준 0.998), 모멘텀 돌파 직전 4봉 고점 돌파=차단, 거래량배수=0.00, 양봉=통과, RSI=차단, 1H MTF=통과"
upbit,2026-09-07T02:28:33+09:00,KRW-ENS,8465.0,74,거래량 부족,COMPLETE,2026-09-07T02:30:00+09:00,2026-09-07T03:58:33+09:00,8545.0,8445.0,8485.0,0.6628,-0.5152,-0.044,"1차 퀀트 관망 대기: 하드게이트 통과, 알파스코어 74점, MA5 > MA20, RSI 53.9, %B 0.56, 저점거리 0.59%, 최근고점대비 1.65%, 반등확인 차단, 이격 안정, 1H 8485.0 >= EMA20 8281.6 (기준 0.998), 모멘텀 돌파 직전 4봉 고점 돌파=차단, 거래량배수=0.01, 양봉=차단, RSI=통과, 1H MTF=통과"
upbit,2026-09-07T02:28:33+09:00,KRW-ONDO,515.0,72,복합 조건 미달,COMPLETE,2026-09-07T02:30:00+09:00,2026-09-07T03:58:33+09:00,518.0,514.0,515.0,0.3013,-0.4732,-0.2796,"1차 퀀트 관망 대기: 하드게이트 통과, 알파스코어 72점, MA5 > MA20, RSI 63.6, %B 0.68, 저점거리 0.59%, 최근고점대비 0.19%, 반등확인 통과, 이격 안정, 1H 516.0 >= EMA20 511.6 (기준 0.998)"
upbit,2026-09-07T02:28:34+09:00,KRW-SPK,30.1,69,RSI 범위 이탈,COMPLETE,2026-09-07T02:30:00+09:00,2026-09-07T03:58:34+09:00,30.3,30.0,30.0,0.383,-0.6109,-0.6109,"1차 퀀트 관망 대기: 하드게이트 차단, 알파스코어 69점, MA5 > MA20, RSI 41.7, %B 0.26, 저점거리 0.00%, 최근고점대비 1.33%, 반등확인 차단, 이격 안정, 1H 30.3 >= EMA20 30.1 (기준 0.998), 모멘텀 돌파 직전 4봉 고점 돌파=차단, 거래량배수=0.02, 양봉=차단, RSI=차단, 1H MTF=통과"
upbit,2026-09-07T02:28:34+09:00,KRW-AVAX,10420.0,79,거래량 부족,COMPLETE,2026-09-07T02:30:00+09:00,2026-09-07T03:58:34+09:00,10430.0,10390.0,10400.0,-0.1839,-0.5667,-0.471,"1차 퀀트 관망 대기: 하드게이트 통과, 알파스코어 79점, MA5 > MA20, RSI 54.5, %B 0.62, 저점거리 0.29%, 최근고점대비 0.29%, 반등확인 통과, 이격 안정, 1H 10420.0 >= EMA20 10416.5 (기준 0.998), 모멘텀 돌파 직전 4봉 고점 돌파=차단, 거래량배수=0.41, 양봉=통과, RSI=통과, 1H MTF=통과"
upbit,2026-09-07T02:33:30+09:00,KRW-FLOCK,100.0,58,하드 게이트,COMPLETE,2026-09-07T02:35:00+09:00,2026-09-07T04:03:30+09:00,102.0,97.8,98.8,1.7148,-2.4735,-1.4763,"1차 퀀트 관망 대기: 하드게이트 차단, 알파스코어 58점, MA5 <= MA20, RSI 53.3, %B 0.89, 저점거리 3.41%, 최근고점대비 1.00%, 반등확인 통과, 이격 안정, 1H 98.1 >= EMA20 96.2 (기준 0.998), 모멘텀 돌파 직전 4봉 고점 돌파=통과, 거래량배수=10.35, 양봉=통과, RSI=통과, 1H MTF=통과"
upbit,2026-09-07T02:33:30+09:00,KRW-NEAR,3244.0,39,RSI 범위 이탈,COMPLETE,2026-09-07T02:35:00+09:00,2026-09-07T04:03:30+09:00,3315.0,3228.0,3290.0,1.9029,-0.7714,1.1344,"1차 퀀트 관망 대기: 하드게이트 차단, 알파스코어 39점, MA5 <= MA20, RSI 36.3, %B 0.12, 저점거리 0.19%, 최근고점대비 2.84%, 반등확인 차단, 이격 안정, 1H 3308.0 >= EMA20 3168.2 (기준 0.998), 모멘텀 돌파 직전 4봉 고점 돌파=차단, 거래량배수=0.15, 양봉=차단, RSI=차단, 1H MTF=통과"
upbit,2026-09-07T02:33:31+09:00,KRW-PROM,7325.0,32,RSI 범위 이탈,COMPLETE,2026-09-07T02:35:00+09:00,2026-09-07T04:03:31+09:00,7410.0,7265.0,7405.0,0.8776,-1.0964,0.8095,"1차 퀀트 관망 대기: 하드게이트 차단, 알파스코어 32점, MA5 <= MA20, RSI 19.0, %B -0.07, 저점거리 0.41%, 최근고점대비 3.21%, 반등확인 차단, 이격 안정, 1H 7450.0 >= EMA20 7311.5 (기준 0.998), 모멘텀 돌파 직전 4봉 고점 돌파=차단, 거래량배수=1.47, 양봉=차단, RSI=차단, 1H MTF=통과"
upbit,2026-09-07T02:33:31+09:00,KRW-WLD,559.0,74,RSI 범위 이탈,COMPLETE,2026-09-07T02:35:00+09:00,2026-09-07T04:03:31+09:00,564.0,559.0,563.0,0.6123,-0.2796,0.434,"1차 퀀트 관망 대기: 하드게이트 통과, 알파스코어 74점, MA5 > MA20, RSI 50.0, %B 0.44, 저점거리 0.00%, 최근고점대비 0.72%, 반등확인 차단, 이격 안정, 1H 562.0 >= EMA20 553.9 (기준 0.998), 모멘텀 돌파 직전 4봉 고점 돌파=차단, 거래량배수=0.54, 양봉=차단, RSI=차단, 1H MTF=통과"
upbit,2026-09-07T02:33:31+09:00,KRW-JUP,364.0,69,RSI 범위 이탈,COMPLETE,2026-09-07T02:35:00+09:00,2026-09-07T04:03:31+09:00,366.0,359.0,363.0,0.2683,-1.6494,-0.5536,"1차 퀀트 관망 대기: 하드게이트 차단, 알파스코어 69점, MA5 <= MA20, RSI 43.8, %B 0.22, 저점거리 0.55%, 최근고점대비 1.65%, 반등확인 통과, 이격 안정, 1H 367.0 >= EMA20 340.7 (기준 0.998), 모멘텀 돌파 직전 4봉 고점 돌파=차단, 거래량배수=0.41, 양봉=통과, RSI=차단, 1H MTF=통과"
upbit,2026-09-07T02:33:32+09:00,KRW-UNI,9770.0,59,복합 조건 미달,COMPLETE,2026-09-07T02:35:00+09:00,2026-09-07T04:03:32+09:00,9840.0,9710.0,9725.0,0.4349,-0.892,-0.7389,"1차 퀀트 관망 대기: 하드게이트 통과, 알파스코어 59점, MA5 > MA20, RSI 54.8, %B 0.48, 저점거리 0.31%, 최근고점대비 3.48%, 반등확인 통과, 이격 안정, 1H 9845.0 >= EMA20 9531.5 (기준 0.998)"
upbit,2026-09-07T02:33:32+09:00,KRW-VIRTUAL,948.0,74,반등 미확인,COMPLETE,2026-09-07T02:35:00+09:00,2026-09-07T04:03:32+09:00,952.0,944.0,951.0,0.1412,-0.7004,0.036,"1차 퀀트 관망 대기: 하드게이트 통과, 알파스코어 74점, MA5 <= MA20, RSI 48.1, %B 0.30, 저점거리 0.00%, 최근고점대비 1.05%, 반등확인 차단, 이격 안정, 1H 954.0 >= EMA20 943.2 (기준 0.998)"
upbit,2026-09-07T02:33:33+09:00,KRW-JTO,615.0,49,RSI 범위 이탈,COMPLETE,2026-09-07T02:35:00+09:00,2026-09-07T04:03:33+09:00,624.0,616.0,615.0,1.1797,-0.1175,-0.2796,"1차 퀀트 관망 대기: 하드게이트 차단, 알파스코어 49점, MA5 <= MA20, RSI 41.4, %B 0.32, 저점거리 0.99%, 최근고점대비 1.46%, 반등확인 통과, 이격 안정, 1H 617.0 >= EMA20 601.1 (기준 0.998), 모멘텀 돌파 직전 4봉 고점 돌파=차단, 거래량배수=0.27, 양봉=통과, RSI=차단, 1H MTF=통과"
upbit,2026-09-07T02:33:33+09:00,KRW-ENS,8445.0,74,거래량 부족,COMPLETE,2026-09-07T02:35:00+09:00,2026-09-07T04:03:33+09:00,8545.0,8445.0,8485.0,0.9012,-0.2796,0.1927,"1차 퀀트 관망 대기: 하드게이트 통과, 알파스코어 74점, MA5 <= MA20, RSI 56.1, %B 0.45, 저점거리 0.36%, 최근고점대비 1.89%, 반등확인 차단, 이격 안정, 1H 8485.0 >= EMA20 8281.6 (기준 0.998), 모멘텀 돌파 직전 4봉 고점 돌파=차단, 거래량배수=0.01, 양봉=차단, RSI=통과, 1H MTF=통과"
upbit,2026-09-07T02:33:33+09:00,KRW-ONDO,515.0,72,복합 조건 미달,COMPLETE,2026-09-07T02:35:00+09:00,2026-09-07T04:03:33+09:00,518.0,514.0,515.0,0.3013,-0.4732,-0.2796,"1차 퀀트 관망 대기: 하드게이트 통과, 알파스코어 72점, MA5 > MA20, RSI 63.6, %B 0.68, 저점거리 0.59%, 최근고점대비 0.19%, 반등확인 통과, 이격 안정, 1H 516.0 >= EMA20 511.6 (기준 0.998)"
upbit,2026-09-07T02:38:30+09:00,KRW-FLOCK,99.0,52,RSI 범위 이탈,COMPLETE,2026-09-07T02:40:00+09:00,2026-09-07T04:08:30+09:00,102.0,97.8,98.9,2.7422,-1.4883,-0.3803,"1차 퀀트 관망 대기: 하드게이트 통과, 알파스코어 52점, MA5 <= MA20, RSI 50.6, %B 0.62, 저점거리 2.38%, 최근고점대비 2.02%, 반등확인 차단, 이격 안정, 1H 98.1 >= EMA20 96.2 (기준 0.998), 모멘텀 돌파 직전 4봉 고점 돌파=차단, 거래량배수=0.42, 양봉=차단, RSI=차단, 1H MTF=통과"
upbit,2026-09-07T02:38:30+09:00,KRW-ZAMA,77.9,44,RSI 범위 이탈,COMPLETE,2026-09-07T02:40:00+09:00,2026-09-07T04:08:30+09:00,78.9,77.1,76.8,1.0005,-1.3037,-1.6877,"1차 퀀트 관망 대기: 하드게이트 통과, 알파스코어 44점, MA5 <= MA20, RSI 43.5, %B 0.40, 저점거리 1.04%, 최근고점대비 0.26%, 반등확인 통과, 이격 안정, 1H 77.3 >= EMA20 76.0 (기준 0.998), 모멘텀 돌파 직전 4봉 고점 돌파=차단, 거래량배수=0.11, 양봉=통과, RSI=차단, 1H MTF=통과"
upbit,2026-09-07T02:38:31+09:00,KRW-NEAR,3257.0,50,RSI 범위 이탈,COMPLETE,2026-09-07T02:40:00+09:00,2026-09-07T04:08:31+09:00,3315.0,3228.0,3272.0,1.4962,-1.1675,0.1797,"1차 퀀트 관망 대기: 하드게이트 차단, 알파스코어 50점, MA5 <= MA20, RSI 35.9, %B 0.23, 저점거리 0.59%, 최근고점대비 2.43%, 반등확인 통과, 이격 안정, 1H 3308.0 >= EMA20 3168.2 (기준 0.998), 모멘텀 돌파 직전 4봉 고점 돌파=차단, 거래량배수=3.98, 양봉=통과, RSI=차단, 1H MTF=통과"
upbit,2026-09-07T02:38:31+09:00,KRW-PROM,7355.0,29,RSI 범위 이탈,COMPLETE,2026-09-07T02:40:00+09:00,2026-09-07T04:08:31+09:00,7410.0,7265.0,7395.0,0.4661,-1.4998,0.2627,"1차 퀀트 관망 대기: 하드게이트 차단, 알파스코어 29점, MA5 <= MA20, RSI 25.0, %B 0.09, 저점거리 0.82%, 최근고점대비 2.79%, 반등확인 통과, 이격 안정, 1H 7450.0 >= EMA20 7311.5 (기준 0.998), 모멘텀 돌파 직전 4봉 고점 돌파=차단, 거래량배수=0.55, 양봉=통과, RSI=차단, 1H MTF=통과"
upbit,2026-09-07T02:38:31+09:00,KRW-JUP,363.0,44,RSI 범위 이탈,COMPLETE,2026-09-07T02:40:00+09:00,2026-09-07T04:08:31+09:00,366.0,359.0,363.0,0.5445,-1.3785,-0.2796,"1차 퀀트 관망 대기: 하드게이트 차단, 알파스코어 44점, MA5 <= MA20, RSI 41.2, %B 0.07, 저점거리 0.28%, 최근고점대비 1.38%, 반등확인 차단, 이격 안정, 1H 367.0 >= EMA20 340.7 (기준 0.998), 모멘텀 돌파 직전 4봉 고점 돌파=차단, 거래량배수=0.80, 양봉=차단, RSI=차단, 1H MTF=통과"
upbit,2026-09-07T02:38:32+09:00,KRW-UNI,9750.0,59,반등 미확인,COMPLETE,2026-09-07T02:40:00+09:00,2026-09-07T04:08:32+09:00,9840.0,9710.0,9685.0,0.6409,-0.6887,-0.9444,"1차 퀀트 관망 대기: 하드게이트 통과, 알파스코어 59점, MA5 <= MA20, RSI 56.2, %B 0.43, 저점거리 0.10%, 최근고점대비 3.59%, 반등확인 차단, 이격 안정, 1H 9845.0 >= EMA20 9531.5 (기준 0.998)"
upbit,2026-09-07T02:38:32+09:00,KRW-VIRTUAL,947.0,67,반등 미확인,COMPLETE,2026-09-07T02:40:00+09:00,2026-09-07T04:08:32+09:00,952.0,947.0,950.0,0.2469,-0.2796,0.0363,"1차 퀀트 관망 대기: 하드게이트 차단, 알파스코어 67점, MA5 <= MA20, RSI 37.5, %B 0.24, 저점거리 0.11%, 최근고점대비 1.16%, 반등확인 차단, 이격 안정, 1H 954.0 >= EMA20 943.2 (기준 0.998)"
upbit,2026-09-07T02:38:33+09:00,KRW-JTO,619.0,49,RSI 범위 이탈,COMPLETE,2026-09-07T02:40:00+09:00,2026-09-07T04:08:33+09:00,624.0,615.0,616.0,0.5259,-0.924,-0.7629,"1차 퀀트 관망 대기: 하드게이트 통과, 알파스코어 49점, MA5 <= MA20, RSI 46.9, %B 0.47, 저점거리 1.64%, 최근고점대비 0.81%, 반등확인 통과, 이격 안정, 1H 617.0 >= EMA20 601.1 (기준 0.998), 모멘텀 돌파 직전 4봉 고점 돌파=통과, 거래량배수=0.11, 양봉=통과, RSI=차단, 1H MTF=통과"
upbit,2026-09-07T02:38:33+09:00,KRW-ENS,8455.0,74,RSI 범위 이탈,COMPLETE,2026-09-07T02:40:00+09:00,2026-09-07T04:08:33+09:00,8545.0,8445.0,8500.0,0.7819,-0.3976,0.2511,"1차 퀀트 관망 대기: 하드게이트 차단, 알파스코어 74점, MA5 <= MA20, RSI 46.9, %B 0.48, 저점거리 0.48%, 최근고점대비 1.77%, 반등확인 통과, 이격 안정, 1H 8485.0 >= EMA20 8281.6 (기준 0.998), 모멘텀 돌파 직전 4봉 고점 돌파=차단, 거래량배수=0.30, 양봉=통과, RSI=차단, 1H MTF=통과"
upbit,2026-09-07T02:38:34+09:00,KRW-ONDO,513.0,74,반등 미확인,COMPLETE,2026-09-07T02:40:00+09:00,2026-09-07T04:08:34+09:00,518.0,514.0,514.0,0.6923,-0.0852,-0.0852,"1차 퀀트 관망 대기: 하드게이트 통과, 알파스코어 74점, MA5 > MA20, RSI 50.0, %B 0.43, 저점거리 0.00%, 최근고점대비 0.58%, 반등확인 차단, 이격 안정, 1H 516.0 >= EMA20 511.6 (기준 0.998)"
upbit,2026-09-07T02:43:35+09:00,KRW-FLOCK,98.8,52,RSI 범위 이탈,COMPLETE,2026-09-07T02:45:00+09:00,2026-09-07T04:13:35+09:00,102.0,97.9,97.6,2.9502,-1.188,-1.4908,"1차 퀀트 관망 대기: 하드게이트 차단, 알파스코어 52점, MA5 <= MA20, RSI 51.3, %B 0.56, 저점거리 2.17%, 최근고점대비 2.23%, 반등확인 차단, 이격 안정, 1H 98.1 >= EMA20 96.2 (기준 0.998), 모멘텀 돌파 직전 4봉 고점 돌파=차단, 거래량배수=0.39, 양봉=차단, RSI=차단, 1H MTF=통과"
upbit,2026-09-07T02:43:35+09:00,KRW-NEAR,3265.0,65,RSI 범위 이탈,COMPLETE,2026-09-07T02:45:00+09:00,2026-09-07T04:13:35+09:00,3315.0,3228.0,3282.0,1.2475,-1.4097,0.2396,"1차 퀀트 관망 대기: 하드게이트 차단, 알파스코어 65점, MA5 <= MA20, RSI 25.9, %B 0.29, 저점거리 0.83%, 최근고점대비 2.17%, 반등확인 통과, 이격 안정, 1H 3308.0 >= EMA20 3168.2 (기준 0.998), 모멘텀 돌파 직전 4봉 고점 돌파=차단, 거래량배수=2.16, 양봉=통과, RSI=차단, 1H MTF=통과"
upbit,2026-09-07T02:43:35+09:00,KRW-JUP,361.0,29,RSI 범위 이탈,COMPLETE,2026-09-07T02:45:00+09:00,2026-09-07T04:13:35+09:00,366.0,359.0,360.0,1.1016,-0.8321,-0.5558,"1차 퀀트 관망 대기: 하드게이트 차단, 알파스코어 29점, MA5 <= MA20, RSI 33.3, %B -0.13, 저점거리 0.00%, 최근고점대비 1.94%, 반등확인 차단, 이격 안정, 1H 367.0 >= EMA20 340.7 (기준 0.998), 모멘텀 돌파 직전 4봉 고점 돌파=차단, 거래량배수=0.72, 양봉=차단, RSI=차단, 1H MTF=통과"
upbit,2026-09-07T02:43:36+09:00,KRW-ZAMA,78.6,40,RSI 범위 이탈,COMPLETE,2026-09-07T02:45:00+09:00,2026-09-07T04:13:36+09:00,78.9,76.6,77.0,0.101,-2.817,-2.3095,"1차 퀀트 관망 대기: 하드게이트 통과, 알파스코어 40점, MA5 <= MA20, RSI 48.0, %B 0.64, 저점거리 1.95%, 최근고점대비 0.25%, 반등확인 통과, 이격 안정, 1H 77.3 >= EMA20 76.0 (기준 0.998), 모멘텀 돌파 직전 4봉 고점 돌파=통과, 거래량배수=1.39, 양봉=통과, RSI=차단, 1H MTF=통과"
upbit,2026-09-07T02:43:36+09:00,KRW-ONDO,516.0,64,하드 게이트,COMPLETE,2026-09-07T02:45:00+09:00,2026-09-07T04:13:36+09:00,518.0,514.0,515.0,0.1069,-0.6661,-0.4729,"1차 퀀트 관망 대기: 하드게이트 차단, 알파스코어 64점, MA5 > MA20, RSI 64.3, %B 0.77, 저점거리 0.58%, 최근고점대비 0.00%, 반등확인 통과, 이격 안정, 1H 516.0 >= EMA20 511.6 (기준 0.998)"
upbit,2026-09-07T02:43:37+09:00,KRW-PROM,7340.0,29,RSI 범위 이탈,COMPLETE,2026-09-07T02:45:00+09:00,2026-09-07T04:13:37+09:00,7410.0,7265.0,7415.0,0.6714,-1.2985,0.7393,"1차 퀀트 관망 대기: 하드게이트 차단, 알파스코어 29점, MA5 <= MA20, RSI 25.9, %B 0.09, 저점거리 0.62%, 최근고점대비 2.79%, 반등확인 차단, 이격 안정, 1H 7450.0 >= EMA20 7311.5 (기준 0.998), 모멘텀 돌파 직전 4봉 고점 돌파=차단, 거래량배수=1.11, 양봉=통과, RSI=차단, 1H MTF=통과"
upbit,2026-09-07T02:43:37+09:00,KRW-UNI,9835.0,44,하드 게이트,COMPLETE,2026-09-07T02:45:00+09:00,2026-09-07T04:13:37+09:00,9840.0,9680.0,9680.0,-0.2289,-1.8512,-1.8512,"1차 퀀트 관망 대기: 하드게이트 차단, 알파스코어 44점, MA5 <= MA20, RSI 22.0, %B 0.54, 저점거리 0.98%, 최근고점대비 1.78%, 반등확인 통과, 이격 안정, 1H 9845.0 >= EMA20 9531.5 (기준 0.998)"
upbit,2026-09-07T02:43:38+09:00,KRW-VIRTUAL,947.0,60,하드 게이트,COMPLETE,2026-09-07T02:45:00+09:00,2026-09-07T04:13:38+09:00,952.0,947.0,948.0,0.2469,-0.2796,-0.1743,"1차 퀀트 관망 대기: 하드게이트 차단, 알파스코어 60점, MA5 <= MA20, RSI 28.6, %B 0.21, 저점거리 0.32%, 최근고점대비 1.16%, 반등확인 통과, 이격 안정, 1H 954.0 >= EMA20 943.2 (기준 0.998)"
upbit,2026-09-07T02:43:38+09:00,KRW-WLD,562.0,69,거래량 부족,COMPLETE,2026-09-07T02:45:00+09:00,2026-09-07T04:13:38+09:00,564.0,559.0,563.0,0.0753,-0.8119,-0.1022,"1차 퀀트 관망 대기: 하드게이트 차단, 알파스코어 69점, MA5 > MA20, RSI 53.3, %B 0.78, 저점거리 0.72%, 최근고점대비 0.18%, 반등확인 통과, 이격 안정, 1H 562.0 >= EMA20 553.9 (기준 0.998), 모멘텀 돌파 직전 4봉 고점 돌파=차단, 거래량배수=0.56, 양봉=통과, RSI=통과, 1H MTF=통과"
upbit,2026-09-07T02:43:38+09:00,KRW-JTO,619.0,49,RSI 범위 이탈,COMPLETE,2026-09-07T02:45:00+09:00,2026-09-07T04:13:38+09:00,624.0,615.0,616.0,0.5259,-0.924,-0.7629,"1차 퀀트 관망 대기: 하드게이트 통과, 알파스코어 49점, MA5 <= MA20, RSI 46.9, %B 0.47, 저점거리 1.64%, 최근고점대비 0.65%, 반등확인 통과, 이격 안정, 1H 617.0 >= EMA20 601.1 (기준 0.998), 모멘텀 돌파 직전 4봉 고점 돌파=차단, 거래량배수=0.05, 양봉=통과, RSI=차단, 1H MTF=통과"
upbit,2026-09-07T02:48:32+09:00,KRW-FLOCK,98.4,52,RSI 범위 이탈,COMPLETE,2026-09-07T02:50:00+09:00,2026-09-07T04:18:32+09:00,102.0,97.6,98.0,3.3687,-1.0903,-0.685,"1차 퀀트 관망 대기: 하드게이트 통과, 알파스코어 52점, MA5 > MA20, RSI 44.0, %B 0.47, 저점거리 1.76%, 최근고점대비 2.64%, 반등확인 차단, 이격 안정, 1H 98.1 >= EMA20 96.2 (기준 0.998), 모멘텀 돌파 직전 4봉 고점 돌파=차단, 거래량배수=0.84, 양봉=차단, RSI=차단, 1H MTF=통과"
upbit,2026-09-07T02:48:32+09:00,KRW-NEAR,3257.0,44,RSI 범위 이탈,COMPLETE,2026-09-07T02:50:00+09:00,2026-09-07T04:18:32+09:00,3315.0,3228.0,3317.0,1.4962,-1.1675,1.5574,"1차 퀀트 관망 대기: 하드게이트 차단, 알파스코어 44점, MA5 <= MA20, RSI 26.7, %B 0.23, 저점거리 0.59%, 최근고점대비 2.43%, 반등확인 차단, 이격 안정, 1H 3308.0 >= EMA20 3168.2 (기준 0.998), 모멘텀 돌파 직전 4봉 고점 돌파=차단, 거래량배수=0.45, 양봉=차단, RSI=차단, 1H MTF=통과"
upbit,2026-09-07T02:48:33+09:00,KRW-JUP,362.0,29,RSI 범위 이탈,COMPLETE,2026-09-07T02:50:00+09:00,2026-09-07T04:18:33+09:00,366.0,359.0,361.0,0.8223,-1.106,-0.5551,"1차 퀀트 관망 대기: 하드게이트 차단, 알파스코어 29점, MA5 <= MA20, RSI 33.3, %B 0.07, 저점거리 0.28%, 최근고점대비 1.66%, 반등확인 통과, 이격 안정, 1H 367.0 >= EMA20 340.7 (기준 0.998), 모멘텀 돌파 직전 4봉 고점 돌파=차단, 거래량배수=0.29, 양봉=통과, RSI=차단, 1H MTF=통과"
upbit,2026-09-07T02:48:33+09:00,KRW-ONDO,517.0,65,하드 게이트,COMPLETE,2026-09-07T02:50:00+09:00,2026-09-07T04:18:33+09:00,517.0,514.0,515.0,-0.2796,-0.8583,-0.6654,"1차 퀀트 관망 대기: 하드게이트 차단, 알파스코어 65점, MA5 > MA20, RSI 61.5, %B 0.88, 저점거리 0.78%, 최근고점대비 0.00%, 반등확인 통과, 이격 안정, 1H 516.0 >= EMA20 511.6 (기준 0.998)"
upbit,2026-09-07T02:48:34+09:00,KRW-PROM,7275.0,32,RSI 범위 이탈,COMPLETE,2026-09-07T02:50:00+09:00,2026-09-07T04:18:34+09:00,7420.0,7290.0,7395.0,1.7079,-0.074,1.3653,"1차 퀀트 관망 대기: 하드게이트 차단, 알파스코어 32점, MA5 <= MA20, RSI 19.8, %B -0.01, 저점거리 0.00%, 최근고점대비 3.16%, 반등확인 차단, 이격 안정, 1H 7450.0 >= EMA20 7311.5 (기준 0.998), 모멘텀 돌파 직전 4봉 고점 돌파=차단, 거래량배수=2.08, 양봉=차단, RSI=차단, 1H MTF=통과"
upbit,2026-09-07T02:48:34+09:00,KRW-SPK,30.1,69,RSI 범위 이탈,COMPLETE,2026-09-07T02:50:00+09:00,2026-09-07T04:18:34+09:00,30.3,30.0,30.0,0.383,-0.6109,-0.6109,"1차 퀀트 관망 대기: 하드게이트 차단, 알파스코어 69점, MA5 <= MA20, RSI 41.7, %B 0.26, 저점거리 0.00%, 최근고점대비 1.33%, 반등확인 통과, 이격 안정, 1H 30.3 >= EMA20 30.1 (기준 0.998), 모멘텀 돌파 직전 4봉 고점 돌파=차단, 거래량배수=0.77, 양봉=통과, RSI=차단, 1H MTF=통과"
upbit,2026-09-07T02:48:35+09:00,KRW-UNI,9790.0,34,반등 미확인,COMPLETE,2026-09-07T02:50:00+09:00,2026-09-07T04:18:35+09:00,9840.0,9680.0,9685.0,0.2297,-1.4001,-1.3491,"1차 퀀트 관망 대기: 하드게이트 차단, 알파스코어 34점, MA5 <= MA20, RSI 20.0, %B 0.44, 저점거리 0.51%, 최근고점대비 1.69%, 반등확인 차단, 이격 안정, 1H 9845.0 >= EMA20 9531.5 (기준 0.998)"
upbit,2026-09-07T02:48:35+09:00,KRW-VIRTUAL,948.0,54,하드 게이트,COMPLETE,2026-09-07T02:50:00+09:00,2026-09-07T04:18:35+09:00,952.0,948.0,947.0,0.1412,-0.2796,-0.3848,"1차 퀀트 관망 대기: 하드게이트 차단, 알파스코어 54점, MA5 <= MA20, RSI 28.6, %B 0.25, 저점거리 0.42%, 최근고점대비 0.95%, 반등확인 통과, 이격 안정, 1H 954.0 >= EMA20 943.2 (기준 0.998)"
upbit,2026-09-07T02:48:36+09:00,KRW-WLD,561.0,74,거래량 부족,COMPLETE,2026-09-07T02:50:00+09:00,2026-09-07T04:18:36+09:00,564.0,559.0,562.0,0.2537,-0.6351,-0.1019,"1차 퀀트 관망 대기: 하드게이트 통과, 알파스코어 74점, MA5 > MA20, RSI 53.3, %B 0.64, 저점거리 0.54%, 최근고점대비 0.36%, 반등확인 통과, 이격 안정, 1H 562.0 >= EMA20 553.9 (기준 0.998), 모멘텀 돌파 직전 4봉 고점 돌파=차단, 거래량배수=0.35, 양봉=통과, RSI=통과, 1H MTF=통과"
upbit,2026-09-07T02:48:36+09:00,KRW-JTO,620.0,49,RSI 범위 이탈,COMPLETE,2026-09-07T02:50:00+09:00,2026-09-07T04:18:36+09:00,624.0,615.0,614.0,0.3637,-1.0838,-1.2446,"1차 퀀트 관망 대기: 하드게이트 통과, 알파스코어 49점, MA5 <= MA20, RSI 45.2, %B 0.55, 저점거리 1.81%, 최근고점대비 0.32%, 반등확인 통과, 이격 안정, 1H 617.0 >= EMA20 601.1 (기준 0.998), 모멘텀 돌파 직전 4봉 고점 돌파=통과, 거래량배수=0.03, 양봉=통과, RSI=차단, 1H MTF=통과"
upbit,2026-09-07T02:53:31+09:00,KRW-FLOCK,98.0,52,RSI 범위 이탈,COMPLETE,2026-09-07T02:55:00+09:00,2026-09-07T04:23:31+09:00,102.0,97.6,97.6,3.7906,-0.6866,-0.6866,"1차 퀀트 관망 대기: 하드게이트 통과, 알파스코어 52점, MA5 > MA20, RSI 46.5, %B 0.38, 저점거리 1.34%, 최근고점대비 3.06%, 반등확인 차단, 이격 안정, 1H 98.1 >= EMA20 96.2 (기준 0.998), 모멘텀 돌파 직전 4봉 고점 돌파=차단, 거래량배수=0.28, 양봉=차단, RSI=차단, 1H MTF=통과"
upbit,2026-09-07T02:53:31+09:00,KRW-NEAR,3249.0,29,RSI 범위 이탈,COMPLETE,2026-09-07T02:55:00+09:00,2026-09-07T04:23:31+09:00,3317.0,3236.0,3327.0,1.8075,-0.6786,2.1144,"1차 퀀트 관망 대기: 하드게이트 차단, 알파스코어 29점, MA5 <= MA20, RSI 16.8, %B 0.17, 저점거리 0.34%, 최근고점대비 2.68%, 반등확인 차단, 이격 안정, 1H 3308.0 >= EMA20 3168.2 (기준 0.998), 모멘텀 돌파 직전 4봉 고점 돌파=차단, 거래량배수=0.31, 양봉=차단, RSI=차단, 1H MTF=통과"
upbit,2026-09-07T02:53:32+09:00,KRW-ONDO,517.0,59,반등 미확인,COMPLETE,2026-09-07T02:55:00+09:00,2026-09-07T04:23:32+09:00,517.0,514.0,515.0,-0.2796,-0.8583,-0.6654,"1차 퀀트 관망 대기: 하드게이트 차단, 알파스코어 59점, MA5 > MA20, RSI 58.3, %B 0.85, 저점거리 0.78%, 최근고점대비 0.19%, 반등확인 차단, 이격 안정, 1H 516.0 >= EMA20 511.6 (기준 0.998)"
upbit,2026-09-07T02:53:33+09:00,KRW-SPK,30.1,69,RSI 범위 이탈,COMPLETE,2026-09-07T02:55:00+09:00,2026-09-07T04:23:33+09:00,30.3,30.0,29.9,0.383,-0.6109,-0.9422,"1차 퀀트 관망 대기: 하드게이트 통과, 알파스코어 69점, MA5 <= MA20, RSI 50.0, %B 0.24, 저점거리 0.00%, 최근고점대비 1.33%, 반등확인 통과, 이격 안정, 1H 30.3 >= EMA20 30.1 (기준 0.998), 모멘텀 돌파 직전 4봉 고점 돌파=차단, 거래량배수=0.05, 양봉=통과, RSI=차단, 1H MTF=통과"
upbit,2026-09-07T02:53:33+09:00,KRW-UNI,9800.0,29,하드 게이트,COMPLETE,2026-09-07T02:55:00+09:00,2026-09-07T04:23:33+09:00,9840.0,9670.0,9700.0,0.1274,-1.6024,-1.2972,"1차 퀀트 관망 대기: 하드게이트 차단, 알파스코어 29점, MA5 <= MA20, RSI 25.6, %B 0.42, 저점거리 0.62%, 최근고점대비 1.53%, 반등확인 통과, 이격 안정, 1H 9845.0 >= EMA20 9531.5 (기준 0.998)"
upbit,2026-09-07T02:58:31+09:00,KRW-FLOCK,100.0,55,돌파 미확인,COMPLETE,2026-09-07T03:00:00+09:00,2026-09-07T04:28:31+09:00,102.0,97.6,98.0,1.7148,-2.6729,-2.274,"1차 퀀트 관망 대기: 하드게이트 차단, 알파스코어 55점, MA5 > MA20, RSI 57.3, %B 0.94, 저점거리 3.41%, 최근고점대비 1.00%, 반등확인 통과, 이격 안정, 1H 98.1 >= EMA20 96.2 (기준 0.998), 모멘텀 돌파 직전 4봉 고점 돌파=차단, 거래량배수=1.39, 양봉=통과, RSI=통과, 1H MTF=통과"
upbit,2026-09-07T02:58:31+09:00,KRW-NEAR,3228.0,29,RSI 범위 이탈,COMPLETE,2026-09-07T03:00:00+09:00,2026-09-07T04:28:31+09:00,3330.0,3236.0,3313.0,2.8714,-0.0325,2.3462,"1차 퀀트 관망 대기: 하드게이트 차단, 알파스코어 29점, MA5 <= MA20, RSI 14.7, %B 0.06, 저점거리 0.00%, 최근고점대비 2.63%, 반등확인 차단, 이격 안정, 1H 3308.0 >= EMA20 3168.2 (기준 0.998), 모멘텀 돌파 직전 4봉 고점 돌파=차단, 거래량배수=0.89, 양봉=차단, RSI=차단, 1H MTF=통과"
upbit,2026-09-07T02:58:32+09:00,KRW-JUP,361.0,29,RSI 범위 이탈,COMPLETE,2026-09-07T03:00:00+09:00,2026-09-07T04:28:32+09:00,366.0,358.0,362.0,1.1016,-1.1083,-0.0034,"1차 퀀트 관망 대기: 하드게이트 차단, 알파스코어 29점, MA5 <= MA20, RSI 33.3, %B 0.01, 저점거리 0.00%, 최근고점대비 1.66%, 반등확인 차단, 이격 안정, 1H 367.0 >= EMA20 340.7 (기준 0.998), 모멘텀 돌파 직전 4봉 고점 돌파=차단, 거래량배수=0.26, 양봉=통과, RSI=차단, 1H MTF=통과"
upbit,2026-09-07T02:58:32+09:00,KRW-ZAMA,78.4,47,거래량 부족,COMPLETE,2026-09-07T03:00:00+09:00,2026-09-07T04:28:32+09:00,78.4,76.5,77.1,-0.2796,-2.6963,-1.9331,"1차 퀀트 관망 대기: 하드게이트 차단, 알파스코어 47점, MA5 > MA20, RSI 58.3, %B 0.73, 저점거리 1.69%, 최근고점대비 0.64%, 반등확인 통과, 이격 안정, 1H 77.3 >= EMA20 76.0 (기준 0.998), 모멘텀 돌파 직전 4봉 고점 돌파=차단, 거래량배수=0.45, 양봉=통과, RSI=통과, 1H MTF=통과"
upbit,2026-09-07T02:58:33+09:00,KRW-ONDO,515.0,74,반등 미확인,COMPLETE,2026-09-07T03:00:00+09:00,2026-09-07T04:28:33+09:00,517.0,514.0,514.0,0.1077,-0.4732,-0.4732,"1차 퀀트 관망 대기: 하드게이트 통과, 알파스코어 74점, MA5 > MA20, RSI 50.0, %B 0.54, 저점거리 0.39%, 최근고점대비 0.58%, 반등확인 차단, 이격 안정, 1H 516.0 >= EMA20 511.6 (기준 0.998)"
upbit,2026-09-07T02:58:33+09:00,KRW-PROM,7295.0,29,RSI 범위 이탈,COMPLETE,2026-09-07T03:00:00+09:00,2026-09-07T04:28:33+09:00,7445.0,7290.0,7420.0,1.7708,-0.348,1.4291,"1차 퀀트 관망 대기: 하드게이트 차단, 알파스코어 29점, MA5 <= MA20, RSI 25.3, %B 0.13, 저점거리 0.41%, 최근고점대비 2.26%, 반등확인 차단, 이격 안정, 1H 7450.0 >= EMA20 7311.5 (기준 0.998), 모멘텀 돌파 직전 4봉 고점 돌파=차단, 거래량배수=0.02, 양봉=차단, RSI=차단, 1H MTF=통과"
upbit,2026-09-07T02:58:33+09:00,KRW-UNI,9760.0,29,반등 미확인,COMPLETE,2026-09-07T03:00:00+09:00,2026-09-07T04:28:33+09:00,9840.0,9670.0,9705.0,0.5378,-1.1992,-0.8416,"1차 퀀트 관망 대기: 하드게이트 차단, 알파스코어 29점, MA5 <= MA20, RSI 29.3, %B 0.31, 저점거리 0.21%, 최근고점대비 1.54%, 반등확인 차단, 이격 안정, 1H 9845.0 >= EMA20 9531.5 (기준 0.998)"
upbit,2026-09-07T02:58:34+09:00,KRW-VIRTUAL,948.0,54,하드 게이트,COMPLETE,2026-09-07T03:00:00+09:00,2026-09-07T04:28:34+09:00,952.0,947.0,953.0,0.1412,-0.3848,0.2463,"1차 퀀트 관망 대기: 하드게이트 차단, 알파스코어 54점, MA5 <= MA20, RSI 26.3, %B 0.22, 저점거리 0.42%, 최근고점대비 0.63%, 반등확인 통과, 이격 안정, 1H 954.0 >= EMA20 943.2 (기준 0.998)"
upbit,2026-09-07T02:58:34+09:00,KRW-WLD,559.0,72,RSI 범위 이탈,COMPLETE,2026-09-07T03:00:00+09:00,2026-09-07T04:28:34+09:00,564.0,559.0,561.0,0.6123,-0.2796,0.0772,"1차 퀀트 관망 대기: 하드게이트 통과, 알파스코어 72점, MA5 > MA20, RSI 46.7, %B 0.20, 저점거리 0.18%, 최근고점대비 0.72%, 반등확인 차단, 이격 안정, 1H 562.0 >= EMA20 553.9 (기준 0.998), 모멘텀 돌파 직전 4봉 고점 돌파=차단, 거래량배수=5.02, 양봉=차단, RSI=차단, 1H MTF=통과"
upbit,2026-09-07T02:58:35+09:00,KRW-JTO,618.0,59,RSI 범위 이탈,COMPLETE,2026-09-07T03:00:00+09:00,2026-09-07T04:28:35+09:00,624.0,613.0,613.0,0.6886,-1.0864,-1.0864,"1차 퀀트 관망 대기: 하드게이트 통과, 알파스코어 59점, MA5 > MA20, RSI 45.2, %B 0.50, 저점거리 1.48%, 최근고점대비 0.32%, 반등확인 통과, 이격 안정, 1H 617.0 >= EMA20 601.1 (기준 0.998), 모멘텀 돌파 직전 4봉 고점 돌파=차단, 거래량배수=0.13, 양봉=통과, RSI=차단, 1H MTF=통과"
upbit,2026-09-07T03:03:34+09:00,KRW-FLOCK,99.5,52,거래량 부족,COMPLETE,2026-09-07T03:05:00+09:00,2026-09-07T04:33:34+09:00,102.0,97.6,97.8,2.2259,-2.1838,-1.9834,"1차 퀀트 관망 대기: 하드게이트 차단, 알파스코어 52점, MA5 > MA20, RSI 56.7, %B 0.80, 저점거리 2.90%, 최근고점대비 1.51%, 반등확인 차단, 이격 안정, 1H 99.5 >= EMA20 96.5 (기준 0.998), 모멘텀 돌파 직전 4봉 고점 돌파=차단, 거래량배수=0.59, 양봉=차단, RSI=통과, 1H MTF=통과"
upbit,2026-09-07T03:03:35+09:00,KRW-NEAR,3243.0,39,RSI 범위 이탈,COMPLETE,2026-09-07T03:05:00+09:00,2026-09-07T04:33:35+09:00,3330.0,3236.0,3309.0,2.3956,-0.4949,1.7499,"1차 퀀트 관망 대기: 하드게이트 차단, 알파스코어 39점, MA5 <= MA20, RSI 23.2, %B 0.20, 저점거리 0.46%, 최근고점대비 2.07%, 반등확인 통과, 이격 안정, 1H 3243.0 >= EMA20 3175.9 (기준 0.998), 모멘텀 돌파 직전 4봉 고점 돌파=차단, 거래량배수=0.19, 양봉=통과, RSI=차단, 1H MTF=통과"
upbit,2026-09-07T03:03:35+09:00,KRW-PROM,7290.0,24,RSI 범위 이탈,COMPLETE,2026-09-07T03:05:00+09:00,2026-09-07T04:33:35+09:00,7445.0,7320.0,7435.0,1.8406,0.1308,1.7039,"1차 퀀트 관망 대기: 하드게이트 차단, 알파스코어 24점, MA5 <= MA20, RSI 31.0, %B 0.15, 저점거리 0.34%, 최근고점대비 2.33%, 반등확인 차단, 이격 안정, 1H 7290.0 < EMA20 7309.2 (기준 0.998), 모멘텀 돌파 직전 4봉 고점 돌파=차단, 거래량배수=0.25, 양봉=차단, RSI=차단, 1H MTF=통과"
upbit,2026-09-07T03:03:35+09:00,KRW-ONDO,516.0,74,복합 조건 미달,COMPLETE,2026-09-07T03:05:00+09:00,2026-09-07T04:33:35+09:00,517.0,514.0,514.0,-0.0864,-0.6661,-0.6661,"1차 퀀트 관망 대기: 하드게이트 통과, 알파스코어 74점, MA5 > MA20, RSI 50.0, %B 0.70, 저점거리 0.58%, 최근고점대비 0.39%, 반등확인 통과, 이격 안정, 1H 516.0 >= EMA20 512.0 (기준 0.998)"
upbit,2026-09-07T03:03:36+09:00,KRW-UNI,9760.0,29,하드 게이트,COMPLETE,2026-09-07T03:05:00+09:00,2026-09-07T04:33:36+09:00,9840.0,9670.0,9710.0,0.5378,-1.1992,-0.7905,"1차 퀀트 관망 대기: 하드게이트 차단, 알파스코어 29점, MA5 <= MA20, RSI 29.7, %B 0.30, 저점거리 0.21%, 최근고점대비 1.18%, 반등확인 통과, 이격 안정, 1H 9760.0 >= EMA20 9553.1 (기준 0.998)"
upbit,2026-09-07T03:03:36+09:00,KRW-ENS,8480.0,59,RSI 범위 이탈,COMPLETE,2026-09-07T03:05:00+09:00,2026-09-07T04:33:36+09:00,8545.0,8420.0,8440.0,0.4848,-0.9852,-0.75,"1차 퀀트 관망 대기: 하드게이트 통과, 알파스코어 59점, MA5 <= MA20, RSI 48.0, %B 0.51, 저점거리 0.77%, 최근고점대비 0.18%, 반등확인 통과, 이격 안정, 1H 8480.0 >= EMA20 8300.6 (기준 0.998), 모멘텀 돌파 직전 4봉 고점 돌파=통과, 거래량배수=0.00, 양봉=통과, RSI=차단, 1H MTF=통과"
upbit,2026-09-07T03:03:36+09:00,KRW-JTO,618.0,59,RSI 범위 이탈,COMPLETE,2026-09-07T03:05:00+09:00,2026-09-07T04:33:36+09:00,624.0,612.0,613.0,0.6886,-1.2478,-1.0864,"1차 퀀트 관망 대기: 하드게이트 통과, 알파스코어 59점, MA5 > MA20, RSI 45.2, %B 0.50, 저점거리 1.48%, 최근고점대비 0.32%, 반등확인 통과, 이격 안정, 1H 617.0 >= EMA20 601.1 (기준 0.998), 모멘텀 돌파 직전 4봉 고점 돌파=차단, 거래량배수=0.13, 양봉=통과, RSI=차단, 1H MTF=통과"
upbit,2026-09-07T03:03:37+09:00,KRW-VIRTUAL,948.0,54,하드 게이트,COMPLETE,2026-09-07T03:05:00+09:00,2026-09-07T04:33:37+09:00,953.0,947.0,949.0,0.2463,-0.3848,-0.1744,"1차 퀀트 관망 대기: 하드게이트 차단, 알파스코어 54점, MA5 <= MA20, RSI 26.3, %B 0.22, 저점거리 0.42%, 최근고점대비 0.63%, 반등확인 통과, 이격 안정, 1H 954.0 >= EMA20 943.2 (기준 0.998)"
upbit,2026-09-07T03:03:37+09:00,KRW-LINK,16790.0,67,복합 조건 미달,COMPLETE,2026-09-07T03:05:00+09:00,2026-09-07T04:33:37+09:00,16920.0,16760.0,16770.0,0.4925,-0.4578,-0.3984,"1차 퀀트 관망 대기: 하드게이트 통과, 알파스코어 67점, MA5 <= MA20, RSI 50.0, %B 0.53, 저점거리 0.42%, 최근고점대비 0.18%, 반등확인 통과, 이격 안정, 1H 16790.0 >= EMA20 16655.6 (기준 0.998)"
upbit,2026-09-07T03:03:38+09:00,KRW-MET2,289.0,42,RSI 범위 이탈,COMPLETE,2026-09-07T03:05:00+09:00,2026-09-07T04:33:38+09:00,291.0,285.0,287.0,0.4105,-1.6598,-0.9697,"1차 퀀트 관망 대기: 하드게이트 차단, 알파스코어 42점, MA5 <= MA20, RSI 38.5, %B 0.26, 저점거리 0.70%, 최근고점대비 1.38%, 반등확인 통과, 이격 안정, 1H 289.0 >= EMA20 281.8 (기준 0.998), 모멘텀 돌파 직전 4봉 고점 돌파=차단, 거래량배수=0.03, 양봉=통과, RSI=차단, 1H MTF=통과"
upbit,2026-09-07T03:08:30+09:00,KRW-FLOCK,98.8,67,거래량 부족,COMPLETE,2026-09-07T03:10:00+09:00,2026-09-07T04:38:30+09:00,102.0,97.6,98.1,2.9502,-1.4908,-0.9861,"1차 퀀트 관망 대기: 하드게이트 통과, 알파스코어 67점, MA5 > MA20, RSI 52.6, %B 0.60, 저점거리 2.17%, 최근고점대비 2.23%, 반등확인 차단, 이격 안정, 1H 99.5 >= EMA20 96.5 (기준 0.998), 모멘텀 돌파 직전 4봉 고점 돌파=차단, 거래량배수=0.63, 양봉=차단, RSI=통과, 1H MTF=통과"
upbit,2026-09-07T03:08:30+09:00,KRW-NEAR,3238.0,44,RSI 범위 이탈,COMPLETE,2026-09-07T03:10:00+09:00,2026-09-07T04:38:30+09:00,3330.0,3236.0,3314.0,2.5537,-0.3412,2.061,"1차 퀀트 관망 대기: 하드게이트 차단, 알파스코어 44점, MA5 <= MA20, RSI 25.0, %B 0.20, 저점거리 0.31%, 최근고점대비 1.33%, 반등확인 차단, 이격 안정, 1H 3243.0 >= EMA20 3175.9 (기준 0.998), 모멘텀 돌파 직전 4봉 고점 돌파=차단, 거래량배수=0.19, 양봉=차단, RSI=차단, 1H MTF=통과"
upbit,2026-09-07T03:08:30+09:00,KRW-PROM,7370.0,39,RSI 범위 이탈,COMPLETE,2026-09-07T03:10:00+09:00,2026-09-07T04:38:30+09:00,7445.0,7320.0,7450.0,0.7352,-0.9561,0.8028,"1차 퀀트 관망 대기: 하드게이트 차단, 알파스코어 39점, MA5 <= MA20, RSI 41.0, %B 0.39, 저점거리 1.45%, 최근고점대비 1.15%, 반등확인 통과, 이격 안정, 1H 7290.0 < EMA20 7309.2 (기준 0.998), 모멘텀 돌파 직전 4봉 고점 돌파=통과, 거래량배수=0.67, 양봉=통과, RSI=차단, 1H MTF=통과"
upbit,2026-09-07T03:08:31+09:00,KRW-ONDO,516.0,74,복합 조건 미달,COMPLETE,2026-09-07T03:10:00+09:00,2026-09-07T04:38:31+09:00,517.0,514.0,514.0,-0.0864,-0.6661,-0.6661,"1차 퀀트 관망 대기: 하드게이트 통과, 알파스코어 74점, MA5 > MA20, RSI 53.9, %B 0.68, 저점거리 0.58%, 최근고점대비 0.39%, 반등확인 통과, 이격 안정, 1H 516.0 >= EMA20 512.0 (기준 0.998)"
upbit,2026-09-07T03:08:31+09:00,KRW-UNI,9805.0,39,하드 게이트,COMPLETE,2026-09-07T03:10:00+09:00,2026-09-07T04:38:31+09:00,9840.0,9670.0,9720.0,0.0764,-1.6526,-1.1441,"1차 퀀트 관망 대기: 하드게이트 차단, 알파스코어 39점, MA5 <= MA20, RSI 37.8, %B 0.37, 저점거리 0.67%, 최근고점대비 0.56%, 반등확인 통과, 이격 안정, 1H 9760.0 >= EMA20 9553.1 (기준 0.998)"
upbit,2026-09-07T03:08:32+09:00,KRW-SPK,30.2,62,복합 조건 미달,COMPLETE,2026-09-07T03:10:00+09:00,2026-09-07T04:38:32+09:00,30.2,29.9,30.2,-0.2796,-1.2702,-0.2796,"1차 퀀트 관망 대기: 하드게이트 통과, 알파스코어 62점, MA5 <= MA20, RSI 55.6, %B 0.45, 저점거리 0.67%, 최근고점대비 0.99%, 반등확인 통과, 이격 안정, 1H 30.2 >= EMA20 30.1 (기준 0.998), 모멘텀 돌파 직전 4봉 고점 돌파=통과, 거래량배수=1.97, 양봉=통과, RSI=통과, 1H MTF=통과"
upbit,2026-09-07T03:08:32+09:00,KRW-JUP,364.0,37,RSI 범위 이탈,COMPLETE,2026-09-07T03:10:00+09:00,2026-09-07T04:38:32+09:00,366.0,357.0,359.0,0.2683,-2.1973,-1.6494,"1차 퀀트 관망 대기: 하드게이트 통과, 알파스코어 37점, MA5 <= MA20, RSI 42.1, %B 0.44, 저점거리 1.39%, 최근고점대비 0.82%, 반등확인 통과, 이격 안정, 1H 361.0 >= EMA20 342.6 (기준 0.998), 모멘텀 돌파 직전 4봉 고점 돌파=통과, 거래량배수=0.90, 양봉=통과, RSI=차단, 1H MTF=통과"
upbit,2026-09-07T03:08:32+09:00,KRW-ENS,8475.0,74,RSI 범위 이탈,COMPLETE,2026-09-07T03:10:00+09:00,2026-09-07T04:38:32+09:00,8545.0,8420.0,8430.0,0.544,-0.9268,-0.8091,"1차 퀀트 관망 대기: 하드게이트 통과, 알파스코어 74점, MA5 <= MA20, RSI 48.0, %B 0.48, 저점거리 0.71%, 최근고점대비 0.24%, 반등확인 차단, 이격 안정, 1H 8480.0 >= EMA20 8300.6 (기준 0.998), 모멘텀 돌파 직전 4봉 고점 돌파=차단, 거래량배수=0.01, 양봉=차단, RSI=차단, 1H MTF=통과"
upbit,2026-09-07T03:08:33+09:00,KRW-JTO,621.0,59,거래량 부족,COMPLETE,2026-09-07T03:10:00+09:00,2026-09-07T04:38:33+09:00,624.0,611.0,612.0,0.2021,-1.8854,-1.7248,"1차 퀀트 관망 대기: 하드게이트 통과, 알파스코어 59점, MA5 > MA20, RSI 58.6, %B 0.71, 저점거리 1.97%, 최근고점대비 0.32%, 반등확인 통과, 이격 안정, 1H 621.0 >= EMA20 603.0 (기준 0.998), 모멘텀 돌파 직전 4봉 고점 돌파=차단, 거래량배수=0.01, 양봉=통과, RSI=통과, 1H MTF=통과"
upbit,2026-09-07T03:08:33+09:00,KRW-VIRTUAL,950.0,44,하드 게이트,COMPLETE,2026-09-07T03:10:00+09:00,2026-09-07T04:38:33+09:00,953.0,947.0,950.0,0.0353,-0.5945,-0.2796,"1차 퀀트 관망 대기: 하드게이트 차단, 알파스코어 44점, MA5 <= MA20, RSI 35.0, %B 0.36, 저점거리 0.64%, 최근고점대비 0.42%, 반등확인 통과, 이격 안정, 1H 950.0 >= EMA20 943.8 (기준 0.998)"
upbit,2026-09-07T03:13:31+09:00,KRW-FLOCK,99.2,67,거래량 부족,COMPLETE,2026-09-07T03:15:00+09:00,2026-09-07T04:43:31+09:00,102.0,97.6,98.0,2.5351,-1.888,-1.4859,"1차 퀀트 관망 대기: 하드게이트 통과, 알파스코어 67점, MA5 > MA20, RSI 55.6, %B 0.71, 저점거리 2.59%, 최근고점대비 1.81%, 반등확인 통과, 이격 안정, 1H 99.5 >= EMA20 96.5 (기준 0.998), 모멘텀 돌파 직전 4봉 고점 돌파=차단, 거래량배수=0.28, 양봉=통과, RSI=통과, 1H MTF=통과"
upbit,2026-09-07T03:13:31+09:00,KRW-NEAR,3238.0,44,RSI 범위 이탈,COMPLETE,2026-09-07T03:15:00+09:00,2026-09-07T04:43:31+09:00,3330.0,3240.0,3301.0,2.5537,-0.218,1.6606,"1차 퀀트 관망 대기: 하드게이트 차단, 알파스코어 44점, MA5 <= MA20, RSI 25.4, %B 0.22, 저점거리 0.31%, 최근고점대비 1.30%, 반등확인 통과, 이격 안정, 1H 3243.0 >= EMA20 3175.9 (기준 0.998), 모멘텀 돌파 직전 4봉 고점 돌파=차단, 거래량배수=0.39, 양봉=통과, RSI=차단, 1H MTF=통과"
upbit,2026-09-07T03:13:32+09:00,KRW-PROM,7360.0,34,RSI 범위 이탈,COMPLETE,2026-09-07T03:15:00+09:00,2026-09-07T04:43:32+09:00,7450.0,7330.0,7485.0,0.9398,-0.6861,1.414,"1차 퀀트 관망 대기: 하드게이트 차단, 알파스코어 34점, MA5 <= MA20, RSI 39.3, %B 0.38, 저점거리 1.31%, 최근고점대비 1.29%, 반등확인 통과, 이격 안정, 1H 7290.0 < EMA20 7309.2 (기준 0.998), 모멘텀 돌파 직전 4봉 고점 돌파=차단, 거래량배수=0.31, 양봉=통과, RSI=차단, 1H MTF=통과"
upbit,2026-09-07T03:13:32+09:00,KRW-UNI,9805.0,44,하드 게이트,COMPLETE,2026-09-07T03:15:00+09:00,2026-09-07T04:43:32+09:00,9840.0,9670.0,9730.0,0.0764,-1.6526,-1.0424,"1차 퀀트 관망 대기: 하드게이트 차단, 알파스코어 44점, MA5 <= MA20, RSI 37.8, %B 0.37, 저점거리 0.67%, 최근고점대비 0.56%, 반등확인 통과, 이격 안정, 1H 9760.0 >= EMA20 9553.1 (기준 0.998)"
upbit,2026-09-07T03:13:33+09:00,KRW-WLD,561.0,74,RSI 범위 이탈,COMPLETE,2026-09-07T03:15:00+09:00,2026-09-07T04:43:33+09:00,564.0,560.0,564.0,0.2537,-0.4574,0.2537,"1차 퀀트 관망 대기: 하드게이트 통과, 알파스코어 74점, MA5 <= MA20, RSI 47.1, %B 0.62, 저점거리 0.54%, 최근고점대비 0.18%, 반등확인 통과, 이격 안정, 1H 561.0 >= EMA20 554.6 (기준 0.998), 모멘텀 돌파 직전 4봉 고점 돌파=차단, 거래량배수=0.00, 양봉=통과, RSI=차단, 1H MTF=통과"
upbit,2026-09-07T03:13:33+09:00,KRW-JUP,363.0,37,RSI 범위 이탈,COMPLETE,2026-09-07T03:15:00+09:00,2026-09-07T04:43:33+09:00,366.0,357.0,359.0,0.5445,-1.9279,-1.3785,"1차 퀀트 관망 대기: 하드게이트 차단, 알파스코어 37점, MA5 <= MA20, RSI 40.0, %B 0.35, 저점거리 1.11%, 최근고점대비 1.10%, 반등확인 차단, 이격 안정, 1H 361.0 >= EMA20 342.6 (기준 0.998), 모멘텀 돌파 직전 4봉 고점 돌파=차단, 거래량배수=0.52, 양봉=통과, RSI=차단, 1H MTF=통과"
upbit,2026-09-07T03:13:33+09:00,KRW-ENS,8505.0,74,거래량 부족,COMPLETE,2026-09-07T03:15:00+09:00,2026-09-07T04:43:33+09:00,8545.0,8420.0,8430.0,0.1894,-1.2762,-1.159,"1차 퀀트 관망 대기: 하드게이트 통과, 알파스코어 74점, MA5 <= MA20, RSI 53.6, %B 0.68, 저점거리 1.07%, 최근고점대비 0.00%, 반등확인 통과, 이격 안정, 1H 8480.0 >= EMA20 8300.6 (기준 0.998), 모멘텀 돌파 직전 4봉 고점 돌파=통과, 거래량배수=0.07, 양봉=통과, RSI=통과, 1H MTF=통과"
upbit,2026-09-07T03:13:34+09:00,KRW-JTO,622.0,74,거래량 부족,COMPLETE,2026-09-07T03:15:00+09:00,2026-09-07T04:43:34+09:00,624.0,611.0,613.0,0.041,-2.0432,-1.7225,"1차 퀀트 관망 대기: 하드게이트 차단, 알파스코어 74점, MA5 > MA20, RSI 58.6, %B 0.78, 저점거리 2.13%, 최근고점대비 0.16%, 반등확인 통과, 이격 안정, 1H 621.0 >= EMA20 603.0 (기준 0.998), 모멘텀 돌파 직전 4봉 고점 돌파=차단, 거래량배수=0.29, 양봉=통과, RSI=통과, 1H MTF=통과"
upbit,2026-09-07T03:13:34+09:00,KRW-VIRTUAL,948.0,54,반등 미확인,COMPLETE,2026-09-07T03:15:00+09:00,2026-09-07T04:43:34+09:00,953.0,947.0,950.0,0.2463,-0.3848,-0.0692,"1차 퀀트 관망 대기: 하드게이트 차단, 알파스코어 54점, MA5 <= MA20, RSI 35.0, %B 0.26, 저점거리 0.42%, 최근고점대비 0.63%, 반등확인 차단, 이격 안정, 1H 950.0 >= EMA20 943.8 (기준 0.998)"
upbit,2026-09-07T03:13:35+09:00,KRW-LINK,16770.0,62,하드 게이트,COMPLETE,2026-09-07T03:15:00+09:00,2026-09-07T04:43:35+09:00,16920.0,16770.0,16830.0,0.6123,-0.2796,0.0772,"1차 퀀트 관망 대기: 하드게이트 차단, 알파스코어 62점, MA5 <= MA20, RSI 39.4, %B 0.38, 저점거리 0.30%, 최근고점대비 0.18%, 반등확인 통과, 이격 안정, 1H 16790.0 >= EMA20 16655.6 (기준 0.998)"
upbit,2026-09-07T03:18:35+09:00,KRW-FLOCK,99.4,62,거래량 부족,COMPLETE,2026-09-07T03:20:00+09:00,2026-09-07T04:48:35+09:00,102.0,97.6,98.1,2.3288,-2.0854,-1.5838,"1차 퀀트 관망 대기: 하드게이트 차단, 알파스코어 62점, MA5 > MA20, RSI 57.0, %B 0.76, 저점거리 2.79%, 최근고점대비 1.61%, 반등확인 통과, 이격 안정, 1H 99.5 >= EMA20 96.5 (기준 0.998), 모멘텀 돌파 직전 4봉 고점 돌파=차단, 거래량배수=0.20, 양봉=통과, RSI=통과, 1H MTF=통과"
upbit,2026-09-07T03:18:36+09:00,KRW-JUP,363.0,37,RSI 범위 이탈,COMPLETE,2026-09-07T03:20:00+09:00,2026-09-07T04:48:36+09:00,366.0,357.0,359.0,0.5445,-1.9279,-1.3785,"1차 퀀트 관망 대기: 하드게이트 차단, 알파스코어 37점, MA5 <= MA20, RSI 40.0, %B 0.35, 저점거리 1.11%, 최근고점대비 1.10%, 반등확인 차단, 이격 안정, 1H 361.0 >= EMA20 342.6 (기준 0.998), 모멘텀 돌파 직전 4봉 고점 돌파=차단, 거래량배수=0.52, 양봉=통과, RSI=차단, 1H MTF=통과"
upbit,2026-09-07T03:18:36+09:00,KRW-NEAR,3239.0,44,RSI 범위 이탈,COMPLETE,2026-09-07T03:20:00+09:00,2026-09-07T04:48:36+09:00,3330.0,3243.0,3309.0,2.522,-0.1565,1.8755,"1차 퀀트 관망 대기: 하드게이트 차단, 알파스코어 44점, MA5 <= MA20, RSI 32.2, %B 0.26, 저점거리 0.34%, 최근고점대비 1.11%, 반등확인 통과, 이격 안정, 1H 3243.0 >= EMA20 3175.9 (기준 0.998), 모멘텀 돌파 직전 4봉 고점 돌파=차단, 거래량배수=0.55, 양봉=통과, RSI=차단, 1H MTF=통과"
upbit,2026-09-07T03:18:37+09:00,KRW-PROM,7330.0,34,RSI 범위 이탈,COMPLETE,2026-09-07T03:20:00+09:00,2026-09-07T04:48:37+09:00,7485.0,7330.0,7485.0,1.8291,-0.2796,1.8291,"1차 퀀트 관망 대기: 하드게이트 차단, 알파스코어 34점, MA5 <= MA20, RSI 37.1, %B 0.30, 저점거리 0.89%, 최근고점대비 1.71%, 반등확인 차단, 이격 안정, 1H 7290.0 < EMA20 7309.2 (기준 0.998), 모멘텀 돌파 직전 4봉 고점 돌파=차단, 거래량배수=0.66, 양봉=통과, RSI=차단, 1H MTF=통과"
upbit,2026-09-07T03:18:37+09:00,KRW-JTO,622.0,69,거래량 부족,COMPLETE,2026-09-07T03:20:00+09:00,2026-09-07T04:48:37+09:00,624.0,611.0,613.0,0.041,-2.0432,-1.7225,"1차 퀀트 관망 대기: 하드게이트 차단, 알파스코어 69점, MA5 > MA20, RSI 58.6, %B 0.78, 저점거리 2.13%, 최근고점대비 0.16%, 반등확인 통과, 이격 안정, 1H 621.0 >= EMA20 603.0 (기준 0.998), 모멘텀 돌파 직전 4봉 고점 돌파=차단, 거래량배수=0.29, 양봉=통과, RSI=통과, 1H MTF=통과"
upbit,2026-09-07T03:18:37+09:00,KRW-ONDO,517.0,59,하드 게이트,COMPLETE,2026-09-07T03:20:00+09:00,2026-09-07T04:48:37+09:00,517.0,514.0,515.0,-0.2796,-0.8583,-0.6654,"1차 퀀트 관망 대기: 하드게이트 차단, 알파스코어 59점, MA5 > MA20, RSI 53.3, %B 0.90, 저점거리 0.78%, 최근고점대비 0.19%, 반등확인 통과, 이격 안정, 1H 516.0 >= EMA20 512.0 (기준 0.998)"
upbit,2026-09-07T03:18:38+09:00,KRW-UNI,9780.0,44,반등 미확인,COMPLETE,2026-09-07T03:20:00+09:00,2026-09-07T04:48:38+09:00,9840.0,9670.0,9720.0,0.3322,-1.4012,-0.8914,"1차 퀀트 관망 대기: 하드게이트 차단, 알파스코어 44점, MA5 <= MA20, RSI 41.3, %B 0.32, 저점거리 0.41%, 최근고점대비 0.82%, 반등확인 차단, 이격 안정, 1H 9760.0 >= EMA20 9553.1 (기준 0.998)"
upbit,2026-09-07T03:18:38+09:00,KRW-VIRTUAL,948.0,64,하드 게이트,COMPLETE,2026-09-07T03:20:00+09:00,2026-09-07T04:48:38+09:00,953.0,947.0,950.0,0.2463,-0.3848,-0.0692,"1차 퀀트 관망 대기: 하드게이트 차단, 알파스코어 64점, MA5 <= MA20, RSI 36.8, %B 0.28, 저점거리 0.42%, 최근고점대비 0.63%, 반등확인 통과, 이격 안정, 1H 950.0 >= EMA20 943.8 (기준 0.998)"
upbit,2026-09-07T03:18:39+09:00,KRW-MET2,288.0,54,RSI 범위 이탈,COMPLETE,2026-09-07T03:20:00+09:00,2026-09-07T04:48:39+09:00,291.0,285.0,286.0,0.7591,-1.3184,-0.9721,"1차 퀀트 관망 대기: 하드게이트 차단, 알파스코어 54점, MA5 <= MA20, RSI 42.3, %B 0.26, 저점거리 0.35%, 최근고점대비 1.74%, 반등확인 통과, 이격 안정, 1H 289.0 >= EMA20 281.8 (기준 0.998), 모멘텀 돌파 직전 4봉 고점 돌파=차단, 거래량배수=0.04, 양봉=통과, RSI=차단, 1H MTF=통과"
upbit,2026-09-07T03:18:39+09:00,KRW-ENS,8500.0,74,거래량 부족,COMPLETE,2026-09-07T03:20:00+09:00,2026-09-07T04:48:39+09:00,8530.0,8415.0,8460.0,0.0723,-1.2768,-0.7489,"1차 퀀트 관망 대기: 하드게이트 차단, 알파스코어 74점, MA5 > MA20, RSI 60.0, %B 0.65, 저점거리 0.83%, 최근고점대비 0.06%, 반등확인 통과, 이격 안정, 1H 8480.0 >= EMA20 8300.6 (기준 0.998), 모멘텀 돌파 직전 4봉 고점 돌파=차단, 거래량배수=1.15, 양봉=통과, RSI=통과, 1H MTF=통과"
upbit,2026-09-07T03:23:33+09:00,KRW-JUP,365.0,67,RSI 범위 이탈,COMPLETE,2026-09-07T03:25:00+09:00,2026-09-07T04:53:33+09:00,366.0,357.0,359.0,-0.0064,-2.4653,-1.9188,"1차 퀀트 관망 대기: 하드게이트 통과, 알파스코어 67점, MA5 <= MA20, RSI 50.0, %B 0.62, 저점거리 1.67%, 최근고점대비 0.55%, 반등확인 통과, 이격 안정, 1H 361.0 >= EMA20 342.6 (기준 0.998), 모멘텀 돌파 직전 4봉 고점 돌파=차단, 거래량배수=0.01, 양봉=통과, RSI=차단, 1H MTF=통과"
upbit,2026-09-07T03:23:33+09:00,KRW-NEAR,3247.0,44,RSI 범위 이탈,COMPLETE,2026-09-07T03:25:00+09:00,2026-09-07T04:53:33+09:00,3330.0,3243.0,3296.0,2.2694,-0.4025,1.2253,"1차 퀀트 관망 대기: 하드게이트 차단, 알파스코어 44점, MA5 <= MA20, RSI 39.8, %B 0.34, 저점거리 0.59%, 최근고점대비 0.80%, 반등확인 통과, 이격 안정, 1H 3243.0 >= EMA20 3175.9 (기준 0.998), 모멘텀 돌파 직전 4봉 고점 돌파=통과, 거래량배수=0.34, 양봉=통과, RSI=차단, 1H MTF=통과"
upbit,2026-09-07T03:23:34+09:00,KRW-PROM,7335.0,34,RSI 범위 이탈,COMPLETE,2026-09-07T03:25:00+09:00,2026-09-07T04:53:34+09:00,7500.0,7355.0,7495.0,1.9636,-0.0077,1.8956,"1차 퀀트 관망 대기: 하드게이트 차단, 알파스코어 34점, MA5 <= MA20, RSI 36.4, %B 0.34, 저점거리 0.96%, 최근고점대비 1.23%, 반등확인 통과, 이격 안정, 1H 7290.0 < EMA20 7309.2 (기준 0.998), 모멘텀 돌파 직전 4봉 고점 돌파=차단, 거래량배수=0.02, 양봉=통과, RSI=차단, 1H MTF=통과"
upbit,2026-09-07T03:23:34+09:00,KRW-JTO,623.0,29,거래량 부족,COMPLETE,2026-09-07T03:25:00+09:00,2026-09-07T04:53:34+09:00,624.0,611.0,614.0,-0.1195,-2.2004,-1.7202,"1차 퀀트 관망 대기: 하드게이트 차단, 알파스코어 29점, MA5 > MA20, RSI 66.7, %B 0.85, 저점거리 1.63%, 최근고점대비 0.00%, 반등확인 통과, 이격 안정, 1H 621.0 >= EMA20 603.0 (기준 0.998), 모멘텀 돌파 직전 4봉 고점 돌파=차단, 거래량배수=0.01, 양봉=통과, RSI=통과, 1H MTF=통과"
upbit,2026-09-07T03:23:34+09:00,KRW-ONDO,516.0,74,복합 조건 미달,COMPLETE,2026-09-07T03:25:00+09:00,2026-09-07T04:53:34+09:00,517.0,514.0,514.0,-0.0864,-0.6661,-0.6661,"1차 퀀트 관망 대기: 하드게이트 통과, 알파스코어 74점, MA5 > MA20, RSI 53.3, %B 0.63, 저점거리 0.58%, 최근고점대비 0.39%, 반등확인 통과, 이격 안정, 1H 516.0 >= EMA20 512.0 (기준 0.998)"
upbit,2026-09-07T03:23:35+09:00,KRW-WLD,561.0,74,거래량 부족,COMPLETE,2026-09-07T03:25:00+09:00,2026-09-07T04:53:35+09:00,566.0,560.0,562.0,0.6092,-0.4574,-0.1019,"1차 퀀트 관망 대기: 하드게이트 통과, 알파스코어 74점, MA5 > MA20, RSI 53.3, %B 0.61, 저점거리 0.54%, 최근고점대비 0.18%, 반등확인 통과, 이격 안정, 1H 561.0 >= EMA20 554.6 (기준 0.998), 모멘텀 돌파 직전 4봉 고점 돌파=차단, 거래량배수=0.36, 양봉=통과, RSI=통과, 1H MTF=통과"
upbit,2026-09-07T03:23:35+09:00,KRW-ZAMA,77.9,52,거래량 부족,COMPLETE,2026-09-07T03:25:00+09:00,2026-09-07T04:53:35+09:00,78.1,76.3,76.6,-0.0236,-2.3278,-1.9437,"1차 퀀트 관망 대기: 하드게이트 통과, 알파스코어 52점, MA5 > MA20, RSI 54.9, %B 0.52, 저점거리 0.78%, 최근고점대비 1.28%, 반등확인 차단, 이격 안정, 1H 78.3 >= EMA20 76.2 (기준 0.998), 모멘텀 돌파 직전 4봉 고점 돌파=차단, 거래량배수=0.04, 양봉=차단, RSI=통과, 1H MTF=통과"
upbit,2026-09-07T03:23:36+09:00,KRW-UNI,9790.0,44,반등 미확인,COMPLETE,2026-09-07T03:25:00+09:00,2026-09-07T04:53:36+09:00,9840.0,9670.0,9720.0,0.2297,-1.5019,-0.9926,"1차 퀀트 관망 대기: 하드게이트 통과, 알파스코어 44점, MA5 <= MA20, RSI 43.6, %B 0.37, 저점거리 0.51%, 최근고점대비 0.51%, 반등확인 차단, 이격 안정, 1H 9760.0 >= EMA20 9553.1 (기준 0.998)"
upbit,2026-09-07T03:23:36+09:00,KRW-VIRTUAL,951.0,74,복합 조건 미달,COMPLETE,2026-09-07T03:25:00+09:00,2026-09-07T04:53:36+09:00,953.0,947.0,950.0,-0.0699,-0.699,-0.3845,"1차 퀀트 관망 대기: 하드게이트 통과, 알파스코어 74점, MA5 <= MA20, RSI 55.6, %B 0.51, 저점거리 0.74%, 최근고점대비 0.32%, 반등확인 통과, 이격 안정, 1H 950.0 >= EMA20 943.8 (기준 0.998)"
upbit,2026-09-07T03:23:37+09:00,KRW-MET2,290.0,44,RSI 범위 이탈,COMPLETE,2026-09-07T03:25:00+09:00,2026-09-07T04:53:37+09:00,291.0,285.0,286.0,0.0643,-1.9989,-1.6551,"1차 퀀트 관망 대기: 하드게이트 통과, 알파스코어 44점, MA5 <= MA20, RSI 50.0, %B 0.46, 저점거리 1.05%, 최근고점대비 1.03%, 반등확인 통과, 이격 안정, 1H 289.0 >= EMA20 281.8 (기준 0.998), 모멘텀 돌파 직전 4봉 고점 돌파=통과, 거래량배수=0.43, 양봉=통과, RSI=차단, 1H MTF=통과"
upbit,2026-09-07T03:28:31+09:00,KRW-JUP,365.0,67,RSI 범위 이탈,COMPLETE,2026-09-07T03:30:00+09:00,2026-09-07T04:58:31+09:00,366.0,357.0,360.0,-0.0064,-2.4653,-1.6456,"1차 퀀트 관망 대기: 하드게이트 통과, 알파스코어 67점, MA5 <= MA20, RSI 50.0, %B 0.62, 저점거리 1.67%, 최근고점대비 0.55%, 반등확인 통과, 이격 안정, 1H 361.0 >= EMA20 342.6 (기준 0.998), 모멘텀 돌파 직전 4봉 고점 돌파=차단, 거래량배수=0.01, 양봉=통과, RSI=차단, 1H MTF=통과"
upbit,2026-09-07T03:28:31+09:00,KRW-NEAR,3248.0,49,RSI 범위 이탈,COMPLETE,2026-09-07T03:30:00+09:00,2026-09-07T04:58:31+09:00,3330.0,3248.0,3298.0,2.238,-0.2796,1.2555,"1차 퀀트 관망 대기: 하드게이트 차단, 알파스코어 49점, MA5 <= MA20, RSI 40.4, %B 0.36, 저점거리 0.62%, 최근고점대비 0.77%, 반등확인 통과, 이격 안정, 1H 3243.0 >= EMA20 3175.9 (기준 0.998), 모멘텀 돌파 직전 4봉 고점 돌파=차단, 거래량배수=0.08, 양봉=통과, RSI=차단, 1H MTF=통과"
upbit,2026-09-07T03:28:32+09:00,KRW-PROM,7330.0,34,RSI 범위 이탈,COMPLETE,2026-09-07T03:30:00+09:00,2026-09-07T04:58:32+09:00,7500.0,7355.0,7495.0,2.0331,0.0605,1.9651,"1차 퀀트 관망 대기: 하드게이트 차단, 알파스코어 34점, MA5 <= MA20, RSI 38.5, %B 0.34, 저점거리 0.89%, 최근고점대비 1.09%, 반등확인 통과, 이격 안정, 1H 7290.0 < EMA20 7309.2 (기준 0.998), 모멘텀 돌파 직전 4봉 고점 돌파=차단, 거래량배수=0.01, 양봉=통과, RSI=차단, 1H MTF=통과"
upbit,2026-09-07T03:28:32+09:00,KRW-JTO,623.0,29,거래량 부족,COMPLETE,2026-09-07T03:30:00+09:00,2026-09-07T04:58:32+09:00,624.0,611.0,614.0,-0.1195,-2.2004,-1.7202,"1차 퀀트 관망 대기: 하드게이트 차단, 알파스코어 29점, MA5 > MA20, RSI 66.7, %B 0.85, 저점거리 1.63%, 최근고점대비 0.00%, 반등확인 통과, 이격 안정, 1H 621.0 >= EMA20 603.0 (기준 0.998), 모멘텀 돌파 직전 4봉 고점 돌파=차단, 거래량배수=0.01, 양봉=통과, RSI=통과, 1H MTF=통과"
upbit,2026-09-07T03:28:33+09:00,KRW-ONDO,517.0,59,하드 게이트,COMPLETE,2026-09-07T03:30:00+09:00,2026-09-07T04:58:33+09:00,517.0,514.0,515.0,-0.2796,-0.8583,-0.6654,"1차 퀀트 관망 대기: 하드게이트 차단, 알파스코어 59점, MA5 > MA20, RSI 56.2, %B 0.84, 저점거리 0.78%, 최근고점대비 0.19%, 반등확인 통과, 이격 안정, 1H 516.0 >= EMA20 512.0 (기준 0.998)"
upbit,2026-09-07T03:28:33+09:00,KRW-WLD,560.0,74,거래량 부족,COMPLETE,2026-09-07T03:30:00+09:00,2026-09-07T04:58:33+09:00,566.0,561.0,564.0,0.7888,-0.1015,0.4327,"1차 퀀트 관망 대기: 하드게이트 통과, 알파스코어 74점, MA5 <= MA20, RSI 53.3, %B 0.34, 저점거리 0.36%, 최근고점대비 0.36%, 반등확인 차단, 이격 안정, 1H 561.0 >= EMA20 554.6 (기준 0.998), 모멘텀 돌파 직전 4봉 고점 돌파=차단, 거래량배수=0.46, 양봉=차단, RSI=통과, 1H MTF=통과"
upbit,2026-09-07T03:28:34+09:00,KRW-UNI,9790.0,44,반등 미확인,COMPLETE,2026-09-07T03:30:00+09:00,2026-09-07T04:58:34+09:00,9840.0,9670.0,9700.0,0.2297,-1.5019,-1.1963,"1차 퀀트 관망 대기: 하드게이트 통과, 알파스코어 44점, MA5 <= MA20, RSI 43.6, %B 0.37, 저점거리 0.51%, 최근고점대비 0.51%, 반등확인 차단, 이격 안정, 1H 9760.0 >= EMA20 9553.1 (기준 0.998)"
upbit,2026-09-07T03:28:34+09:00,KRW-VIRTUAL,951.0,74,복합 조건 미달,COMPLETE,2026-09-07T03:30:00+09:00,2026-09-07T04:58:34+09:00,953.0,947.0,949.0,-0.0699,-0.699,-0.4893,"1차 퀀트 관망 대기: 하드게이트 통과, 알파스코어 74점, MA5 <= MA20, RSI 55.6, %B 0.51, 저점거리 0.74%, 최근고점대비 0.32%, 반등확인 통과, 이격 안정, 1H 950.0 >= EMA20 943.8 (기준 0.998)"
upbit,2026-09-07T03:28:35+09:00,KRW-MET2,290.0,47,RSI 범위 이탈,COMPLETE,2026-09-07T03:30:00+09:00,2026-09-07T04:58:35+09:00,291.0,285.0,286.0,0.0643,-1.9989,-1.6551,"1차 퀀트 관망 대기: 하드게이트 차단, 알파스코어 47점, MA5 <= MA20, RSI 48.0, %B 0.48, 저점거리 1.05%, 최근고점대비 1.03%, 반등확인 통과, 이격 안정, 1H 289.0 >= EMA20 281.8 (기준 0.998), 모멘텀 돌파 직전 4봉 고점 돌파=차단, 거래량배수=1.84, 양봉=통과, RSI=차단, 1H MTF=통과"
upbit,2026-09-07T03:28:35+09:00,KRW-ENS,8490.0,77,돌파 미확인,COMPLETE,2026-09-07T03:30:00+09:00,2026-09-07T04:58:35+09:00,8515.0,8415.0,8445.0,0.014,-1.1605,-0.8082,"1차 퀀트 관망 대기: 하드게이트 통과, 알파스코어 77점, MA5 > MA20, RSI 58.8, %B 0.69, 저점거리 0.71%, 최근고점대비 0.65%, 반등확인 차단, 이격 안정, 1H 8480.0 >= EMA20 8300.6 (기준 0.998), 모멘텀 돌파 직전 4봉 고점 돌파=차단, 거래량배수=2.06, 양봉=차단, RSI=통과, 1H MTF=통과"
upbit,2026-09-07T03:33:30+09:00,KRW-JUP,366.0,62,RSI 범위 이탈,COMPLETE,2026-09-07T03:35:00+09:00,2026-09-07T05:03:30+09:00,366.0,357.0,359.0,-0.2796,-2.7317,-2.1868,"1차 퀀트 관망 대기: 하드게이트 통과, 알파스코어 62점, MA5 > MA20, RSI 50.0, %B 0.75, 저점거리 1.95%, 최근고점대비 0.00%, 반등확인 통과, 이격 안정, 1H 361.0 >= EMA20 342.6 (기준 0.998), 모멘텀 돌파 직전 4봉 고점 돌파=차단, 거래량배수=0.05, 양봉=통과, RSI=차단, 1H MTF=통과"
upbit,2026-09-07T03:33:30+09:00,KRW-NEAR,3247.0,49,RSI 범위 이탈,COMPLETE,2026-09-07T03:35:00+09:00,2026-09-07T05:03:30+09:00,3330.0,3248.0,3294.0,2.2694,-0.2489,1.1638,"1차 퀀트 관망 대기: 하드게이트 차단, 알파스코어 49점, MA5 <= MA20, RSI 40.0, %B 0.37, 저점거리 0.59%, 최근고점대비 0.80%, 반등확인 차단, 이격 안정, 1H 3243.0 >= EMA20 3175.9 (기준 0.998), 모멘텀 돌파 직전 4봉 고점 돌파=차단, 거래량배수=0.60, 양봉=차단, RSI=차단, 1H MTF=통과"
upbit,2026-09-07T03:33:31+09:00,KRW-PROM,7410.0,39,RSI 범위 이탈,COMPLETE,2026-09-07T03:35:00+09:00,2026-09-07T05:03:31+09:00,7500.0,7355.0,7570.0,0.9316,-1.0198,1.8736,"1차 퀀트 관망 대기: 하드게이트 차단, 알파스코어 39점, MA5 <= MA20, RSI 45.7, %B 0.67, 저점거리 2.00%, 최근고점대비 0.00%, 반등확인 통과, 이격 안정, 1H 7290.0 < EMA20 7309.2 (기준 0.998), 모멘텀 돌파 직전 4봉 고점 돌파=통과, 거래량배수=0.96, 양봉=통과, RSI=차단, 1H MTF=통과"
upbit,2026-09-07T03:33:31+09:00,KRW-ONDO,517.0,59,하드 게이트,COMPLETE,2026-09-07T03:35:00+09:00,2026-09-07T05:03:31+09:00,516.0,514.0,515.0,-0.4725,-0.8583,-0.6654,"1차 퀀트 관망 대기: 하드게이트 차단, 알파스코어 59점, MA5 > MA20, RSI 60.0, %B 0.82, 저점거리 0.78%, 최근고점대비 0.19%, 반등확인 통과, 이격 안정, 1H 516.0 >= EMA20 512.0 (기준 0.998)"
upbit,2026-09-07T03:33:32+09:00,KRW-WLD,561.0,74,RSI 범위 이탈,COMPLETE,2026-09-07T03:35:00+09:00,2026-09-07T05:03:32+09:00,566.0,561.0,562.0,0.6092,-0.2796,-0.1019,"1차 퀀트 관망 대기: 하드게이트 통과, 알파스코어 74점, MA5 > MA20, RSI 50.0, %B 0.61, 저점거리 0.54%, 최근고점대비 0.18%, 반등확인 통과, 이격 안정, 1H 561.0 >= EMA20 554.6 (기준 0.998), 모멘텀 돌파 직전 4봉 고점 돌파=차단, 거래량배수=0.69, 양봉=통과, RSI=차단, 1H MTF=통과"
upbit,2026-09-07T03:33:32+09:00,KRW-UNI,9795.0,59,복합 조건 미달,COMPLETE,2026-09-07T03:35:00+09:00,2026-09-07T05:03:32+09:00,9820.0,9670.0,9700.0,-0.0251,-1.5522,-1.2468,"1차 퀀트 관망 대기: 하드게이트 통과, 알파스코어 59점, MA5 <= MA20, RSI 46.5, %B 0.45, 저점거리 0.46%, 최근고점대비 0.46%, 반등확인 통과, 이격 안정, 1H 9760.0 >= EMA20 9553.1 (기준 0.998)"
upbit,2026-09-07T03:38:35+09:00,KRW-FLOCK,101.0,37,거래량 부족,COMPLETE,2026-09-07T03:40:00+09:00,2026-09-07T05:08:35+09:00,101.0,97.1,97.8,-0.2796,-4.1302,-3.4391,"1차 퀀트 관망 대기: 하드게이트 차단, 알파스코어 37점, MA5 > MA20, RSI 68.5, %B 1.01, 저점거리 3.27%, 최근고점대비 0.99%, 반등확인 통과, 이격 안정, 1H 99.5 >= EMA20 96.5 (기준 0.998), 모멘텀 돌파 직전 4봉 고점 돌파=차단, 거래량배수=0.62, 양봉=통과, RSI=통과, 1H MTF=통과"
upbit,2026-09-07T03:38:35+09:00,KRW-JUP,366.0,62,거래량 부족,COMPLETE,2026-09-07T03:40:00+09:00,2026-09-07T05:08:35+09:00,366.0,357.0,363.0,-0.2796,-2.7317,-1.097,"1차 퀀트 관망 대기: 하드게이트 차단, 알파스코어 62점, MA5 > MA20, RSI 53.3, %B 0.77, 저점거리 1.95%, 최근고점대비 0.00%, 반등확인 통과, 이격 안정, 1H 361.0 >= EMA20 342.6 (기준 0.998), 모멘텀 돌파 직전 4봉 고점 돌파=차단, 거래량배수=0.14, 양봉=통과, RSI=통과, 1H MTF=통과"
upbit,2026-09-07T03:38:35+09:00,KRW-NEAR,3251.0,49,RSI 범위 이탈,COMPLETE,2026-09-07T03:40:00+09:00,2026-09-07T05:08:35+09:00,3330.0,3270.0,3309.0,2.1436,0.3032,1.4995,"1차 퀀트 관망 대기: 하드게이트 차단, 알파스코어 49점, MA5 <= MA20, RSI 47.6, %B 0.44, 저점거리 0.71%, 최근고점대비 0.68%, 반등확인 통과, 이격 안정, 1H 3243.0 >= EMA20 3175.9 (기준 0.998), 모멘텀 돌파 직전 4봉 고점 돌파=차단, 거래량배수=0.94, 양봉=통과, RSI=차단, 1H MTF=통과"
upbit,2026-09-07T03:38:36+09:00,KRW-ORCA,1959.0,59,거래량 부족,COMPLETE,2026-09-07T03:40:00+09:00,2026-09-07T05:08:36+09:00,1968.0,1908.0,1899.0,0.1785,-2.8757,-3.3338,"1차 퀀트 관망 대기: 하드게이트 차단, 알파스코어 59점, MA5 > MA20, RSI 54.8, %B 0.86, 저점거리 0.98%, 최근고점대비 0.31%, 반등확인 차단, 이격 안정, 1H 1947.0 >= EMA20 1878.8 (기준 0.998), 모멘텀 돌파 직전 4봉 고점 돌파=통과, 거래량배수=0.21, 양봉=차단, RSI=통과, 1H MTF=통과"
upbit,2026-09-07T03:38:36+09:00,KRW-PROM,7400.0,54,RSI 범위 이탈,COMPLETE,2026-09-07T03:40:00+09:00,2026-09-07T05:08:36+09:00,7570.0,7355.0,7530.0,2.0113,-0.886,1.4722,"1차 퀀트 관망 대기: 하드게이트 차단, 알파스코어 54점, MA5 <= MA20, RSI 50.0, %B 0.64, 저점거리 1.86%, 최근고점대비 0.14%, 반등확인 차단, 이격 안정, 1H 7290.0 < EMA20 7309.2 (기준 0.998), 모멘텀 돌파 직전 4봉 고점 돌파=차단, 거래량배수=0.41, 양봉=차단, RSI=차단, 1H MTF=통과"
upbit,2026-09-07T03:38:36+09:00,KRW-ONDO,516.0,74,반등 미확인,COMPLETE,2026-09-07T03:40:00+09:00,2026-09-07T05:08:36+09:00,516.0,514.0,515.0,-0.2796,-0.6661,-0.4729,"1차 퀀트 관망 대기: 하드게이트 통과, 알파스코어 74점, MA5 > MA20, RSI 53.3, %B 0.57, 저점거리 0.39%, 최근고점대비 0.39%, 반등확인 차단, 이격 안정, 1H 516.0 >= EMA20 512.0 (기준 0.998)"
upbit,2026-09-07T03:38:37+09:00,KRW-MET2,290.0,59,거래량 부족,COMPLETE,2026-09-07T03:40:00+09:00,2026-09-07T05:08:37+09:00,290.0,285.0,286.0,-0.2796,-1.9989,-1.6551,"1차 퀀트 관망 대기: 하드게이트 통과, 알파스코어 59점, MA5 <= MA20, RSI 54.5, %B 0.54, 저점거리 1.05%, 최근고점대비 0.34%, 반등확인 통과, 이격 안정, 1H 289.0 >= EMA20 281.8 (기준 0.998), 모멘텀 돌파 직전 4봉 고점 돌파=차단, 거래량배수=0.27, 양봉=통과, RSI=통과, 1H MTF=통과"
upbit,2026-09-07T03:38:37+09:00,KRW-VIRTUAL,951.0,74,복합 조건 미달,COMPLETE,2026-09-07T03:40:00+09:00,2026-09-07T05:08:37+09:00,953.0,947.0,959.0,-0.0699,-0.699,0.5593,"1차 퀀트 관망 대기: 하드게이트 통과, 알파스코어 74점, MA5 <= MA20, RSI 55.6, %B 0.51, 저점거리 0.74%, 최근고점대비 0.32%, 반등확인 통과, 이격 안정, 1H 950.0 >= EMA20 943.8 (기준 0.998)"
upbit,2026-09-07T03:38:38+09:00,KRW-JTO,621.0,54,거래량 부족,COMPLETE,2026-09-07T03:40:00+09:00,2026-09-07T05:08:38+09:00,624.0,611.0,612.0,0.2021,-1.8854,-1.7248,"1차 퀀트 관망 대기: 하드게이트 통과, 알파스코어 54점, MA5 > MA20, RSI 64.0, %B 0.74, 저점거리 1.31%, 최근고점대비 0.32%, 반등확인 통과, 이격 안정, 1H 621.0 >= EMA20 603.0 (기준 0.998), 모멘텀 돌파 직전 4봉 고점 돌파=차단, 거래량배수=0.07, 양봉=통과, RSI=통과, 1H MTF=통과"
upbit,2026-09-07T03:38:38+09:00,KRW-WLD,563.0,59,거래량 부족,COMPLETE,2026-09-07T03:40:00+09:00,2026-09-07T05:08:38+09:00,566.0,561.0,563.0,0.2518,-0.6339,-0.2796,"1차 퀀트 관망 대기: 하드게이트 차단, 알파스코어 59점, MA5 > MA20, RSI 56.2, %B 1.05, 저점거리 0.72%, 최근고점대비 0.00%, 반등확인 통과, 이격 안정, 1H 561.0 >= EMA20 554.6 (기준 0.998), 모멘텀 돌파 직전 4봉 고점 돌파=통과, 거래량배수=1.08, 양봉=통과, RSI=통과, 1H MTF=통과"
upbit,2026-09-07T03:43:31+09:00,KRW-FLOCK,99.9,62,RSI 범위 이탈,COMPLETE,2026-09-07T03:45:00+09:00,2026-09-07T05:13:31+09:00,101.0,97.1,102.0,0.8184,-3.0746,1.8166,"1차 퀀트 관망 대기: 하드게이트 차단, 알파스코어 62점, MA5 > MA20, RSI 49.5, %B 0.74, 저점거리 2.15%, 최근고점대비 2.10%, 반등확인 차단, 이격 안정, 1H 99.5 >= EMA20 96.5 (기준 0.998), 모멘텀 돌파 직전 4봉 고점 돌파=차단, 거래량배수=0.70, 양봉=차단, RSI=차단, 1H MTF=통과"
upbit,2026-09-07T03:43:31+09:00,KRW-NEAR,3271.0,49,거래량 부족,COMPLETE,2026-09-07T03:45:00+09:00,2026-09-07T05:13:31+09:00,3330.0,3270.0,3312.0,1.5191,-0.3101,0.9703,"1차 퀀트 관망 대기: 하드게이트 차단, 알파스코어 49점, MA5 <= MA20, RSI 62.0, %B 0.82, 저점거리 1.33%, 최근고점대비 0.00%, 반등확인 통과, 이격 안정, 1H 3243.0 >= EMA20 3175.9 (기준 0.998), 모멘텀 돌파 직전 4봉 고점 돌파=통과, 거래량배수=0.28, 양봉=통과, RSI=통과, 1H MTF=통과"
upbit,2026-09-07T03:43:32+09:00,KRW-PROM,7400.0,54,거래량 부족,COMPLETE,2026-09-07T03:45:00+09:00,2026-09-07T05:13:32+09:00,7570.0,7370.0,7535.0,2.0113,-0.6839,1.5396,"1차 퀀트 관망 대기: 하드게이트 차단, 알파스코어 54점, MA5 > MA20, RSI 60.6, %B 0.66, 저점거리 1.86%, 최근고점대비 0.14%, 반등확인 통과, 이격 안정, 1H 7290.0 < EMA20 7309.2 (기준 0.998), 모멘텀 돌파 직전 4봉 고점 돌파=차단, 거래량배수=0.96, 양봉=통과, RSI=통과, 1H MTF=통과"
upbit,2026-09-07T03:43:32+09:00,KRW-ZAMA,77.3,40,RSI 범위 이탈,COMPLETE,2026-09-07T03:45:00+09:00,2026-09-07T05:13:32+09:00,78.1,76.3,77.0,0.7524,-1.5697,-0.6666,"1차 퀀트 관망 대기: 하드게이트 차단, 알파스코어 40점, MA5 <= MA20, RSI 47.9, %B 0.02, 저점거리 0.26%, 최근고점대비 2.07%, 반등확인 차단, 이격 안정, 1H 78.3 >= EMA20 76.2 (기준 0.998), 모멘텀 돌파 직전 4봉 고점 돌파=차단, 거래량배수=6.79, 양봉=차단, RSI=차단, 1H MTF=통과"
upbit,2026-09-07T03:43:32+09:00,KRW-MET2,290.0,59,거래량 부족,COMPLETE,2026-09-07T03:45:00+09:00,2026-09-07T05:13:32+09:00,290.0,285.0,285.0,-0.2796,-1.9989,-1.9989,"1차 퀀트 관망 대기: 하드게이트 통과, 알파스코어 59점, MA5 <= MA20, RSI 54.5, %B 0.54, 저점거리 1.05%, 최근고점대비 0.34%, 반등확인 통과, 이격 안정, 1H 289.0 >= EMA20 281.8 (기준 0.998), 모멘텀 돌파 직전 4봉 고점 돌파=차단, 거래량배수=0.27, 양봉=통과, RSI=통과, 1H MTF=통과"
upbit,2026-09-07T03:43:33+09:00,KRW-ONDO,515.0,74,반등 미확인,COMPLETE,2026-09-07T03:45:00+09:00,2026-09-07T05:13:33+09:00,516.0,514.0,515.0,-0.086,-0.4732,-0.2796,"1차 퀀트 관망 대기: 하드게이트 통과, 알파스코어 74점, MA5 > MA20, RSI 50.0, %B 0.35, 저점거리 0.00%, 최근고점대비 0.58%, 반등확인 차단, 이격 안정, 1H 516.0 >= EMA20 512.0 (기준 0.998)"
upbit,2026-09-07T03:43:33+09:00,KRW-VIRTUAL,952.0,74,복합 조건 미달,COMPLETE,2026-09-07T03:45:00+09:00,2026-09-07T05:13:33+09:00,959.0,947.0,956.0,0.4536,-0.8033,0.1394,"1차 퀀트 관망 대기: 하드게이트 통과, 알파스코어 74점, MA5 <= MA20, RSI 47.4, %B 0.68, 저점거리 0.85%, 최근고점대비 0.00%, 반등확인 통과, 이격 안정, 1H 950.0 >= EMA20 943.8 (기준 0.998)"
upbit,2026-09-07T03:43:34+09:00,KRW-JTO,621.0,62,돌파 미확인,COMPLETE,2026-09-07T03:45:00+09:00,2026-09-07T05:13:34+09:00,621.0,611.0,617.0,-0.2796,-1.8854,-0.9219,"1차 퀀트 관망 대기: 하드게이트 통과, 알파스코어 62점, MA5 > MA20, RSI 59.1, %B 0.73, 저점거리 1.31%, 최근고점대비 0.32%, 반등확인 차단, 이격 안정, 1H 621.0 >= EMA20 603.0 (기준 0.998), 모멘텀 돌파 직전 4봉 고점 돌파=차단, 거래량배수=2.00, 양봉=차단, RSI=통과, 1H MTF=통과"
upbit,2026-09-07T03:43:34+09:00,KRW-UNI,9800.0,59,반등 미확인,COMPLETE,2026-09-07T03:45:00+09:00,2026-09-07T05:13:34+09:00,9785.0,9670.0,9735.0,-0.4322,-1.6024,-0.941,"1차 퀀트 관망 대기: 하드게이트 통과, 알파스코어 59점, MA5 > MA20, RSI 54.5, %B 0.54, 저점거리 0.46%, 최근고점대비 0.41%, 반등확인 차단, 이격 안정, 1H 9760.0 >= EMA20 9553.1 (기준 0.998)"
upbit,2026-09-07T03:43:34+09:00,KRW-LINK,16890.0,37,하드 게이트,COMPLETE,2026-09-07T03:45:00+09:00,2026-09-07T05:13:34+09:00,16920.0,16770.0,16830.0,-0.1025,-0.9881,-0.6339,"1차 퀀트 관망 대기: 하드게이트 차단, 알파스코어 37점, MA5 > MA20, RSI 89.5, %B 1.16, 저점거리 0.78%, 최근고점대비 0.18%, 반등확인 통과, 이격 안정, 1H 16790.0 >= EMA20 16655.6 (기준 0.998)"
upbit,2026-09-07T03:48:31+09:00,KRW-NEAR,3296.0,54,거래량 부족,COMPLETE,2026-09-07T03:50:00+09:00,2026-09-07T05:18:31+09:00,3330.0,3270.0,3308.0,0.7491,-1.0662,0.0835,"1차 퀀트 관망 대기: 하드게이트 차단, 알파스코어 54점, MA5 > MA20, RSI 65.6, %B 1.18, 저점거리 2.11%, 최근고점대비 0.00%, 반등확인 통과, 이격 안정, 1H 3243.0 >= EMA20 3175.9 (기준 0.998), 모멘텀 돌파 직전 4봉 고점 돌파=통과, 거래량배수=1.02, 양봉=통과, RSI=통과, 1H MTF=통과"
upbit,2026-09-07T03:48:31+09:00,KRW-PROM,7400.0,54,거래량 부족,COMPLETE,2026-09-07T03:50:00+09:00,2026-09-07T05:18:31+09:00,7570.0,7370.0,7580.0,2.0113,-0.6839,2.146,"1차 퀀트 관망 대기: 하드게이트 차단, 알파스코어 54점, MA5 > MA20, RSI 60.6, %B 0.66, 저점거리 1.86%, 최근고점대비 0.14%, 반등확인 통과, 이격 안정, 1H 7290.0 < EMA20 7309.2 (기준 0.998), 모멘텀 돌파 직전 4봉 고점 돌파=차단, 거래량배수=0.96, 양봉=통과, RSI=통과, 1H MTF=통과"
upbit,2026-09-07T03:48:32+09:00,KRW-ENS,8495.0,74,거래량 부족,COMPLETE,2026-09-07T03:50:00+09:00,2026-09-07T05:18:32+09:00,8500.0,8415.0,8475.0,-0.2209,-1.2187,-0.5144,"1차 퀀트 관망 대기: 하드게이트 차단, 알파스코어 74점, MA5 > MA20, RSI 59.1, %B 0.72, 저점거리 0.59%, 최근고점대비 0.59%, 반등확인 통과, 이격 안정, 1H 8480.0 >= EMA20 8300.6 (기준 0.998), 모멘텀 돌파 직전 4봉 고점 돌파=차단, 거래량배수=0.50, 양봉=통과, RSI=통과, 1H MTF=통과"
upbit,2026-09-07T03:48:32+09:00,KRW-MET2,290.0,59,거래량 부족,COMPLETE,2026-09-07T03:50:00+09:00,2026-09-07T05:18:32+09:00,290.0,285.0,285.0,-0.2796,-1.9989,-1.9989,"1차 퀀트 관망 대기: 하드게이트 통과, 알파스코어 59점, MA5 <= MA20, RSI 54.5, %B 0.54, 저점거리 1.05%, 최근고점대비 0.34%, 반등확인 통과, 이격 안정, 1H 289.0 >= EMA20 281.8 (기준 0.998), 모멘텀 돌파 직전 4봉 고점 돌파=차단, 거래량배수=0.27, 양봉=통과, RSI=통과, 1H MTF=통과"
upbit,2026-09-07T03:48:32+09:00,KRW-ONDO,515.0,74,복합 조건 미달,COMPLETE,2026-09-07T03:50:00+09:00,2026-09-07T05:18:32+09:00,516.0,514.0,516.0,-0.086,-0.4732,-0.086,"1차 퀀트 관망 대기: 하드게이트 통과, 알파스코어 74점, MA5 > MA20, RSI 57.1, %B 0.36, 저점거리 0.00%, 최근고점대비 0.58%, 반등확인 통과, 이격 안정, 1H 516.0 >= EMA20 512.0 (기준 0.998)"
upbit,2026-09-07T03:48:33+09:00,KRW-VIRTUAL,951.0,74,반등 미확인,COMPLETE,2026-09-07T03:50:00+09:00,2026-09-07T05:18:33+09:00,959.0,947.0,959.0,0.5593,-0.699,0.5593,"1차 퀀트 관망 대기: 하드게이트 통과, 알파스코어 74점, MA5 > MA20, RSI 45.0, %B 0.62, 저점거리 0.74%, 최근고점대비 0.11%, 반등확인 차단, 이격 안정, 1H 950.0 >= EMA20 943.8 (기준 0.998)"
upbit,2026-09-07T03:48:33+09:00,KRW-JTO,621.0,74,거래량 부족,COMPLETE,2026-09-07T03:50:00+09:00,2026-09-07T05:18:33+09:00,623.0,611.0,616.0,0.0416,-1.8854,-1.0825,"1차 퀀트 관망 대기: 하드게이트 통과, 알파스코어 74점, MA5 > MA20, RSI 61.9, %B 0.71, 저점거리 0.81%, 최근고점대비 0.48%, 반등확인 차단, 이격 안정, 1H 621.0 >= EMA20 603.0 (기준 0.998), 모멘텀 돌파 직전 4봉 고점 돌파=차단, 거래량배수=0.09, 양봉=차단, RSI=통과, 1H MTF=통과"
upbit,2026-09-07T03:48:33+09:00,KRW-WLD,564.0,54,거래량 부족,COMPLETE,2026-09-07T03:50:00+09:00,2026-09-07T05:18:33+09:00,566.0,561.0,566.0,0.074,-0.81,0.074,"1차 퀀트 관망 대기: 하드게이트 차단, 알파스코어 54점, MA5 > MA20, RSI 62.5, %B 1.14, 저점거리 0.89%, 최근고점대비 0.00%, 반등확인 통과, 이격 안정, 1H 561.0 >= EMA20 554.6 (기준 0.998), 모멘텀 돌파 직전 4봉 고점 돌파=통과, 거래량배수=0.40, 양봉=통과, RSI=통과, 1H MTF=통과"
upbit,2026-09-07T03:48:34+09:00,KRW-UNI,9715.0,47,반등 미확인,COMPLETE,2026-09-07T03:50:00+09:00,2026-09-07T05:18:34+09:00,9785.0,9670.0,9755.0,0.4389,-0.7415,0.131,"1차 퀀트 관망 대기: 하드게이트 차단, 알파스코어 47점, MA5 <= MA20, RSI 45.6, %B -0.15, 저점거리 0.05%, 최근고점대비 1.29%, 반등확인 차단, 이격 안정, 1H 9760.0 >= EMA20 9553.1 (기준 0.998)"
upbit,2026-09-07T03:48:34+09:00,KRW-LINK,16900.0,40,하드 게이트,COMPLETE,2026-09-07T03:50:00+09:00,2026-09-07T05:18:34+09:00,16920.0,16770.0,16920.0,-0.1616,-1.0467,-0.1616,"1차 퀀트 관망 대기: 하드게이트 차단, 알파스코어 40점, MA5 > MA20, RSI 88.9, %B 1.08, 저점거리 0.84%, 최근고점대비 0.12%, 반등확인 통과, 이격 안정, 1H 16790.0 >= EMA20 16655.6 (기준 0.998)"
upbit,2026-09-07T03:53:41+09:00,KRW-FLOCK,100.0,67,거래량 부족,COMPLETE,2026-09-07T03:55:00+09:00,2026-09-07T05:23:41+09:00,102.0,97.1,100.0,1.7148,-3.1715,-0.2796,"1차 퀀트 관망 대기: 하드게이트 통과, 알파스코어 67점, MA5 > MA20, RSI 56.8, %B 0.72, 저점거리 2.15%, 최근고점대비 2.00%, 반등확인 통과, 이격 안정, 1H 99.5 >= EMA20 96.5 (기준 0.998), 모멘텀 돌파 직전 4봉 고점 돌파=차단, 거래량배수=0.50, 양봉=통과, RSI=통과, 1H MTF=통과"
upbit,2026-09-07T03:53:41+09:00,KRW-NEAR,3280.0,62,돌파 미확인,COMPLETE,2026-09-07T03:55:00+09:00,2026-09-07T05:23:41+09:00,3330.0,3270.0,3287.0,1.2405,-0.5836,-0.0668,"1차 퀀트 관망 대기: 하드게이트 차단, 알파스코어 62점, MA5 > MA20, RSI 55.6, %B 0.89, 저점거리 1.61%, 최근고점대비 0.49%, 반등확인 차단, 이격 안정, 1H 3243.0 >= EMA20 3175.9 (기준 0.998), 모멘텀 돌파 직전 4봉 고점 돌파=차단, 거래량배수=1.59, 양봉=차단, RSI=통과, 1H MTF=통과"
upbit,2026-09-07T03:53:42+09:00,KRW-ZAMA,77.7,47,RSI 범위 이탈,COMPLETE,2026-09-07T03:55:00+09:00,2026-09-07T05:23:42+09:00,78.1,76.3,76.9,0.2338,-2.0764,-1.3063,"1차 퀀트 관망 대기: 하드게이트 차단, 알파스코어 47점, MA5 <= MA20, RSI 39.5, %B 0.31, 저점거리 0.78%, 최근고점대비 1.54%, 반등확인 통과, 이격 안정, 1H 78.3 >= EMA20 76.2 (기준 0.998), 모멘텀 돌파 직전 4봉 고점 돌파=차단, 거래량배수=0.44, 양봉=통과, RSI=차단, 1H MTF=통과"
upbit,2026-09-07T03:53:42+09:00,KRW-PROM,7375.0,54,거래량 부족,COMPLETE,2026-09-07T03:55:00+09:00,2026-09-07T05:23:42+09:00,7580.0,7370.0,7585.0,2.4923,-0.3472,2.5599,"1차 퀀트 관망 대기: 하드게이트 차단, 알파스코어 54점, MA5 > MA20, RSI 52.9, %B 0.57, 저점거리 1.51%, 최근고점대비 0.47%, 반등확인 차단, 이격 안정, 1H 7290.0 < EMA20 7309.2 (기준 0.998), 모멘텀 돌파 직전 4봉 고점 돌파=차단, 거래량배수=0.58, 양봉=차단, RSI=통과, 1H MTF=통과"
upbit,2026-09-07T03:53:43+09:00,KRW-ONDO,515.0,74,복합 조건 미달,COMPLETE,2026-09-07T03:55:00+09:00,2026-09-07T05:23:43+09:00,516.0,514.0,515.0,-0.086,-0.4732,-0.2796,"1차 퀀트 관망 대기: 하드게이트 통과, 알파스코어 74점, MA5 <= MA20, RSI 45.5, %B 0.36, 저점거리 0.00%, 최근고점대비 0.39%, 반등확인 통과, 이격 안정, 1H 516.0 >= EMA20 512.0 (기준 0.998)"
upbit,2026-09-07T03:53:43+09:00,KRW-JTO,621.0,69,거래량 부족,COMPLETE,2026-09-07T03:55:00+09:00,2026-09-07T05:23:43+09:00,623.0,611.0,618.0,0.0416,-1.8854,-0.7613,"1차 퀀트 관망 대기: 하드게이트 통과, 알파스코어 69점, MA5 > MA20, RSI 65.0, %B 0.69, 저점거리 0.81%, 최근고점대비 0.48%, 반등확인 통과, 이격 안정, 1H 621.0 >= EMA20 603.0 (기준 0.998), 모멘텀 돌파 직전 4봉 고점 돌파=차단, 거래량배수=0.08, 양봉=통과, RSI=통과, 1H MTF=통과"
upbit,2026-09-07T03:53:43+09:00,KRW-UNI,9745.0,39,반등 미확인,COMPLETE,2026-09-07T03:55:00+09:00,2026-09-07T05:23:43+09:00,9785.0,9670.0,9735.0,0.1297,-1.0471,-0.3819,"1차 퀀트 관망 대기: 하드게이트 차단, 알파스코어 39점, MA5 <= MA20, RSI 36.8, %B 0.14, 저점거리 0.36%, 최근고점대비 0.97%, 반등확인 차단, 이격 안정, 1H 9760.0 >= EMA20 9553.1 (기준 0.998)"
upbit,2026-09-07T03:53:44+09:00,KRW-VIRTUAL,951.0,74,반등 미확인,COMPLETE,2026-09-07T03:55:00+09:00,2026-09-07T05:23:44+09:00,959.0,947.0,960.0,0.5593,-0.699,0.6641,"1차 퀀트 관망 대기: 하드게이트 통과, 알파스코어 74점, MA5 > MA20, RSI 45.0, %B 0.62, 저점거리 0.74%, 최근고점대비 0.11%, 반등확인 차단, 이격 안정, 1H 950.0 >= EMA20 943.8 (기준 0.998)"
upbit,2026-09-07T03:53:44+09:00,KRW-LINK,16920.0,40,하드 게이트,COMPLETE,2026-09-07T03:55:00+09:00,2026-09-07T05:23:44+09:00,16920.0,16770.0,16920.0,-0.2796,-1.1637,-0.2796,"1차 퀀트 관망 대기: 하드게이트 차단, 알파스코어 40점, MA5 > MA20, RSI 88.9, %B 1.07, 저점거리 0.95%, 최근고점대비 0.00%, 반등확인 통과, 이격 안정, 1H 16790.0 >= EMA20 16655.6 (기준 0.998)"
upbit,2026-09-07T03:53:45+09:00,KRW-ENS,8495.0,74,거래량 부족,COMPLETE,2026-09-07T03:55:00+09:00,2026-09-07T05:23:45+09:00,8500.0,8415.0,8485.0,-0.2209,-1.2187,-0.397,"1차 퀀트 관망 대기: 하드게이트 차단, 알파스코어 74점, MA5 > MA20, RSI 59.1, %B 0.72, 저점거리 0.59%, 최근고점대비 0.59%, 반등확인 통과, 이격 안정, 1H 8480.0 >= EMA20 8300.6 (기준 0.998), 모멘텀 돌파 직전 4봉 고점 돌파=차단, 거래량배수=0.50, 양봉=통과, RSI=통과, 1H MTF=통과"
upbit,2026-09-07T03:58:30+09:00,KRW-FLOCK,99.4,67,거래량 부족,COMPLETE,2026-09-07T04:00:00+09:00,2026-09-07T05:28:30+09:00,102.0,97.1,101.0,2.3288,-2.587,1.3255,"1차 퀀트 관망 대기: 하드게이트 통과, 알파스코어 67점, MA5 > MA20, RSI 55.6, %B 0.56, 저점거리 0.91%, 최근고점대비 2.62%, 반등확인 차단, 이격 안정, 1H 99.5 >= EMA20 96.5 (기준 0.998), 모멘텀 돌파 직전 4봉 고점 돌파=차단, 거래량배수=0.26, 양봉=차단, RSI=통과, 1H MTF=통과"
upbit,2026-09-07T03:58:30+09:00,KRW-NEAR,3288.0,64,거래량 부족,COMPLETE,2026-09-07T04:00:00+09:00,2026-09-07T05:28:30+09:00,3330.0,3270.0,3287.0,0.9942,-0.8255,-0.3099,"1차 퀀트 관망 대기: 하드게이트 차단, 알파스코어 64점, MA5 > MA20, RSI 61.6, %B 0.97, 저점거리 1.61%, 최근고점대비 0.27%, 반등확인 통과, 이격 안정, 1H 3243.0 >= EMA20 3175.9 (기준 0.998), 모멘텀 돌파 직전 4봉 고점 돌파=차단, 거래량배수=0.38, 양봉=통과, RSI=통과, 1H MTF=통과"
upbit,2026-09-07T03:58:31+09:00,KRW-ZAMA,77.9,52,RSI 범위 이탈,COMPLETE,2026-09-07T04:00:00+09:00,2026-09-07T05:28:31+09:00,78.1,76.3,76.7,-0.0236,-2.3278,-1.8157,"1차 퀀트 관망 대기: 하드게이트 통과, 알파스코어 52점, MA5 <= MA20, RSI 48.7, %B 0.48, 저점거리 1.04%, 최근고점대비 0.64%, 반등확인 통과, 이격 안정, 1H 78.3 >= EMA20 76.2 (기준 0.998), 모멘텀 돌파 직전 4봉 고점 돌파=차단, 거래량배수=0.19, 양봉=통과, RSI=차단, 1H MTF=통과"
upbit,2026-09-07T03:58:31+09:00,KRW-PROM,7395.0,69,거래량 부족,COMPLETE,2026-09-07T04:00:00+09:00,2026-09-07T05:28:31+09:00,7600.0,7370.0,7545.0,2.4848,-0.6167,1.7431,"1차 퀀트 관망 대기: 하드게이트 차단, 알파스코어 69점, MA5 > MA20, RSI 57.8, %B 0.69, 저점거리 1.44%, 최근고점대비 0.20%, 반등확인 통과, 이격 안정, 1H 7290.0 < EMA20 7309.2 (기준 0.998), 모멘텀 돌파 직전 4봉 고점 돌파=차단, 거래량배수=0.95, 양봉=통과, RSI=통과, 1H MTF=통과"
upbit,2026-09-07T03:58:32+09:00,KRW-ONDO,515.0,80,하드 게이트,COMPLETE,2026-09-07T04:00:00+09:00,2026-09-07T05:28:32+09:00,516.0,514.0,517.0,-0.086,-0.4732,0.1077,"1차 퀀트 관망 대기: 하드게이트 차단, 알파스코어 80점, MA5 <= MA20, RSI 40.0, %B 0.36, 저점거리 0.00%, 최근고점대비 0.39%, 반등확인 통과, 이격 안정, 1H 516.0 >= EMA20 512.0 (기준 0.998)"
upbit,2026-09-07T03:58:32+09:00,KRW-JTO,621.0,74,거래량 부족,COMPLETE,2026-09-07T04:00:00+09:00,2026-09-07T05:28:32+09:00,623.0,611.0,617.0,0.0416,-1.8854,-0.9219,"1차 퀀트 관망 대기: 하드게이트 통과, 알파스코어 74점, MA5 > MA20, RSI 56.2, %B 0.67, 저점거리 0.81%, 최근고점대비 0.48%, 반등확인 통과, 이격 안정, 1H 621.0 >= EMA20 603.0 (기준 0.998), 모멘텀 돌파 직전 4봉 고점 돌파=차단, 거래량배수=0.28, 양봉=통과, RSI=통과, 1H MTF=통과"
upbit,2026-09-07T03:58:32+09:00,KRW-WLD,563.0,59,거래량 부족,COMPLETE,2026-09-07T04:00:00+09:00,2026-09-07T05:28:32+09:00,566.0,561.0,564.0,0.2518,-0.6339,-0.1025,"1차 퀀트 관망 대기: 하드게이트 차단, 알파스코어 59점, MA5 > MA20, RSI 57.1, %B 0.85, 저점거리 0.72%, 최근고점대비 0.18%, 반등확인 통과, 이격 안정, 1H 561.0 >= EMA20 554.6 (기준 0.998), 모멘텀 돌파 직전 4봉 고점 돌파=차단, 거래량배수=0.45, 양봉=통과, RSI=통과, 1H MTF=통과"
upbit,2026-09-07T03:58:33+09:00,KRW-UNI,9755.0,62,반등 미확인,COMPLETE,2026-09-07T04:00:00+09:00,2026-09-07T05:28:33+09:00,9760.0,9670.0,9730.0,-0.2285,-1.1485,-0.5352,"1차 퀀트 관망 대기: 하드게이트 통과, 알파스코어 62점, MA5 <= MA20, RSI 44.3, %B 0.26, 저점거리 0.46%, 최근고점대비 0.87%, 반등확인 차단, 이격 안정, 1H 9760.0 >= EMA20 9553.1 (기준 0.998)"
upbit,2026-09-07T03:58:33+09:00,KRW-VIRTUAL,952.0,64,하드 게이트,COMPLETE,2026-09-07T04:00:00+09:00,2026-09-07T05:28:33+09:00,960.0,947.0,961.0,0.5584,-0.8033,0.6631,"1차 퀀트 관망 대기: 하드게이트 차단, 알파스코어 64점, MA5 > MA20, RSI 62.5, %B 0.76, 저점거리 0.53%, 최근고점대비 0.00%, 반등확인 통과, 이격 안정, 1H 950.0 >= EMA20 943.8 (기준 0.998)"
upbit,2026-09-07T03:58:34+09:00,KRW-LINK,16860.0,57,반등 미확인,COMPLETE,2026-09-07T04:00:00+09:00,2026-09-07T05:28:34+09:00,16930.0,16770.0,17020.0,0.1344,-0.8119,0.6667,"1차 퀀트 관망 대기: 하드게이트 차단, 알파스코어 57점, MA5 > MA20, RSI 66.7, %B 0.75, 저점거리 0.60%, 최근고점대비 0.36%, 반등확인 차단, 이격 안정, 1H 16790.0 >= EMA20 16655.6 (기준 0.998)"
upbit,2026-09-07T04:03:31+09:00,KRW-FLOCK,99.2,67,거래량 부족,COMPLETE,2026-09-07T04:05:00+09:00,2026-09-07T05:33:31+09:00,102.0,97.1,100.0,2.5351,-2.3906,0.5246,"1차 퀀트 관망 대기: 하드게이트 통과, 알파스코어 67점, MA5 > MA20, RSI 56.8, %B 0.48, 저점거리 0.71%, 최근고점대비 2.82%, 반등확인 차단, 이격 안정, 1H 99.2 >= EMA20 96.7 (기준 0.998), 모멘텀 돌파 직전 4봉 고점 돌파=차단, 거래량배수=0.12, 양봉=차단, RSI=통과, 1H MTF=통과"
upbit,2026-09-07T04:03:31+09:00,KRW-NEAR,3311.0,44,거래량 부족,COMPLETE,2026-09-07T04:05:00+09:00,2026-09-07T05:33:31+09:00,3330.0,3270.0,3288.0,0.2926,-1.5144,-0.9723,"1차 퀀트 관망 대기: 하드게이트 차단, 알파스코어 44점, MA5 > MA20, RSI 71.0, %B 1.14, 저점거리 2.32%, 최근고점대비 0.03%, 반등확인 통과, 이격 안정, 1H 3311.0 >= EMA20 3189.5 (기준 0.998), 모멘텀 돌파 직전 4봉 고점 돌파=통과, 거래량배수=1.14, 양봉=통과, RSI=통과, 1H MTF=통과"
upbit,2026-09-07T04:03:32+09:00,KRW-ZAMA,77.9,52,RSI 범위 이탈,COMPLETE,2026-09-07T04:05:00+09:00,2026-09-07T05:33:32+09:00,77.8,76.3,76.8,-0.4076,-2.3278,-1.6877,"1차 퀀트 관망 대기: 하드게이트 통과, 알파스코어 52점, MA5 <= MA20, RSI 48.7, %B 0.47, 저점거리 1.04%, 최근고점대비 0.64%, 반등확인 차단, 이격 안정, 1H 77.9 >= EMA20 76.4 (기준 0.998), 모멘텀 돌파 직전 4봉 고점 돌파=차단, 거래량배수=0.72, 양봉=차단, RSI=차단, 1H MTF=통과"
upbit,2026-09-07T04:03:32+09:00,KRW-PROM,7370.0,54,거래량 부족,COMPLETE,2026-09-07T04:05:00+09:00,2026-09-07T05:33:32+09:00,7600.0,7370.0,7565.0,2.8324,-0.2796,2.3589,"1차 퀀트 관망 대기: 하드게이트 차단, 알파스코어 54점, MA5 > MA20, RSI 65.1, %B 0.58, 저점거리 1.10%, 최근고점대비 0.54%, 반등확인 차단, 이격 안정, 1H 7370.0 >= EMA20 7314.5 (기준 0.998), 모멘텀 돌파 직전 4봉 고점 돌파=차단, 거래량배수=0.85, 양봉=차단, RSI=통과, 1H MTF=통과"
upbit,2026-09-07T04:03:33+09:00,KRW-ONDO,515.0,74,하드 게이트,COMPLETE,2026-09-07T04:05:00+09:00,2026-09-07T05:33:33+09:00,517.0,514.0,517.0,0.1077,-0.4732,0.1077,"1차 퀀트 관망 대기: 하드게이트 차단, 알파스코어 74점, MA5 <= MA20, RSI 40.0, %B 0.34, 저점거리 0.00%, 최근고점대비 0.39%, 반등확인 통과, 이격 안정, 1H 515.0 >= EMA20 512.3 (기준 0.998)"
upbit,2026-09-07T04:03:33+09:00,KRW-JTO,620.0,74,거래량 부족,COMPLETE,2026-09-07T04:05:00+09:00,2026-09-07T05:33:33+09:00,623.0,611.0,620.0,0.2029,-1.7272,-0.2796,"1차 퀀트 관망 대기: 하드게이트 통과, 알파스코어 74점, MA5 > MA20, RSI 52.9, %B 0.57, 저점거리 0.32%, 최근고점대비 0.65%, 반등확인 통과, 이격 안정, 1H 620.0 >= EMA20 604.6 (기준 0.998), 모멘텀 돌파 직전 4봉 고점 돌파=차단, 거래량배수=0.05, 양봉=통과, RSI=통과, 1H MTF=통과"
upbit,2026-09-07T04:03:34+09:00,KRW-WLD,563.0,59,거래량 부족,COMPLETE,2026-09-07T04:05:00+09:00,2026-09-07T05:33:34+09:00,566.0,561.0,563.0,0.2518,-0.6339,-0.2796,"1차 퀀트 관망 대기: 하드게이트 차단, 알파스코어 59점, MA5 > MA20, RSI 61.5, %B 0.82, 저점거리 0.72%, 최근고점대비 0.18%, 반등확인 통과, 이격 안정, 1H 563.0 >= EMA20 555.4 (기준 0.998), 모멘텀 돌파 직전 4봉 고점 돌파=차단, 거래량배수=0.23, 양봉=통과, RSI=통과, 1H MTF=통과"
upbit,2026-09-07T04:03:34+09:00,KRW-JUP,366.0,57,거래량 부족,COMPLETE,2026-09-07T04:05:00+09:00,2026-09-07T05:33:34+09:00,364.0,357.0,362.0,-0.8245,-2.7317,-1.3694,"1차 퀀트 관망 대기: 하드게이트 차단, 알파스코어 57점, MA5 > MA20, RSI 64.7, %B 0.78, 저점거리 1.95%, 최근고점대비 0.00%, 반등확인 통과, 이격 안정, 1H 366.0 >= EMA20 344.8 (기준 0.998), 모멘텀 돌파 직전 4봉 고점 돌파=차단, 거래량배수=0.01, 양봉=통과, RSI=통과, 1H MTF=통과"
upbit,2026-09-07T04:03:35+09:00,KRW-VIRTUAL,952.0,64,하드 게이트,COMPLETE,2026-09-07T04:05:00+09:00,2026-09-07T05:33:35+09:00,961.0,947.0,961.0,0.6631,-0.8033,0.6631,"1차 퀀트 관망 대기: 하드게이트 차단, 알파스코어 64점, MA5 > MA20, RSI 62.5, %B 0.76, 저점거리 0.53%, 최근고점대비 0.00%, 반등확인 통과, 이격 안정, 1H 950.0 >= EMA20 943.8 (기준 0.998)"
upbit,2026-09-07T04:03:35+09:00,KRW-UNI,9785.0,44,복합 조건 미달,COMPLETE,2026-09-07T04:05:00+09:00,2026-09-07T05:33:35+09:00,9760.0,9670.0,9730.0,-0.5344,-1.4516,-0.8401,"1차 퀀트 관망 대기: 하드게이트 통과, 알파스코어 44점, MA5 <= MA20, RSI 47.7, %B 0.54, 저점거리 0.77%, 최근고점대비 0.56%, 반등확인 통과, 이격 안정, 1H 9785.0 >= EMA20 9575.3 (기준 0.998)"
upbit,2026-09-07T04:08:30+09:00,KRW-FLOCK,98.7,47,RSI 범위 이탈,COMPLETE,2026-09-07T04:10:00+09:00,2026-09-07T05:38:30+09:00,102.0,97.1,100.0,3.0545,-1.8961,1.0338,"1차 퀀트 관망 대기: 하드게이트 차단, 알파스코어 47점, MA5 <= MA20, RSI 41.1, %B 0.25, 저점거리 0.20%, 최근고점대비 3.34%, 반등확인 차단, 이격 안정, 1H 99.2 >= EMA20 96.7 (기준 0.998), 모멘텀 돌파 직전 4봉 고점 돌파=차단, 거래량배수=0.40, 양봉=차단, RSI=차단, 1H MTF=통과"
upbit,2026-09-07T04:08:30+09:00,KRW-NEAR,3293.0,47,RSI 범위 이탈,COMPLETE,2026-09-07T04:10:00+09:00,2026-09-07T05:38:30+09:00,3330.0,3270.0,3283.0,0.8408,-0.9761,-0.5824,"1차 퀀트 관망 대기: 하드게이트 차단, 알파스코어 47점, MA5 > MA20, RSI 72.4, %B 0.87, 저점거리 1.76%, 최근고점대비 0.67%, 반등확인 차단, 이격 안정, 1H 3311.0 >= EMA20 3189.5 (기준 0.998), 모멘텀 돌파 직전 4봉 고점 돌파=차단, 거래량배수=3.21, 양봉=차단, RSI=차단, 1H MTF=통과"
upbit,2026-09-07T04:08:31+09:00,KRW-ZAMA,77.9,67,RSI 범위 이탈,COMPLETE,2026-09-07T04:10:00+09:00,2026-09-07T05:38:31+09:00,77.7,76.3,76.7,-0.5356,-2.3278,-1.8157,"1차 퀀트 관망 대기: 하드게이트 통과, 알파스코어 67점, MA5 <= MA20, RSI 42.9, %B 0.47, 저점거리 1.04%, 최근고점대비 0.39%, 반등확인 차단, 이격 안정, 1H 77.9 >= EMA20 76.4 (기준 0.998), 모멘텀 돌파 직전 4봉 고점 돌파=차단, 거래량배수=0.57, 양봉=차단, RSI=차단, 1H MTF=통과"
upbit,2026-09-07T04:08:31+09:00,KRW-PROM,7390.0,64,거래량 부족,COMPLETE,2026-09-07T04:10:00+09:00,2026-09-07T05:38:31+09:00,7600.0,7390.0,7565.0,2.5541,-0.2796,2.0818,"1차 퀀트 관망 대기: 하드게이트 차단, 알파스코어 64점, MA5 > MA20, RSI 65.6, %B 0.73, 저점거리 1.37%, 최근고점대비 0.27%, 반등확인 통과, 이격 안정, 1H 7370.0 >= EMA20 7314.5 (기준 0.998), 모멘텀 돌파 직전 4봉 고점 돌파=차단, 거래량배수=0.00, 양봉=통과, RSI=통과, 1H MTF=통과"
upbit,2026-09-07T04:08:32+09:00,KRW-ONDO,515.0,74,하드 게이트,COMPLETE,2026-09-07T04:10:00+09:00,2026-09-07T05:38:32+09:00,517.0,514.0,516.0,0.1077,-0.4732,-0.086,"1차 퀀트 관망 대기: 하드게이트 차단, 알파스코어 74점, MA5 <= MA20, RSI 50.0, %B 0.34, 저점거리 0.00%, 최근고점대비 0.39%, 반등확인 통과, 이격 안정, 1H 515.0 >= EMA20 512.3 (기준 0.998)"
upbit,2026-09-07T04:08:32+09:00,KRW-JTO,618.0,77,RSI 범위 이탈,COMPLETE,2026-09-07T04:10:00+09:00,2026-09-07T05:38:32+09:00,623.0,611.0,621.0,0.5272,-1.4091,0.2045,"1차 퀀트 관망 대기: 하드게이트 통과, 알파스코어 77점, MA5 > MA20, RSI 44.4, %B 0.32, 저점거리 0.00%, 최근고점대비 0.97%, 반등확인 차단, 이격 안정, 1H 620.0 >= EMA20 604.6 (기준 0.998), 모멘텀 돌파 직전 4봉 고점 돌파=차단, 거래량배수=1.34, 양봉=차단, RSI=차단, 1H MTF=통과"
upbit,2026-09-07T04:08:33+09:00,KRW-JUP,365.0,67,거래량 부족,COMPLETE,2026-09-07T04:10:00+09:00,2026-09-07T05:38:33+09:00,364.0,357.0,363.0,-0.5528,-2.4653,-0.826,"1차 퀀트 관망 대기: 하드게이트 통과, 알파스코어 67점, MA5 > MA20, RSI 58.8, %B 0.65, 저점거리 0.83%, 최근고점대비 0.27%, 반등확인 차단, 이격 안정, 1H 366.0 >= EMA20 344.8 (기준 0.998), 모멘텀 돌파 직전 4봉 고점 돌파=차단, 거래량배수=0.08, 양봉=차단, RSI=통과, 1H MTF=통과"
upbit,2026-09-07T04:08:33+09:00,KRW-UNI,9725.0,44,반등 미확인,COMPLETE,2026-09-07T04:10:00+09:00,2026-09-07T05:38:33+09:00,9760.0,9670.0,9705.0,0.0793,-0.8436,-0.4847,"1차 퀀트 관망 대기: 하드게이트 차단, 알파스코어 44점, MA5 <= MA20, RSI 44.9, %B 0.05, 저점거리 0.15%, 최근고점대비 1.18%, 반등확인 차단, 이격 안정, 1H 9785.0 >= EMA20 9575.3 (기준 0.998)"
upbit,2026-09-07T04:08:34+09:00,KRW-VIRTUAL,951.0,69,복합 조건 미달,COMPLETE,2026-09-07T04:10:00+09:00,2026-09-07T05:38:34+09:00,961.0,947.0,960.0,0.769,-0.699,0.6641,"1차 퀀트 관망 대기: 하드게이트 통과, 알파스코어 69점, MA5 > MA20, RSI 62.5, %B 0.66, 저점거리 0.42%, 최근고점대비 0.11%, 반등확인 통과, 이격 안정, 1H 951.0 >= EMA20 944.5 (기준 0.998)"
upbit,2026-09-07T04:08:34+09:00,KRW-LINK,16840.0,74,반등 미확인,COMPLETE,2026-09-07T04:10:00+09:00,2026-09-07T05:38:34+09:00,17240.0,16770.0,17420.0,2.089,-0.6941,3.1549,"1차 퀀트 관망 대기: 하드게이트 통과, 알파스코어 74점, MA5 > MA20, RSI 61.5, %B 0.61, 저점거리 0.48%, 최근고점대비 0.48%, 반등확인 차단, 이격 안정, 1H 16860.0 >= EMA20 16674.9 (기준 0.998)"
upbit,2026-09-07T04:13:35+09:00,KRW-FLOCK,98.8,67,RSI 범위 이탈,COMPLETE,2026-09-07T04:15:00+09:00,2026-09-07T05:43:35+09:00,102.0,97.1,101.0,2.9502,-1.9954,1.9409,"1차 퀀트 관망 대기: 하드게이트 통과, 알파스코어 67점, MA5 <= MA20, RSI 44.9, %B 0.31, 저점거리 0.30%, 최근고점대비 3.24%, 반등확인 통과, 이격 안정, 1H 99.2 >= EMA20 96.7 (기준 0.998), 모멘텀 돌파 직전 4봉 고점 돌파=차단, 거래량배수=0.33, 양봉=통과, RSI=차단, 1H MTF=통과"
upbit,2026-09-07T04:13:35+09:00,KRW-JUP,363.0,55,돌파 미확인,COMPLETE,2026-09-07T04:15:00+09:00,2026-09-07T05:43:35+09:00,364.0,357.0,359.0,-0.0049,-1.9279,-1.3785,"1차 퀀트 관망 대기: 하드게이트 통과, 알파스코어 55점, MA5 > MA20, RSI 55.6, %B 0.38, 저점거리 0.00%, 최근고점대비 0.83%, 반등확인 차단, 이격 안정, 1H 366.0 >= EMA20 344.8 (기준 0.998), 모멘텀 돌파 직전 4봉 고점 돌파=차단, 거래량배수=7.34, 양봉=차단, RSI=통과, 1H MTF=통과"
upbit,2026-09-07T04:13:35+09:00,KRW-NEAR,3290.0,44,거래량 부족,COMPLETE,2026-09-07T04:15:00+09:00,2026-09-07T05:43:35+09:00,3330.0,3270.0,3290.0,0.9328,-0.8858,-0.2796,"1차 퀀트 관망 대기: 하드게이트 차단, 알파스코어 44점, MA5 > MA20, RSI 67.7, %B 0.81, 저점거리 1.67%, 최근고점대비 0.76%, 반등확인 차단, 이격 안정, 1H 3311.0 >= EMA20 3189.5 (기준 0.998), 모멘텀 돌파 직전 4봉 고점 돌파=차단, 거래량배수=0.18, 양봉=차단, RSI=통과, 1H MTF=통과"
upbit,2026-09-07T04:13:36+09:00,KRW-PROM,7405.0,47,거래량 부족,COMPLETE,2026-09-07T04:15:00+09:00,2026-09-07T05:43:36+09:00,7600.0,7390.0,7525.0,2.3464,-0.4816,1.3364,"1차 퀀트 관망 대기: 하드게이트 차단, 알파스코어 47점, MA5 > MA20, RSI 66.7, %B 0.82, 저점거리 1.16%, 최근고점대비 0.07%, 반등확인 통과, 이격 안정, 1H 7370.0 >= EMA20 7314.5 (기준 0.998), 모멘텀 돌파 직전 4봉 고점 돌파=통과, 거래량배수=1.29, 양봉=통과, RSI=통과, 1H MTF=통과"
upbit,2026-09-07T04:13:36+09:00,KRW-ZAMA,77.5,35,RSI 범위 이탈,COMPLETE,2026-09-07T04:15:00+09:00,2026-09-07T05:43:36+09:00,77.7,76.3,76.8,-0.0223,-1.8237,-1.1803,"1차 퀀트 관망 대기: 하드게이트 차단, 알파스코어 35점, MA5 <= MA20, RSI 39.5, %B 0.15, 저점거리 0.52%, 최근고점대비 0.90%, 반등확인 차단, 이격 안정, 1H 77.9 >= EMA20 76.4 (기준 0.998), 모멘텀 돌파 직전 4봉 고점 돌파=차단, 거래량배수=1.23, 양봉=차단, RSI=차단, 1H MTF=통과"
upbit,2026-09-07T04:13:36+09:00,KRW-ONDO,515.0,74,복합 조건 미달,COMPLETE,2026-09-07T04:15:00+09:00,2026-09-07T05:43:36+09:00,517.0,514.0,516.0,0.1077,-0.4732,-0.086,"1차 퀀트 관망 대기: 하드게이트 통과, 알파스코어 74점, MA5 <= MA20, RSI 42.9, %B 0.34, 저점거리 0.19%, 최근고점대비 0.39%, 반등확인 통과, 이격 안정, 1H 515.0 >= EMA20 512.3 (기준 0.998)"
upbit,2026-09-07T04:13:37+09:00,KRW-VIRTUAL,951.0,69,복합 조건 미달,COMPLETE,2026-09-07T04:15:00+09:00,2026-09-07T05:43:37+09:00,961.0,947.0,961.0,0.769,-0.699,0.769,"1차 퀀트 관망 대기: 하드게이트 통과, 알파스코어 69점, MA5 > MA20, RSI 62.5, %B 0.65, 저점거리 0.32%, 최근고점대비 0.11%, 반등확인 통과, 이격 안정, 1H 951.0 >= EMA20 944.5 (기준 0.998)"
upbit,2026-09-07T04:13:37+09:00,KRW-UNI,9725.0,44,하드 게이트,COMPLETE,2026-09-07T04:15:00+09:00,2026-09-07T05:43:37+09:00,9760.0,9670.0,9695.0,0.0793,-0.8436,-0.5872,"1차 퀀트 관망 대기: 하드게이트 차단, 알파스코어 44점, MA5 <= MA20, RSI 44.9, %B 0.10, 저점거리 0.15%, 최근고점대비 1.18%, 반등확인 통과, 이격 안정, 1H 9785.0 >= EMA20 9575.3 (기준 0.998)"
upbit,2026-09-07T04:13:38+09:00,KRW-WLD,563.0,69,거래량 부족,COMPLETE,2026-09-07T04:15:00+09:00,2026-09-07T05:43:38+09:00,566.0,561.0,563.0,0.2518,-0.6339,-0.2796,"1차 퀀트 관망 대기: 하드게이트 차단, 알파스코어 69점, MA5 > MA20, RSI 60.0, %B 0.77, 저점거리 0.72%, 최근고점대비 0.18%, 반등확인 통과, 이격 안정, 1H 563.0 >= EMA20 555.4 (기준 0.998), 모멘텀 돌파 직전 4봉 고점 돌파=차단, 거래량배수=0.01, 양봉=통과, RSI=통과, 1H MTF=통과"
upbit,2026-09-07T04:13:38+09:00,KRW-JTO,615.0,47,RSI 범위 이탈,COMPLETE,2026-09-07T04:15:00+09:00,2026-09-07T05:43:38+09:00,624.0,611.0,630.0,1.1797,-0.9282,2.1526,"1차 퀀트 관망 대기: 하드게이트 차단, 알파스코어 47점, MA5 <= MA20, RSI 42.1, %B 0.00, 저점거리 0.00%, 최근고점대비 1.46%, 반등확인 차단, 이격 안정, 1H 620.0 >= EMA20 604.6 (기준 0.998), 모멘텀 돌파 직전 4봉 고점 돌파=차단, 거래량배수=2.06, 양봉=차단, RSI=차단, 1H MTF=통과"
upbit,2026-09-07T04:18:30+09:00,KRW-FLOCK,98.9,52,RSI 범위 이탈,COMPLETE,2026-09-07T04:20:00+09:00,2026-09-07T05:48:30+09:00,102.0,97.1,102.0,2.8461,-2.0945,2.8461,"1차 퀀트 관망 대기: 하드게이트 통과, 알파스코어 52점, MA5 <= MA20, RSI 50.8, %B 0.35, 저점거리 0.41%, 최근고점대비 3.13%, 반등확인 통과, 이격 안정, 1H 99.2 >= EMA20 96.7 (기준 0.998), 모멘텀 돌파 직전 4봉 고점 돌파=차단, 거래량배수=0.53, 양봉=통과, RSI=차단, 1H MTF=통과"
upbit,2026-09-07T04:18:30+09:00,KRW-JUP,363.0,58,RSI 범위 이탈,COMPLETE,2026-09-07T04:20:00+09:00,2026-09-07T05:48:30+09:00,364.0,357.0,358.0,-0.0049,-1.9279,-1.6532,"1차 퀀트 관망 대기: 하드게이트 통과, 알파스코어 58점, MA5 > MA20, RSI 46.7, %B 0.38, 저점거리 0.55%, 최근고점대비 0.83%, 반등확인 통과, 이격 안정, 1H 366.0 >= EMA20 344.8 (기준 0.998), 모멘텀 돌파 직전 4봉 고점 돌파=차단, 거래량배수=5.69, 양봉=통과, RSI=차단, 1H MTF=통과"
upbit,2026-09-07T04:18:31+09:00,KRW-NEAR,3272.0,74,거래량 부족,COMPLETE,2026-09-07T04:20:00+09:00,2026-09-07T05:48:31+09:00,3330.0,3276.0,3274.0,1.4881,-0.1577,-0.2187,"1차 퀀트 관망 대기: 하드게이트 통과, 알파스코어 74점, MA5 > MA20, RSI 61.6, %B 0.60, 저점거리 0.99%, 최근고점대비 1.31%, 반등확인 차단, 이격 안정, 1H 3311.0 >= EMA20 3189.5 (기준 0.998), 모멘텀 돌파 직전 4봉 고점 돌파=차단, 거래량배수=0.59, 양봉=차단, RSI=통과, 1H MTF=통과"
upbit,2026-09-07T04:18:31+09:00,KRW-PROM,7395.0,64,거래량 부족,COMPLETE,2026-09-07T04:20:00+09:00,2026-09-07T05:48:31+09:00,7600.0,7395.0,7490.0,2.4848,-0.2796,1.0015,"1차 퀀트 관망 대기: 하드게이트 차단, 알파스코어 64점, MA5 > MA20, RSI 65.7, %B 0.74, 저점거리 1.02%, 최근고점대비 0.20%, 반등확인 차단, 이격 안정, 1H 7370.0 >= EMA20 7314.5 (기준 0.998), 모멘텀 돌파 직전 4봉 고점 돌파=차단, 거래량배수=0.00, 양봉=차단, RSI=통과, 1H MTF=통과"
upbit,2026-09-07T04:18:31+09:00,KRW-ZAMA,76.8,25,RSI 범위 이탈,COMPLETE,2026-09-07T04:20:00+09:00,2026-09-07T05:48:31+09:00,77.7,76.3,76.4,0.889,-0.9288,-0.799,"1차 퀀트 관망 대기: 하드게이트 차단, 알파스코어 25점, MA5 <= MA20, RSI 33.3, %B -0.18, 저점거리 0.26%, 최근고점대비 1.82%, 반등확인 차단, 이격 안정, 1H 77.9 >= EMA20 76.4 (기준 0.998), 모멘텀 돌파 직전 4봉 고점 돌파=차단, 거래량배수=1.80, 양봉=차단, RSI=차단, 1H MTF=통과"
upbit,2026-09-07T04:18:32+09:00,KRW-ENS,8500.0,72,거래량 부족,COMPLETE,2026-09-07T04:20:00+09:00,2026-09-07T05:48:32+09:00,8485.0,8415.0,8490.0,-0.4556,-1.2768,-0.3969,"1차 퀀트 관망 대기: 하드게이트 통과, 알파스코어 72점, MA5 > MA20, RSI 56.4, %B 0.73, 저점거리 0.47%, 최근고점대비 0.53%, 반등확인 통과, 이격 안정, 1H 8485.0 >= EMA20 8318.7 (기준 0.998), 모멘텀 돌파 직전 4봉 고점 돌파=통과, 거래량배수=1.22, 양봉=통과, RSI=통과, 1H MTF=통과"
upbit,2026-09-07T04:18:32+09:00,KRW-TAO,363500.0,40,RSI 범위 이탈,COMPLETE,2026-09-07T04:20:00+09:00,2026-09-07T05:48:32+09:00,369500.0,356500.0,366100.0,1.3664,-2.1999,0.4337,"1차 퀀트 관망 대기: 하드게이트 차단, 알파스코어 40점, MA5 > MA20, RSI 77.7, %B 1.28, 저점거리 4.04%, 최근고점대비 0.00%, 반등확인 통과, 이격 안정, 1H 350100.0 >= EMA20 331766.1 (기준 0.998), 모멘텀 돌파 직전 4봉 고점 돌파=통과, 거래량배수=5.11, 양봉=통과, RSI=차단, 1H MTF=통과"
upbit,2026-09-07T04:18:33+09:00,KRW-ONDO,514.0,39,하드 게이트,COMPLETE,2026-09-07T04:20:00+09:00,2026-09-07T05:48:33+09:00,518.0,514.0,516.0,0.4964,-0.2796,0.1084,"1차 퀀트 관망 대기: 하드게이트 차단, 알파스코어 39점, MA5 <= MA20, RSI 37.5, %B 0.03, 저점거리 0.00%, 최근고점대비 0.58%, 반등확인 통과, 이격 안정, 1H 515.0 >= EMA20 512.3 (기준 0.998)"
upbit,2026-09-07T04:18:33+09:00,KRW-VIRTUAL,951.0,69,복합 조건 미달,COMPLETE,2026-09-07T04:20:00+09:00,2026-09-07T05:48:33+09:00,961.0,947.0,960.0,0.769,-0.699,0.6641,"1차 퀀트 관망 대기: 하드게이트 통과, 알파스코어 69점, MA5 > MA20, RSI 62.5, %B 0.65, 저점거리 0.32%, 최근고점대비 0.11%, 반등확인 통과, 이격 안정, 1H 951.0 >= EMA20 944.5 (기준 0.998)"
upbit,2026-09-07T04:18:33+09:00,KRW-UNI,9685.0,32,반등 미확인,COMPLETE,2026-09-07T04:20:00+09:00,2026-09-07T05:48:33+09:00,9760.0,9670.0,9695.0,0.4926,-0.4341,-0.1766,"1차 퀀트 관망 대기: 하드게이트 차단, 알파스코어 32점, MA5 <= MA20, RSI 32.4, %B -0.09, 저점거리 0.05%, 최근고점대비 1.60%, 반등확인 차단, 이격 안정, 1H 9785.0 >= EMA20 9575.3 (기준 0.998)"
upbit,2026-09-07T04:23:33+09:00,KRW-FLOCK,97.6,32,RSI 범위 이탈,COMPLETE,2026-09-07T04:25:00+09:00,2026-09-07T05:53:33+09:00,102.0,97.1,101.0,4.216,-0.7905,3.1943,"1차 퀀트 관망 대기: 하드게이트 차단, 알파스코어 32점, MA5 <= MA20, RSI 38.9, %B -0.05, 저점거리 0.00%, 최근고점대비 4.51%, 반등확인 차단, 이격 안정, 1H 99.2 >= EMA20 96.7 (기준 0.998), 모멘텀 돌파 직전 4봉 고점 돌파=차단, 거래량배수=1.15, 양봉=차단, RSI=차단, 1H MTF=통과"
upbit,2026-09-07T04:23:33+09:00,KRW-JUP,360.0,37,RSI 범위 이탈,COMPLETE,2026-09-07T04:25:00+09:00,2026-09-07T05:53:33+09:00,364.0,357.0,358.0,0.8284,-1.1106,-0.8336,"1차 퀀트 관망 대기: 하드게이트 차단, 알파스코어 37점, MA5 <= MA20, RSI 41.2, %B -0.01, 저점거리 0.00%, 최근고점대비 1.67%, 반등확인 차단, 이격 안정, 1H 366.0 >= EMA20 344.8 (기준 0.998), 모멘텀 돌파 직전 4봉 고점 돌파=차단, 거래량배수=0.20, 양봉=차단, RSI=차단, 1H MTF=통과"
upbit,2026-09-07T04:23:34+09:00,KRW-NEAR,3282.0,74,거래량 부족,COMPLETE,2026-09-07T04:25:00+09:00,2026-09-07T05:53:34+09:00,3330.0,3269.0,3289.0,1.1788,-0.6746,-0.0669,"1차 퀀트 관망 대기: 하드게이트 통과, 알파스코어 74점, MA5 > MA20, RSI 64.1, %B 0.70, 저점거리 1.20%, 최근고점대비 1.01%, 반등확인 통과, 이격 안정, 1H 3311.0 >= EMA20 3189.5 (기준 0.998), 모멘텀 돌파 직전 4봉 고점 돌파=차단, 거래량배수=0.09, 양봉=통과, RSI=통과, 1H MTF=통과"
upbit,2026-09-07T04:23:34+09:00,KRW-PROM,7415.0,59,거래량 부족,COMPLETE,2026-09-07T04:25:00+09:00,2026-09-07T05:53:34+09:00,7600.0,7405.0,7510.0,2.2084,-0.4141,0.998,"1차 퀀트 관망 대기: 하드게이트 차단, 알파스코어 59점, MA5 > MA20, RSI 58.2, %B 0.82, 저점거리 1.16%, 최근고점대비 0.07%, 반등확인 통과, 이격 안정, 1H 7370.0 >= EMA20 7314.5 (기준 0.998), 모멘텀 돌파 직전 4봉 고점 돌파=통과, 거래량배수=0.76, 양봉=통과, RSI=통과, 1H MTF=통과"
upbit,2026-09-07T04:23:35+09:00,KRW-ENS,8470.0,77,RSI 범위 이탈,COMPLETE,2026-09-07T04:25:00+09:00,2026-09-07T05:53:35+09:00,8490.0,8415.0,8455.0,-0.0441,-0.9271,-0.4562,"1차 퀀트 관망 대기: 하드게이트 차단, 알파스코어 77점, MA5 > MA20, RSI 41.0, %B 0.32, 저점거리 0.12%, 최근고점대비 0.71%, 반등확인 차단, 이격 안정, 1H 8485.0 >= EMA20 8318.7 (기준 0.998), 모멘텀 돌파 직전 4봉 고점 돌파=차단, 거래량배수=2.64, 양봉=차단, RSI=차단, 1H MTF=통과"
upbit,2026-09-07T04:23:35+09:00,KRW-TAO,364000.0,45,RSI 범위 이탈,COMPLETE,2026-09-07T04:25:00+09:00,2026-09-07T05:53:35+09:00,369500.0,356500.0,363600.0,1.2272,-2.3343,-0.3892,"1차 퀀트 관망 대기: 하드게이트 차단, 알파스코어 45점, MA5 > MA20, RSI 76.2, %B 1.15, 저점거리 4.18%, 최근고점대비 0.27%, 반등확인 통과, 이격 안정, 1H 350100.0 >= EMA20 331766.1 (기준 0.998), 모멘텀 돌파 직전 4봉 고점 돌파=통과, 거래량배수=8.92, 양봉=통과, RSI=차단, 1H MTF=통과"
upbit,2026-09-07T04:23:35+09:00,KRW-ONDO,515.0,74,복합 조건 미달,COMPLETE,2026-09-07T04:25:00+09:00,2026-09-07T05:53:35+09:00,518.0,514.0,517.0,0.3013,-0.4732,0.1077,"1차 퀀트 관망 대기: 하드게이트 통과, 알파스코어 74점, MA5 <= MA20, RSI 50.0, %B 0.32, 저점거리 0.19%, 최근고점대비 0.39%, 반등확인 통과, 이격 안정, 1H 515.0 >= EMA20 512.3 (기준 0.998)"
upbit,2026-09-07T04:23:36+09:00,KRW-VIRTUAL,948.0,69,반등 미확인,COMPLETE,2026-09-07T04:25:00+09:00,2026-09-07T05:53:36+09:00,961.0,949.0,960.0,1.0879,-0.1744,0.9827,"1차 퀀트 관망 대기: 하드게이트 통과, 알파스코어 69점, MA5 > MA20, RSI 50.0, %B 0.29, 저점거리 0.00%, 최근고점대비 0.42%, 반등확인 차단, 이격 안정, 1H 951.0 >= EMA20 944.5 (기준 0.998)"
upbit,2026-09-07T04:23:36+09:00,KRW-WLD,563.0,64,거래량 부족,COMPLETE,2026-09-07T04:25:00+09:00,2026-09-07T05:53:36+09:00,566.0,561.0,561.0,0.2518,-0.6339,-0.6339,"1차 퀀트 관망 대기: 하드게이트 통과, 알파스코어 64점, MA5 > MA20, RSI 62.5, %B 0.73, 저점거리 0.54%, 최근고점대비 0.18%, 반등확인 차단, 이격 안정, 1H 563.0 >= EMA20 555.4 (기준 0.998), 모멘텀 돌파 직전 4봉 고점 돌파=차단, 거래량배수=0.26, 양봉=차단, RSI=통과, 1H MTF=통과"
upbit,2026-09-07T04:23:37+09:00,KRW-JTO,616.0,50,RSI 범위 이탈,COMPLETE,2026-09-07T04:25:00+09:00,2026-09-07T05:53:37+09:00,634.0,611.0,626.0,2.6343,-1.089,1.3392,"1차 퀀트 관망 대기: 하드게이트 차단, 알파스코어 50점, MA5 <= MA20, RSI 35.3, %B 0.09, 저점거리 0.16%, 최근고점대비 1.30%, 반등확인 통과, 이격 안정, 1H 620.0 >= EMA20 604.6 (기준 0.998), 모멘텀 돌파 직전 4봉 고점 돌파=차단, 거래량배수=2.56, 양봉=통과, RSI=차단, 1H MTF=통과"
upbit,2026-09-07T04:28:31+09:00,KRW-FLOCK,98.0,37,RSI 범위 이탈,COMPLETE,2026-09-07T04:30:00+09:00,2026-09-07T05:58:31+09:00,102.0,97.1,102.0,3.7906,-1.1954,3.7906,"1차 퀀트 관망 대기: 하드게이트 차단, 알파스코어 37점, MA5 <= MA20, RSI 40.5, %B 0.11, 저점거리 0.41%, 최근고점대비 4.08%, 반등확인 통과, 이격 안정, 1H 99.2 >= EMA20 96.7 (기준 0.998), 모멘텀 돌파 직전 4봉 고점 돌파=차단, 거래량배수=0.70, 양봉=통과, RSI=차단, 1H MTF=통과"
upbit,2026-09-07T04:28:32+09:00,KRW-NEAR,3317.0,49,거래량 부족,COMPLETE,2026-09-07T04:30:00+09:00,2026-09-07T05:58:32+09:00,3325.0,3268.0,3328.0,-0.0391,-1.7527,0.0511,"1차 퀀트 관망 대기: 하드게이트 차단, 알파스코어 49점, MA5 > MA20, RSI 70.5, %B 0.98, 저점거리 2.28%, 최근고점대비 0.00%, 반등확인 통과, 이격 안정, 1H 3311.0 >= EMA20 3189.5 (기준 0.998), 모멘텀 돌파 직전 4봉 고점 돌파=통과, 거래량배수=0.59, 양봉=통과, RSI=통과, 1H MTF=통과"
upbit,2026-09-07T04:28:32+09:00,KRW-PROM,7395.0,74,거래량 부족,COMPLETE,2026-09-07T04:30:00+09:00,2026-09-07T05:58:32+09:00,7600.0,7420.0,7530.0,2.4848,0.0575,1.5408,"1차 퀀트 관망 대기: 하드게이트 통과, 알파스코어 74점, MA5 > MA20, RSI 56.1, %B 0.69, 저점거리 0.89%, 최근고점대비 0.34%, 반등확인 통과, 이격 안정, 1H 7370.0 >= EMA20 7314.5 (기준 0.998), 모멘텀 돌파 직전 4봉 고점 돌파=차단, 거래량배수=0.45, 양봉=통과, RSI=통과, 1H MTF=통과"
upbit,2026-09-07T04:28:32+09:00,KRW-ENS,8460.0,59,RSI 범위 이탈,COMPLETE,2026-09-07T04:30:00+09:00,2026-09-07T05:58:32+09:00,8490.0,8415.0,8540.0,0.074,-0.81,0.6634,"1차 퀀트 관망 대기: 하드게이트 차단, 알파스코어 59점, MA5 <= MA20, RSI 40.0, %B 0.19, 저점거리 0.18%, 최근고점대비 0.65%, 반등확인 차단, 이격 안정, 1H 8485.0 >= EMA20 8318.7 (기준 0.998), 모멘텀 돌파 직전 4봉 고점 돌파=차단, 거래량배수=0.05, 양봉=차단, RSI=차단, 1H MTF=통과"
upbit,2026-09-07T04:28:33+09:00,KRW-TAO,360400.0,57,돌파 미확인,COMPLETE,2026-09-07T04:30:00+09:00,2026-09-07T05:58:33+09:00,369500.0,356500.0,364100.0,2.2383,-1.3587,0.7442,"1차 퀀트 관망 대기: 하드게이트 차단, 알파스코어 57점, MA5 > MA20, RSI 63.4, %B 0.90, 저점거리 3.15%, 최근고점대비 1.28%, 반등확인 차단, 이격 안정, 1H 350100.0 >= EMA20 331766.1 (기준 0.998), 모멘텀 돌파 직전 4봉 고점 돌파=차단, 거래량배수=4.23, 양봉=차단, RSI=통과, 1H MTF=통과"
upbit,2026-09-07T04:28:34+09:00,KRW-WLD,563.0,64,거래량 부족,COMPLETE,2026-09-07T04:30:00+09:00,2026-09-07T05:58:34+09:00,566.0,560.0,565.0,0.2518,-0.811,0.0746,"1차 퀀트 관망 대기: 하드게이트 통과, 알파스코어 64점, MA5 > MA20, RSI 62.5, %B 0.73, 저점거리 0.54%, 최근고점대비 0.18%, 반등확인 차단, 이격 안정, 1H 563.0 >= EMA20 555.4 (기준 0.998), 모멘텀 돌파 직전 4봉 고점 돌파=차단, 거래량배수=0.26, 양봉=차단, RSI=통과, 1H MTF=통과"
upbit,2026-09-07T04:28:34+09:00,KRW-JTO,614.0,32,RSI 범위 이탈,COMPLETE,2026-09-07T04:30:00+09:00,2026-09-07T05:58:34+09:00,634.0,611.0,626.0,2.9686,-0.7668,1.6693,"1차 퀀트 관망 대기: 하드게이트 차단, 알파스코어 32점, MA5 <= MA20, RSI 31.6, %B -0.04, 저점거리 0.16%, 최근고점대비 1.63%, 반등확인 차단, 이격 안정, 1H 620.0 >= EMA20 604.6 (기준 0.998), 모멘텀 돌파 직전 4봉 고점 돌파=차단, 거래량배수=5.44, 양봉=차단, RSI=차단, 1H MTF=통과"
upbit,2026-09-07T04:33:30+09:00,KRW-FLOCK,97.6,40,RSI 범위 이탈,COMPLETE,2026-09-07T04:35:00+09:00,2026-09-07T06:03:30+09:00,104.0,97.1,103.0,6.2594,-0.7905,5.2377,"1차 퀀트 관망 대기: 하드게이트 차단, 알파스코어 40점, MA5 <= MA20, RSI 40.0, %B 0.01, 저점거리 0.00%, 최근고점대비 4.51%, 반등확인 차단, 이격 안정, 1H 99.2 >= EMA20 96.7 (기준 0.998), 모멘텀 돌파 직전 4봉 고점 돌파=차단, 거래량배수=1.29, 양봉=차단, RSI=차단, 1H MTF=통과"
upbit,2026-09-07T04:33:30+09:00,KRW-JUP,358.0,32,RSI 범위 이탈,COMPLETE,2026-09-07T04:35:00+09:00,2026-09-07T06:03:30+09:00,364.0,355.0,360.0,1.3917,-1.1153,0.2775,"1차 퀀트 관망 대기: 하드게이트 차단, 알파스코어 32점, MA5 <= MA20, RSI 31.6, %B -0.12, 저점거리 0.00%, 최근고점대비 2.23%, 반등확인 차단, 이격 안정, 1H 366.0 >= EMA20 344.8 (기준 0.998), 모멘텀 돌파 직전 4봉 고점 돌파=차단, 거래량배수=1.23, 양봉=통과, RSI=차단, 1H MTF=통과"
upbit,2026-09-07T04:33:31+09:00,KRW-NEAR,3327.0,55,하드 게이트,COMPLETE,2026-09-07T04:35:00+09:00,2026-09-07T06:03:31+09:00,3332.0,3268.0,3298.0,-0.1297,-2.048,-1.1488,"1차 퀀트 관망 대기: 하드게이트 차단, 알파스코어 55점, MA5 > MA20, RSI 70.8, %B 0.99, 저점거리 2.43%, 최근고점대비 0.09%, 반등확인 통과, 이격 안정, 1H 3311.0 >= EMA20 3189.5 (기준 0.998), 모멘텀 돌파 직전 4봉 고점 돌파=통과, 거래량배수=3.79, 양봉=통과, RSI=통과, 1H MTF=통과"
upbit,2026-09-07T04:33:31+09:00,KRW-PROM,7445.0,50,하드 게이트,COMPLETE,2026-09-07T04:35:00+09:00,2026-09-07T06:03:31+09:00,7600.0,7430.0,7520.0,1.7965,-0.4805,0.725,"1차 퀀트 관망 대기: 하드게이트 차단, 알파스코어 50점, MA5 > MA20, RSI 68.8, %B 0.93, 저점거리 1.22%, 최근고점대비 0.00%, 반등확인 통과, 이격 안정, 1H 7370.0 >= EMA20 7314.5 (기준 0.998), 모멘텀 돌파 직전 4봉 고점 돌파=통과, 거래량배수=6.28, 양봉=통과, RSI=통과, 1H MTF=통과"
upbit,2026-09-07T04:33:32+09:00,KRW-ZAMA,77.4,47,RSI 범위 이탈,COMPLETE,2026-09-07T04:35:00+09:00,2026-09-07T06:03:32+09:00,77.3,76.0,76.0,-0.4084,-2.0833,-2.0833,"1차 퀀트 관망 대기: 하드게이트 통과, 알파스코어 47점, MA5 <= MA20, RSI 42.4, %B 0.29, 저점거리 1.18%, 최근고점대비 0.90%, 반등확인 차단, 이격 안정, 1H 77.9 >= EMA20 76.4 (기준 0.998), 모멘텀 돌파 직전 4봉 고점 돌파=차단, 거래량배수=1.13, 양봉=차단, RSI=차단, 1H MTF=통과"
upbit,2026-09-07T04:33:32+09:00,KRW-ENS,8440.0,29,RSI 범위 이탈,COMPLETE,2026-09-07T04:35:00+09:00,2026-09-07T06:03:32+09:00,8540.0,8415.0,8525.0,0.9019,-0.575,0.7247,"1차 퀀트 관망 대기: 하드게이트 차단, 알파스코어 29점, MA5 <= MA20, RSI 26.3, %B -0.04, 저점거리 0.12%, 최근고점대비 0.89%, 반등확인 차단, 이격 안정, 1H 8485.0 >= EMA20 8318.7 (기준 0.998), 모멘텀 돌파 직전 4봉 고점 돌파=차단, 거래량배수=0.60, 양봉=차단, RSI=차단, 1H MTF=통과"
upbit,2026-09-07T04:33:32+09:00,KRW-TAO,359000.0,59,거래량 부족,COMPLETE,2026-09-07T04:35:00+09:00,2026-09-07T06:03:32+09:00,369500.0,358800.0,364500.0,2.637,-0.3352,1.2481,"1차 퀀트 관망 대기: 하드게이트 차단, 알파스코어 59점, MA5 > MA20, RSI 59.8, %B 0.79, 저점거리 2.75%, 최근고점대비 1.67%, 반등확인 차단, 이격 안정, 1H 350100.0 >= EMA20 331766.1 (기준 0.998), 모멘텀 돌파 직전 4봉 고점 돌파=차단, 거래량배수=1.04, 양봉=차단, RSI=통과, 1H MTF=통과"
upbit,2026-09-07T04:33:33+09:00,KRW-ONDO,515.0,74,반등 미확인,COMPLETE,2026-09-07T04:35:00+09:00,2026-09-07T06:03:33+09:00,520.0,514.0,521.0,0.6886,-0.4732,0.8822,"1차 퀀트 관망 대기: 하드게이트 차단, 알파스코어 74점, MA5 <= MA20, RSI 40.0, %B 0.36, 저점거리 0.19%, 최근고점대비 0.39%, 반등확인 차단, 이격 안정, 1H 515.0 >= EMA20 512.3 (기준 0.998)"
upbit,2026-09-07T04:33:33+09:00,KRW-VIRTUAL,952.0,59,하드 게이트,COMPLETE,2026-09-07T04:35:00+09:00,2026-09-07T06:03:33+09:00,967.0,949.0,970.0,1.2916,-0.5939,1.6059,"1차 퀀트 관망 대기: 하드게이트 차단, 알파스코어 59점, MA5 > MA20, RSI 54.5, %B 0.87, 저점거리 0.53%, 최근고점대비 0.00%, 반등확인 통과, 이격 안정, 1H 951.0 >= EMA20 944.5 (기준 0.998)"
upbit,2026-09-07T04:33:34+09:00,KRW-UNI,9700.0,35,하드 게이트,COMPLETE,2026-09-07T04:35:00+09:00,2026-09-07T06:03:34+09:00,9760.0,9680.0,9675.0,0.3372,-0.4852,-0.5366,"1차 퀀트 관망 대기: 하드게이트 차단, 알파스코어 35점, MA5 <= MA20, RSI 35.5, %B 0.18, 저점거리 0.31%, 최근고점대비 1.44%, 반등확인 통과, 이격 안정, 1H 9785.0 >= EMA20 9575.3 (기준 0.998)"
upbit,2026-09-07T04:38:34+09:00,KRW-JUP,362.0,44,RSI 범위 이탈,COMPLETE,2026-09-07T04:40:00+09:00,2026-09-07T06:08:34+09:00,364.0,355.0,361.0,0.2713,-2.2079,-0.5551,"1차 퀀트 관망 대기: 하드게이트 차단, 알파스코어 44점, MA5 <= MA20, RSI 40.9, %B 0.32, 저점거리 1.40%, 최근고점대비 1.10%, 반등확인 통과, 이격 안정, 1H 366.0 >= EMA20 344.8 (기준 0.998), 모멘텀 돌파 직전 4봉 고점 돌파=차단, 거래량배수=0.99, 양봉=통과, RSI=차단, 1H MTF=통과"
upbit,2026-09-07T04:38:34+09:00,KRW-NEAR,3313.0,62,돌파 미확인,COMPLETE,2026-09-07T04:40:00+09:00,2026-09-07T06:08:34+09:00,3332.0,3268.0,3302.0,0.2923,-1.6341,-0.6107,"1차 퀀트 관망 대기: 하드게이트 차단, 알파스코어 62점, MA5 > MA20, RSI 65.8, %B 0.84, 저점거리 2.00%, 최근고점대비 0.51%, 반등확인 차단, 이격 안정, 1H 3311.0 >= EMA20 3189.5 (기준 0.998), 모멘텀 돌파 직전 4봉 고점 돌파=차단, 거래량배수=2.40, 양봉=차단, RSI=통과, 1H MTF=통과"
upbit,2026-09-07T04:38:34+09:00,KRW-ZAMA,77.1,38,RSI 범위 이탈,COMPLETE,2026-09-07T04:40:00+09:00,2026-09-07T06:08:34+09:00,77.3,76.0,76.3,-0.0209,-1.7023,-1.3143,"1차 퀀트 관망 대기: 하드게이트 차단, 알파스코어 38점, MA5 <= MA20, RSI 38.9, %B 0.15, 저점거리 0.78%, 최근고점대비 1.30%, 반등확인 차단, 이격 안정, 1H 77.9 >= EMA20 76.4 (기준 0.998), 모멘텀 돌파 직전 4봉 고점 돌파=차단, 거래량배수=3.27, 양봉=통과, RSI=차단, 1H MTF=통과"
upbit,2026-09-07T04:38:35+09:00,KRW-JTO,613.0,29,RSI 범위 이탈,COMPLETE,2026-09-07T04:40:00+09:00,2026-09-07T06:08:35+09:00,634.0,612.0,631.0,3.1366,-0.4423,2.6486,"1차 퀀트 관망 대기: 하드게이트 차단, 알파스코어 29점, MA5 <= MA20, RSI 22.2, %B 0.03, 저점거리 0.16%, 최근고점대비 1.79%, 반등확인 차단, 이격 안정, 1H 620.0 >= EMA20 604.6 (기준 0.998), 모멘텀 돌파 직전 4봉 고점 돌파=차단, 거래량배수=0.87, 양봉=차단, RSI=차단, 1H MTF=통과"
upbit,2026-09-07T04:38:35+09:00,KRW-TAO,358600.0,69,거래량 부족,COMPLETE,2026-09-07T04:40:00+09:00,2026-09-07T06:08:35+09:00,369500.0,359900.0,364900.0,2.7515,0.0819,1.4723,"1차 퀀트 관망 대기: 하드게이트 통과, 알파스코어 69점, MA5 > MA20, RSI 59.3, %B 0.75, 저점거리 2.63%, 최근고점대비 1.78%, 반등확인 차단, 이격 안정, 1H 350100.0 >= EMA20 331766.1 (기준 0.998), 모멘텀 돌파 직전 4봉 고점 돌파=차단, 거래량배수=0.40, 양봉=차단, RSI=통과, 1H MTF=통과"
upbit,2026-09-07T04:38:36+09:00,KRW-WLD,561.0,72,돌파 미확인,COMPLETE,2026-09-07T04:40:00+09:00,2026-09-07T06:08:36+09:00,566.0,560.0,566.0,0.6092,-0.4574,0.6092,"1차 퀀트 관망 대기: 하드게이트 통과, 알파스코어 72점, MA5 > MA20, RSI 55.6, %B 0.28, 저점거리 0.00%, 최근고점대비 0.53%, 반등확인 차단, 이격 안정, 1H 563.0 >= EMA20 555.4 (기준 0.998), 모멘텀 돌파 직전 4봉 고점 돌파=차단, 거래량배수=3.34, 양봉=차단, RSI=통과, 1H MTF=통과"
upbit,2026-09-07T04:38:36+09:00,KRW-ONDO,514.0,29,반등 미확인,COMPLETE,2026-09-07T04:40:00+09:00,2026-09-07T06:08:36+09:00,522.0,514.0,523.0,1.2725,-0.2796,1.4665,"1차 퀀트 관망 대기: 하드게이트 차단, 알파스코어 29점, MA5 <= MA20, RSI 20.0, %B 0.09, 저점거리 0.00%, 최근고점대비 0.39%, 반등확인 차단, 이격 안정, 1H 515.0 >= EMA20 512.3 (기준 0.998)"
upbit,2026-09-07T04:38:36+09:00,KRW-UNI,9700.0,35,하드 게이트,COMPLETE,2026-09-07T04:40:00+09:00,2026-09-07T06:08:36+09:00,9760.0,9675.0,9700.0,0.3372,-0.5366,-0.2796,"1차 퀀트 관망 대기: 하드게이트 차단, 알파스코어 35점, MA5 <= MA20, RSI 35.5, %B 0.18, 저점거리 0.31%, 최근고점대비 1.44%, 반등확인 통과, 이격 안정, 1H 9785.0 >= EMA20 9575.3 (기준 0.998)"
upbit,2026-09-07T04:38:37+09:00,KRW-LINK,16790.0,54,복합 조건 미달,COMPLETE,2026-09-07T04:40:00+09:00,2026-09-07T06:08:37+09:00,18160.0,16770.0,17790.0,7.8572,-0.3984,5.6597,"1차 퀀트 관망 대기: 하드게이트 통과, 알파스코어 54점, MA5 <= MA20, RSI 46.4, %B 0.23, 저점거리 0.06%, 최근고점대비 0.77%, 반등확인 통과, 이격 안정, 1H 16860.0 >= EMA20 16674.9 (기준 0.998)"
upbit,2026-09-07T04:38:37+09:00,KRW-VIRTUAL,952.0,59,하드 게이트,COMPLETE,2026-09-07T04:40:00+09:00,2026-09-07T06:08:37+09:00,970.0,949.0,969.0,1.6059,-0.5939,1.5011,"1차 퀀트 관망 대기: 하드게이트 차단, 알파스코어 59점, MA5 > MA20, RSI 54.5, %B 0.87, 저점거리 0.53%, 최근고점대비 0.00%, 반등확인 통과, 이격 안정, 1H 951.0 >= EMA20 944.5 (기준 0.998)"
upbit,2026-09-07T04:43:35+09:00,KRW-FLOCK,97.8,22,RSI 범위 이탈,COMPLETE,2026-09-07T04:45:00+09:00,2026-09-07T06:13:35+09:00,104.0,97.1,105.0,6.0421,-0.9934,7.0618,"1차 퀀트 관망 대기: 하드게이트 차단, 알파스코어 22점, MA5 <= MA20, RSI 34.7, %B 0.15, 저점거리 0.20%, 최근고점대비 3.27%, 반등확인 차단, 이격 안정, 1H 99.2 >= EMA20 96.7 (기준 0.998), 모멘텀 돌파 직전 4봉 고점 돌파=차단, 거래량배수=0.47, 양봉=통과, RSI=차단, 1H MTF=통과"
upbit,2026-09-07T04:43:35+09:00,KRW-NEAR,3309.0,64,거래량 부족,COMPLETE,2026-09-07T04:45:00+09:00,2026-09-07T06:13:35+09:00,3332.0,3268.0,3311.0,0.4135,-1.5152,-0.2193,"1차 퀀트 관망 대기: 하드게이트 차단, 알파스코어 64점, MA5 > MA20, RSI 64.9, %B 0.77, 저점거리 1.19%, 최근고점대비 0.63%, 반등확인 차단, 이격 안정, 1H 3311.0 >= EMA20 3189.5 (기준 0.998), 모멘텀 돌파 직전 4봉 고점 돌파=차단, 거래량배수=1.00, 양봉=차단, RSI=통과, 1H MTF=통과"
upbit,2026-09-07T04:43:35+09:00,KRW-ZAMA,77.2,47,RSI 범위 이탈,COMPLETE,2026-09-07T04:45:00+09:00,2026-09-07T06:13:35+09:00,77.3,76.0,76.0,-0.1504,-1.8297,-1.8297,"1차 퀀트 관망 대기: 하드게이트 차단, 알파스코어 47점, MA5 <= MA20, RSI 41.7, %B 0.23, 저점거리 0.92%, 최근고점대비 1.17%, 반등확인 통과, 이격 안정, 1H 77.9 >= EMA20 76.4 (기준 0.998), 모멘텀 돌파 직전 4봉 고점 돌파=차단, 거래량배수=0.42, 양봉=통과, RSI=차단, 1H MTF=통과"
upbit,2026-09-07T04:43:36+09:00,KRW-PROM,7435.0,54,거래량 부족,COMPLETE,2026-09-07T04:45:00+09:00,2026-09-07T06:13:36+09:00,7600.0,7450.0,7515.0,1.9334,-0.0784,0.7934,"1차 퀀트 관망 대기: 하드게이트 차단, 알파스코어 54점, MA5 > MA20, RSI 65.7, %B 0.84, 저점거리 1.09%, 최근고점대비 0.13%, 반등확인 통과, 이격 안정, 1H 7370.0 >= EMA20 7314.5 (기준 0.998), 모멘텀 돌파 직전 4봉 고점 돌파=차단, 거래량배수=1.10, 양봉=통과, RSI=통과, 1H MTF=통과"
upbit,2026-09-07T04:43:36+09:00,KRW-JTO,613.0,32,RSI 범위 이탈,COMPLETE,2026-09-07T04:45:00+09:00,2026-09-07T06:13:36+09:00,634.0,612.0,632.0,3.1366,-0.4423,2.8112,"1차 퀀트 관망 대기: 하드게이트 차단, 알파스코어 32점, MA5 <= MA20, RSI 30.8, %B 0.08, 저점거리 0.33%, 최근고점대비 1.79%, 반등확인 통과, 이격 안정, 1H 620.0 >= EMA20 604.6 (기준 0.998), 모멘텀 돌파 직전 4봉 고점 돌파=차단, 거래량배수=1.20, 양봉=통과, RSI=차단, 1H MTF=통과"
upbit,2026-09-07T04:43:37+09:00,KRW-ONDO,514.0,29,하드 게이트,COMPLETE,2026-09-07T04:45:00+09:00,2026-09-07T06:13:37+09:00,523.0,514.0,523.0,1.4665,-0.2796,1.4665,"1차 퀀트 관망 대기: 하드게이트 차단, 알파스코어 29점, MA5 <= MA20, RSI 20.0, %B 0.14, 저점거리 0.00%, 최근고점대비 0.39%, 반등확인 통과, 이격 안정, 1H 515.0 >= EMA20 512.3 (기준 0.998)"
upbit,2026-09-07T04:43:37+09:00,KRW-VIRTUAL,949.0,74,복합 조건 미달,COMPLETE,2026-09-07T04:45:00+09:00,2026-09-07T06:13:37+09:00,970.0,949.0,970.0,1.9271,-0.2796,1.9271,"1차 퀀트 관망 대기: 하드게이트 통과, 알파스코어 74점, MA5 <= MA20, RSI 52.0, %B 0.38, 저점거리 0.21%, 최근고점대비 0.42%, 반등확인 통과, 이격 안정, 1H 951.0 >= EMA20 944.5 (기준 0.998)"
upbit,2026-09-07T04:43:38+09:00,KRW-UNI,9710.0,49,하드 게이트,COMPLETE,2026-09-07T04:45:00+09:00,2026-09-07T06:13:38+09:00,9760.0,9675.0,9750.0,0.2339,-0.6391,0.1312,"1차 퀀트 관망 대기: 하드게이트 차단, 알파스코어 49점, MA5 <= MA20, RSI 36.5, %B 0.28, 저점거리 0.41%, 최근고점대비 0.93%, 반등확인 통과, 이격 안정, 1H 9785.0 >= EMA20 9575.3 (기준 0.998)"
upbit,2026-09-07T04:43:38+09:00,KRW-WLD,562.0,74,거래량 부족,COMPLETE,2026-09-07T04:45:00+09:00,2026-09-07T06:13:38+09:00,566.0,560.0,565.0,0.4301,-0.6345,0.2527,"1차 퀀트 관망 대기: 하드게이트 통과, 알파스코어 74점, MA5 <= MA20, RSI 55.6, %B 0.49, 저점거리 0.18%, 최근고점대비 0.36%, 반등확인 차단, 이격 안정, 1H 563.0 >= EMA20 555.4 (기준 0.998), 모멘텀 돌파 직전 4봉 고점 돌파=차단, 거래량배수=0.42, 양봉=차단, RSI=통과, 1H MTF=통과"
upbit,2026-09-07T04:43:39+09:00,KRW-ENS,8440.0,29,RSI 범위 이탈,COMPLETE,2026-09-07T04:45:00+09:00,2026-09-07T06:13:39+09:00,8550.0,8415.0,8550.0,1.0201,-0.575,1.0201,"1차 퀀트 관망 대기: 하드게이트 차단, 알파스코어 29점, MA5 <= MA20, RSI 33.3, %B -0.02, 저점거리 0.24%, 최근고점대비 0.89%, 반등확인 통과, 이격 안정, 1H 8485.0 >= EMA20 8318.7 (기준 0.998), 모멘텀 돌파 직전 4봉 고점 돌파=차단, 거래량배수=0.61, 양봉=통과, RSI=차단, 1H MTF=통과"
upbit,2026-09-07T04:48:30+09:00,KRW-JUP,359.0,39,RSI 범위 이탈,COMPLETE,2026-09-07T04:50:00+09:00,2026-09-07T06:18:30+09:00,364.0,355.0,363.0,1.1093,-1.3907,0.8315,"1차 퀀트 관망 대기: 하드게이트 차단, 알파스코어 39점, MA5 <= MA20, RSI 36.0, %B 0.07, 저점거리 0.56%, 최근고점대비 1.95%, 반등확인 차단, 이격 안정, 1H 366.0 >= EMA20 344.8 (기준 0.998), 모멘텀 돌파 직전 4봉 고점 돌파=차단, 거래량배수=1.05, 양봉=차단, RSI=차단, 1H MTF=통과"
upbit,2026-09-07T04:48:30+09:00,KRW-FLOCK,98.1,32,RSI 범위 이탈,COMPLETE,2026-09-07T04:50:00+09:00,2026-09-07T06:18:30+09:00,107.0,97.1,105.0,8.7674,-1.2961,6.7344,"1차 퀀트 관망 대기: 하드게이트 차단, 알파스코어 32점, MA5 <= MA20, RSI 27.7, %B 0.25, 저점거리 0.51%, 최근고점대비 2.96%, 반등확인 통과, 이격 안정, 1H 99.2 >= EMA20 96.7 (기준 0.998), 모멘텀 돌파 직전 4봉 고점 돌파=차단, 거래량배수=0.56, 양봉=통과, RSI=차단, 1H MTF=통과"
upbit,2026-09-07T04:48:31+09:00,KRW-NEAR,3314.0,59,거래량 부족,COMPLETE,2026-09-07T04:50:00+09:00,2026-09-07T06:18:31+09:00,3332.0,3268.0,3296.0,0.262,-1.6638,-0.8212,"1차 퀀트 관망 대기: 하드게이트 차단, 알파스코어 59점, MA5 > MA20, RSI 65.1, %B 0.79, 저점거리 1.35%, 최근고점대비 0.48%, 반등확인 통과, 이격 안정, 1H 3311.0 >= EMA20 3189.5 (기준 0.998), 모멘텀 돌파 직전 4봉 고점 돌파=차단, 거래량배수=0.43, 양봉=통과, RSI=통과, 1H MTF=통과"
upbit,2026-09-07T04:48:31+09:00,KRW-ZAMA,77.2,47,RSI 범위 이탈,COMPLETE,2026-09-07T04:50:00+09:00,2026-09-07T06:18:31+09:00,77.3,76.0,76.0,-0.1504,-1.8297,-1.8297,"1차 퀀트 관망 대기: 하드게이트 차단, 알파스코어 47점, MA5 <= MA20, RSI 40.0, %B 0.25, 저점거리 0.92%, 최근고점대비 1.17%, 반등확인 통과, 이격 안정, 1H 77.9 >= EMA20 76.4 (기준 0.998), 모멘텀 돌파 직전 4봉 고점 돌파=차단, 거래량배수=0.13, 양봉=통과, RSI=차단, 1H MTF=통과"
upbit,2026-09-07T04:48:32+09:00,KRW-JTO,613.0,32,RSI 범위 이탈,COMPLETE,2026-09-07T04:50:00+09:00,2026-09-07T06:18:32+09:00,634.0,612.0,634.0,3.1366,-0.4423,3.1366,"1차 퀀트 관망 대기: 하드게이트 차단, 알파스코어 32점, MA5 <= MA20, RSI 30.8, %B 0.08, 저점거리 0.33%, 최근고점대비 1.79%, 반등확인 통과, 이격 안정, 1H 620.0 >= EMA20 604.6 (기준 0.998), 모멘텀 돌파 직전 4봉 고점 돌파=차단, 거래량배수=1.20, 양봉=통과, RSI=차단, 1H MTF=통과"
upbit,2026-09-07T04:48:32+09:00,KRW-ONDO,514.0,29,하드 게이트,COMPLETE,2026-09-07T04:50:00+09:00,2026-09-07T06:18:32+09:00,524.0,514.0,523.0,1.6605,-0.2796,1.4665,"1차 퀀트 관망 대기: 하드게이트 차단, 알파스코어 29점, MA5 <= MA20, RSI 25.0, %B 0.18, 저점거리 0.00%, 최근고점대비 0.39%, 반등확인 통과, 이격 안정, 1H 515.0 >= EMA20 512.3 (기준 0.998)"
upbit,2026-09-07T04:48:32+09:00,KRW-SPK,30.0,60,RSI 범위 이탈,COMPLETE,2026-09-07T04:50:00+09:00,2026-09-07T06:18:32+09:00,30.2,30.0,29.9,0.3852,-0.2796,-0.612,"1차 퀀트 관망 대기: 하드게이트 통과, 알파스코어 60점, MA5 <= MA20, RSI 44.4, %B 0.23, 저점거리 0.00%, 최근고점대비 1.00%, 반등확인 통과, 이격 안정, 1H 30.1 >= EMA20 30.1 (기준 0.998), 모멘텀 돌파 직전 4봉 고점 돌파=차단, 거래량배수=2.89, 양봉=통과, RSI=차단, 1H MTF=통과"
upbit,2026-09-07T04:48:33+09:00,KRW-AVAX,10410.0,82,반등 미확인,COMPLETE,2026-09-07T04:50:00+09:00,2026-09-07T06:18:33+09:00,10690.0,10430.0,10670.0,2.4026,-0.088,2.211,"1차 퀀트 관망 대기: 하드게이트 통과, 알파스코어 82점, MA5 > MA20, RSI 50.0, %B 0.50, 저점거리 0.19%, 최근고점대비 0.29%, 반등확인 차단, 이격 안정, 1H 10420.0 >= EMA20 10414.4 (기준 0.998)"
upbit,2026-09-07T04:48:33+09:00,KRW-WLD,564.0,59,거래량 부족,COMPLETE,2026-09-07T04:50:00+09:00,2026-09-07T06:18:33+09:00,566.0,560.0,564.0,0.074,-0.9868,-0.2796,"1차 퀀트 관망 대기: 하드게이트 차단, 알파스코어 59점, MA5 <= MA20, RSI 55.6, %B 0.90, 저점거리 0.53%, 최근고점대비 0.00%, 반등확인 통과, 이격 안정, 1H 563.0 >= EMA20 555.4 (기준 0.998), 모멘텀 돌파 직전 4봉 고점 돌파=통과, 거래량배수=0.17, 양봉=통과, RSI=통과, 1H MTF=통과"
upbit,2026-09-07T04:48:34+09:00,KRW-ENS,8430.0,29,RSI 범위 이탈,COMPLETE,2026-09-07T04:50:00+09:00,2026-09-07T06:18:34+09:00,8550.0,8425.0,8525.0,1.1399,-0.3388,0.8442,"1차 퀀트 관망 대기: 하드게이트 차단, 알파스코어 29점, MA5 <= MA20, RSI 26.9, %B 0.01, 저점거리 0.12%, 최근고점대비 0.83%, 반등확인 통과, 이격 안정, 1H 8485.0 >= EMA20 8318.7 (기준 0.998), 모멘텀 돌파 직전 4봉 고점 돌파=차단, 거래량배수=0.02, 양봉=통과, RSI=차단, 1H MTF=통과"
upbit,2026-09-07T04:53:31+09:00,KRW-FLOCK,98.0,32,RSI 범위 이탈,COMPLETE,2026-09-07T04:55:00+09:00,2026-09-07T06:23:31+09:00,107.0,97.1,104.0,8.8784,-1.1954,5.8257,"1차 퀀트 관망 대기: 하드게이트 차단, 알파스코어 32점, MA5 <= MA20, RSI 32.7, %B 0.25, 저점거리 0.41%, 최근고점대비 3.06%, 반등확인 차단, 이격 안정, 1H 99.2 >= EMA20 96.7 (기준 0.998), 모멘텀 돌파 직전 4봉 고점 돌파=차단, 거래량배수=0.57, 양봉=차단, RSI=차단, 1H MTF=통과"
upbit,2026-09-07T04:53:31+09:00,KRW-NEAR,3301.0,79,거래량 부족,COMPLETE,2026-09-07T04:55:00+09:00,2026-09-07T06:23:31+09:00,3332.0,3268.0,3301.0,0.6569,-1.2765,-0.2796,"1차 퀀트 관망 대기: 하드게이트 통과, 알파스코어 79점, MA5 > MA20, RSI 57.4, %B 0.65, 저점거리 0.95%, 최근고점대비 0.88%, 반등확인 차단, 이격 안정, 1H 3311.0 >= EMA20 3189.5 (기준 0.998), 모멘텀 돌파 직전 4봉 고점 돌파=차단, 거래량배수=0.30, 양봉=차단, RSI=통과, 1H MTF=통과"
upbit,2026-09-07T04:53:32+09:00,KRW-ZAMA,76.5,35,RSI 범위 이탈,COMPLETE,2026-09-07T04:55:00+09:00,2026-09-07T06:23:32+09:00,77.3,76.0,76.1,0.7632,-0.9314,-0.801,"1차 퀀트 관망 대기: 하드게이트 차단, 알파스코어 35점, MA5 <= MA20, RSI 38.9, %B -0.08, 저점거리 0.26%, 최근고점대비 2.09%, 반등확인 차단, 이격 안정, 1H 77.9 >= EMA20 76.4 (기준 0.998), 모멘텀 돌파 직전 4봉 고점 돌파=차단, 거래량배수=1.30, 양봉=차단, RSI=차단, 1H MTF=통과"
upbit,2026-09-07T04:53:32+09:00,KRW-PROM,7485.0,54,거래량 부족,COMPLETE,2026-09-07T04:55:00+09:00,2026-09-07T06:23:32+09:00,7600.0,7480.0,7500.0,1.2525,-0.3462,-0.0798,"1차 퀀트 관망 대기: 하드게이트 차단, 알파스코어 54점, MA5 > MA20, RSI 64.4, %B 1.06, 저점거리 1.56%, 최근고점대비 0.00%, 반등확인 통과, 이격 안정, 1H 7370.0 >= EMA20 7314.5 (기준 0.998), 모멘텀 돌파 직전 4봉 고점 돌파=통과, 거래량배수=0.76, 양봉=통과, RSI=통과, 1H MTF=통과"
upbit,2026-09-07T04:53:32+09:00,KRW-JTO,613.0,32,RSI 범위 이탈,COMPLETE,2026-09-07T04:55:00+09:00,2026-09-07T06:23:32+09:00,634.0,612.0,637.0,3.1366,-0.4423,3.6246,"1차 퀀트 관망 대기: 하드게이트 차단, 알파스코어 32점, MA5 <= MA20, RSI 30.8, %B 0.08, 저점거리 0.33%, 최근고점대비 1.79%, 반등확인 통과, 이격 안정, 1H 620.0 >= EMA20 604.6 (기준 0.998), 모멘텀 돌파 직전 4봉 고점 돌파=차단, 거래량배수=1.20, 양봉=통과, RSI=차단, 1H MTF=통과"
upbit,2026-09-07T04:53:33+09:00,KRW-ONDO,514.0,42,하드 게이트,COMPLETE,2026-09-07T04:55:00+09:00,2026-09-07T06:23:33+09:00,524.0,514.0,522.0,1.6605,-0.2796,1.2725,"1차 퀀트 관망 대기: 하드게이트 차단, 알파스코어 42점, MA5 <= MA20, RSI 33.3, %B 0.20, 저점거리 0.00%, 최근고점대비 0.39%, 반등확인 통과, 이격 안정, 1H 515.0 >= EMA20 512.3 (기준 0.998)"
upbit,2026-09-07T04:53:33+09:00,KRW-SPK,30.0,60,RSI 범위 이탈,COMPLETE,2026-09-07T04:55:00+09:00,2026-09-07T06:23:33+09:00,30.2,29.9,30.1,0.3852,-0.612,0.0528,"1차 퀀트 관망 대기: 하드게이트 통과, 알파스코어 60점, MA5 <= MA20, RSI 44.4, %B 0.23, 저점거리 0.00%, 최근고점대비 1.00%, 반등확인 통과, 이격 안정, 1H 30.1 >= EMA20 30.1 (기준 0.998), 모멘텀 돌파 직전 4봉 고점 돌파=차단, 거래량배수=2.89, 양봉=통과, RSI=차단, 1H MTF=통과"
upbit,2026-09-07T04:53:34+09:00,KRW-JUP,359.0,32,RSI 범위 이탈,COMPLETE,2026-09-07T04:55:00+09:00,2026-09-07T06:23:34+09:00,364.0,355.0,362.0,1.1093,-1.3907,0.5537,"1차 퀀트 관망 대기: 하드게이트 차단, 알파스코어 32점, MA5 <= MA20, RSI 37.5, %B 0.12, 저점거리 0.56%, 최근고점대비 1.95%, 반등확인 통과, 이격 안정, 1H 366.0 >= EMA20 344.8 (기준 0.998), 모멘텀 돌파 직전 4봉 고점 돌파=차단, 거래량배수=1.05, 양봉=통과, RSI=차단, 1H MTF=통과"
upbit,2026-09-07T04:53:34+09:00,KRW-ORCA,1915.0,34,RSI 범위 이탈,COMPLETE,2026-09-07T04:55:00+09:00,2026-09-07T06:23:34+09:00,1926.0,1882.0,1902.0,0.2932,-1.998,-0.9566,"1차 퀀트 관망 대기: 하드게이트 차단, 알파스코어 34점, MA5 <= MA20, RSI 30.9, %B 0.01, 저점거리 0.26%, 최근고점대비 2.77%, 반등확인 차단, 이격 안정, 1H 1946.0 >= EMA20 1885.3 (기준 0.998), 모멘텀 돌파 직전 4봉 고점 돌파=차단, 거래량배수=0.70, 양봉=차단, RSI=차단, 1H MTF=통과"
upbit,2026-09-07T04:53:34+09:00,KRW-MET2,287.0,60,RSI 범위 이탈,COMPLETE,2026-09-07T04:55:00+09:00,2026-09-07T06:23:34+09:00,289.0,285.0,290.0,0.4153,-0.9745,0.7628,"1차 퀀트 관망 대기: 하드게이트 통과, 알파스코어 60점, MA5 <= MA20, RSI 50.0, %B 0.24, 저점거리 0.70%, 최근고점대비 1.39%, 반등확인 통과, 이격 안정, 1H 290.0 >= EMA20 282.6 (기준 0.998), 모멘텀 돌파 직전 4봉 고점 돌파=차단, 거래량배수=2.04, 양봉=통과, RSI=차단, 1H MTF=통과"
upbit,2026-09-07T04:58:42+09:00,KRW-FLOCK,98.1,32,RSI 범위 이탈,COMPLETE,2026-09-07T05:00:00+09:00,2026-09-07T06:28:42+09:00,107.0,97.1,104.0,8.7674,-1.2961,5.7178,"1차 퀀트 관망 대기: 하드게이트 차단, 알파스코어 32점, MA5 <= MA20, RSI 36.5, %B 0.30, 저점거리 0.51%, 최근고점대비 1.33%, 반등확인 통과, 이격 안정, 1H 99.2 >= EMA20 96.7 (기준 0.998), 모멘텀 돌파 직전 4봉 고점 돌파=차단, 거래량배수=0.66, 양봉=통과, RSI=차단, 1H MTF=통과"
upbit,2026-09-07T04:58:42+09:00,KRW-NEAR,3309.0,74,거래량 부족,COMPLETE,2026-09-07T05:00:00+09:00,2026-09-07T06:28:42+09:00,3332.0,3268.0,3330.0,0.4135,-1.5152,0.3532,"1차 퀀트 관망 대기: 하드게이트 통과, 알파스코어 74점, MA5 > MA20, RSI 53.5, %B 0.71, 저점거리 1.19%, 최근고점대비 0.63%, 반등확인 통과, 이격 안정, 1H 3311.0 >= EMA20 3189.5 (기준 0.998), 모멘텀 돌파 직전 4봉 고점 돌파=차단, 거래량배수=0.29, 양봉=통과, RSI=통과, 1H MTF=통과"
upbit,2026-09-07T04:58:42+09:00,KRW-JUP,359.0,22,RSI 범위 이탈,COMPLETE,2026-09-07T05:00:00+09:00,2026-09-07T06:28:42+09:00,364.0,355.0,361.0,1.1093,-1.3907,0.2759,"1차 퀀트 관망 대기: 하드게이트 차단, 알파스코어 22점, MA5 <= MA20, RSI 34.8, %B 0.16, 저점거리 0.56%, 최근고점대비 1.95%, 반등확인 차단, 이격 안정, 1H 366.0 >= EMA20 344.8 (기준 0.998), 모멘텀 돌파 직전 4봉 고점 돌파=차단, 거래량배수=0.35, 양봉=차단, RSI=차단, 1H MTF=통과"
upbit,2026-09-07T04:58:43+09:00,KRW-PROM,7485.0,54,거래량 부족,COMPLETE,2026-09-07T05:00:00+09:00,2026-09-07T06:28:43+09:00,7600.0,7485.0,7480.0,1.2525,-0.2796,-0.3462,"1차 퀀트 관망 대기: 하드게이트 차단, 알파스코어 54점, MA5 > MA20, RSI 64.4, %B 0.98, 저점거리 1.56%, 최근고점대비 0.20%, 반등확인 차단, 이격 안정, 1H 7370.0 >= EMA20 7314.5 (기준 0.998), 모멘텀 돌파 직전 4봉 고점 돌파=차단, 거래량배수=0.88, 양봉=차단, RSI=통과, 1H MTF=통과"
upbit,2026-09-07T04:58:43+09:00,KRW-ORCA,1919.0,34,RSI 범위 이탈,COMPLETE,2026-09-07T05:00:00+09:00,2026-09-07T06:28:43+09:00,1925.0,1882.0,1908.0,0.0322,-2.2023,-0.8512,"1차 퀀트 관망 대기: 하드게이트 차단, 알파스코어 34점, MA5 <= MA20, RSI 29.1, %B 0.13, 저점거리 0.47%, 최근고점대비 2.55%, 반등확인 통과, 이격 안정, 1H 1946.0 >= EMA20 1885.3 (기준 0.998), 모멘텀 돌파 직전 4봉 고점 돌파=차단, 거래량배수=0.23, 양봉=통과, RSI=차단, 1H MTF=통과"
upbit,2026-09-07T04:58:44+09:00,KRW-MET2,287.0,60,RSI 범위 이탈,COMPLETE,2026-09-07T05:00:00+09:00,2026-09-07T06:28:44+09:00,289.0,285.0,290.0,0.4153,-0.9745,0.7628,"1차 퀀트 관망 대기: 하드게이트 통과, 알파스코어 60점, MA5 <= MA20, RSI 50.0, %B 0.24, 저점거리 0.70%, 최근고점대비 1.39%, 반등확인 통과, 이격 안정, 1H 290.0 >= EMA20 282.6 (기준 0.998), 모멘텀 돌파 직전 4봉 고점 돌파=차단, 거래량배수=2.04, 양봉=통과, RSI=차단, 1H MTF=통과"
upbit,2026-09-07T04:58:47+09:00,KRW-UNI,9720.0,44,반등 미확인,COMPLETE,2026-09-07T05:00:00+09:00,2026-09-07T06:28:47+09:00,9760.0,9675.0,9720.0,0.1308,-0.7413,-0.2796,"1차 퀀트 관망 대기: 하드게이트 통과, 알파스코어 44점, MA5 <= MA20, RSI 51.1, %B 0.39, 저점거리 0.52%, 최근고점대비 0.67%, 반등확인 차단, 이격 안정, 1H 9785.0 >= EMA20 9575.3 (기준 0.998)"
upbit,2026-09-07T04:58:47+09:00,KRW-VIRTUAL,950.0,74,반등 미확인,COMPLETE,2026-09-07T05:00:00+09:00,2026-09-07T06:28:47+09:00,970.0,949.0,975.0,1.8198,-0.3846,2.3446,"1차 퀀트 관망 대기: 하드게이트 통과, 알파스코어 74점, MA5 > MA20, RSI 52.4, %B 0.48, 저점거리 0.32%, 최근고점대비 0.32%, 반등확인 차단, 이격 안정, 1H 951.0 >= EMA20 944.5 (기준 0.998)"
upbit,2026-09-07T04:58:48+09:00,KRW-JTO,613.0,35,RSI 범위 이탈,COMPLETE,2026-09-07T05:00:00+09:00,2026-09-07T06:28:48+09:00,639.0,612.0,645.0,3.95,-0.4423,4.926,"1차 퀀트 관망 대기: 하드게이트 차단, 알파스코어 35점, MA5 <= MA20, RSI 16.7, %B 0.18, 저점거리 0.33%, 최근고점대비 1.31%, 반등확인 통과, 이격 안정, 1H 620.0 >= EMA20 604.6 (기준 0.998), 모멘텀 돌파 직전 4봉 고점 돌파=차단, 거래량배수=3.87, 양봉=통과, RSI=차단, 1H MTF=통과"
upbit,2026-09-07T05:03:31+09:00,KRW-FLOCK,98.1,22,RSI 범위 이탈,COMPLETE,2026-09-07T05:05:00+09:00,2026-09-07T06:33:31+09:00,107.0,97.3,102.0,8.7674,-1.0928,3.6848,"1차 퀀트 관망 대기: 하드게이트 차단, 알파스코어 22점, MA5 <= MA20, RSI 29.8, %B 0.31, 저점거리 0.51%, 최근고점대비 1.12%, 반등확인 통과, 이격 안정, 1H 98.1 >= EMA20 96.9 (기준 0.998), 모멘텀 돌파 직전 4봉 고점 돌파=차단, 거래량배수=1.15, 양봉=통과, RSI=차단, 1H MTF=통과"
upbit,2026-09-07T05:03:31+09:00,KRW-NEAR,3296.0,77,돌파 미확인,COMPLETE,2026-09-07T05:05:00+09:00,2026-09-07T06:33:31+09:00,3334.0,3268.0,3332.0,0.8701,-1.1267,0.8096,"1차 퀀트 관망 대기: 하드게이트 통과, 알파스코어 77점, MA5 > MA20, RSI 54.4, %B 0.56, 저점거리 0.80%, 최근고점대비 1.03%, 반등확인 차단, 이격 안정, 1H 3296.0 >= EMA20 3200.3 (기준 0.998), 모멘텀 돌파 직전 4봉 고점 돌파=차단, 거래량배수=10.72, 양봉=차단, RSI=통과, 1H MTF=통과"
upbit,2026-09-07T05:03:32+09:00,KRW-JUP,359.0,37,RSI 범위 이탈,COMPLETE,2026-09-07T05:05:00+09:00,2026-09-07T06:33:32+09:00,364.0,355.0,361.0,1.1093,-1.3907,0.2759,"1차 퀀트 관망 대기: 하드게이트 차단, 알파스코어 37점, MA5 <= MA20, RSI 40.0, %B 0.19, 저점거리 0.56%, 최근고점대비 1.95%, 반등확인 통과, 이격 안정, 1H 359.0 >= EMA20 346.1 (기준 0.998), 모멘텀 돌파 직전 4봉 고점 돌파=차단, 거래량배수=0.33, 양봉=통과, RSI=차단, 1H MTF=통과"
upbit,2026-09-07T05:03:32+09:00,KRW-PROM,7495.0,44,거래량 부족,COMPLETE,2026-09-07T05:05:00+09:00,2026-09-07T06:33:32+09:00,7600.0,7480.0,7480.0,1.1174,-0.4792,-0.4792,"1차 퀀트 관망 대기: 하드게이트 차단, 알파스코어 44점, MA5 > MA20, RSI 71.4, %B 0.98, 저점거리 1.70%, 최근고점대비 0.07%, 반등확인 통과, 이격 안정, 1H 7495.0 >= EMA20 7331.1 (기준 0.998), 모멘텀 돌파 직전 4봉 고점 돌파=차단, 거래량배수=0.19, 양봉=통과, RSI=통과, 1H MTF=통과"
upbit,2026-09-07T05:03:32+09:00,KRW-MET2,287.0,60,RSI 범위 이탈,COMPLETE,2026-09-07T05:05:00+09:00,2026-09-07T06:33:32+09:00,289.0,285.0,290.0,0.4153,-0.9745,0.7628,"1차 퀀트 관망 대기: 하드게이트 통과, 알파스코어 60점, MA5 <= MA20, RSI 50.0, %B 0.24, 저점거리 0.70%, 최근고점대비 1.39%, 반등확인 통과, 이격 안정, 1H 290.0 >= EMA20 282.6 (기준 0.998), 모멘텀 돌파 직전 4봉 고점 돌파=차단, 거래량배수=2.04, 양봉=통과, RSI=차단, 1H MTF=통과"
upbit,2026-09-07T05:03:33+09:00,KRW-ONDO,514.0,57,반등 미확인,COMPLETE,2026-09-07T05:05:00+09:00,2026-09-07T06:33:33+09:00,525.0,514.0,522.0,1.8545,-0.2796,1.2725,"1차 퀀트 관망 대기: 하드게이트 차단, 알파스코어 57점, MA5 <= MA20, RSI 40.0, %B 0.23, 저점거리 0.00%, 최근고점대비 0.39%, 반등확인 차단, 이격 안정, 1H 514.0 >= EMA20 512.5 (기준 0.998)"
upbit,2026-09-07T05:03:36+09:00,KRW-UNI,9720.0,59,복합 조건 미달,COMPLETE,2026-09-07T05:05:00+09:00,2026-09-07T06:33:36+09:00,9760.0,9675.0,9710.0,0.1308,-0.7413,-0.3822,"1차 퀀트 관망 대기: 하드게이트 통과, 알파스코어 59점, MA5 <= MA20, RSI 43.9, %B 0.41, 저점거리 0.52%, 최근고점대비 0.26%, 반등확인 통과, 이격 안정, 1H 9720.0 >= EMA20 9588.8 (기준 0.998)"
upbit,2026-09-07T05:03:36+09:00,KRW-AVAX,10440.0,64,하드 게이트,COMPLETE,2026-09-07T05:05:00+09:00,2026-09-07T06:33:36+09:00,10720.0,10440.0,10670.0,2.3949,-0.2796,1.9173,"1차 퀀트 관망 대기: 하드게이트 차단, 알파스코어 64점, MA5 > MA20, RSI 56.0, %B 0.88, 저점거리 0.48%, 최근고점대비 0.00%, 반등확인 통과, 이격 안정, 1H 10440.0 >= EMA20 10416.7 (기준 0.998)"
upbit,2026-09-07T05:03:36+09:00,KRW-JTO,614.0,39,RSI 범위 이탈,COMPLETE,2026-09-07T05:05:00+09:00,2026-09-07T06:33:36+09:00,647.0,612.0,644.0,5.08,-0.6044,4.5927,"1차 퀀트 관망 대기: 하드게이트 차단, 알파스코어 39점, MA5 <= MA20, RSI 23.1, %B 0.27, 저점거리 0.49%, 최근고점대비 0.98%, 반등확인 통과, 이격 안정, 1H 614.0 >= EMA20 605.4 (기준 0.998), 모멘텀 돌파 직전 4봉 고점 돌파=차단, 거래량배수=0.06, 양봉=통과, RSI=차단, 1H MTF=통과"
upbit,2026-09-07T05:08:30+09:00,KRW-FLOCK,97.8,35,RSI 범위 이탈,COMPLETE,2026-09-07T05:10:00+09:00,2026-09-07T06:38:30+09:00,107.0,97.3,103.0,9.101,-0.7894,5.0225,"1차 퀀트 관망 대기: 하드게이트 차단, 알파스코어 35점, MA5 <= MA20, RSI 31.8, %B 0.26, 저점거리 0.72%, 최근고점대비 1.33%, 반등확인 차단, 이격 안정, 1H 98.1 >= EMA20 96.9 (기준 0.998), 모멘텀 돌파 직전 4봉 고점 돌파=차단, 거래량배수=1.44, 양봉=차단, RSI=차단, 1H MTF=통과"
upbit,2026-09-07T05:08:30+09:00,KRW-NEAR,3298.0,74,거래량 부족,COMPLETE,2026-09-07T05:10:00+09:00,2026-09-07T06:38:30+09:00,3337.0,3268.0,3327.0,0.8996,-1.1867,0.5973,"1차 퀀트 관망 대기: 하드게이트 통과, 알파스코어 74점, MA5 > MA20, RSI 52.8, %B 0.56, 저점거리 0.86%, 최근고점대비 0.97%, 반등확인 통과, 이격 안정, 1H 3296.0 >= EMA20 3200.3 (기준 0.998), 모멘텀 돌파 직전 4봉 고점 돌파=차단, 거래량배수=0.23, 양봉=통과, RSI=통과, 1H MTF=통과"
upbit,2026-09-07T05:08:31+09:00,KRW-JUP,360.0,22,RSI 범위 이탈,COMPLETE,2026-09-07T05:10:00+09:00,2026-09-07T06:38:31+09:00,364.0,355.0,365.0,0.8284,-1.6646,1.1054,"1차 퀀트 관망 대기: 하드게이트 차단, 알파스코어 22점, MA5 <= MA20, RSI 33.3, %B 0.30, 저점거리 0.84%, 최근고점대비 1.11%, 반등확인 통과, 이격 안정, 1H 359.0 >= EMA20 346.1 (기준 0.998), 모멘텀 돌파 직전 4봉 고점 돌파=차단, 거래량배수=0.43, 양봉=통과, RSI=차단, 1H MTF=통과"
upbit,2026-09-07T05:08:31+09:00,KRW-PROM,7495.0,44,거래량 부족,COMPLETE,2026-09-07T05:10:00+09:00,2026-09-07T06:38:31+09:00,7600.0,7480.0,7470.0,1.1174,-0.4792,-0.6122,"1차 퀀트 관망 대기: 하드게이트 차단, 알파스코어 44점, MA5 > MA20, RSI 69.2, %B 0.93, 저점거리 1.70%, 최근고점대비 0.07%, 반등확인 통과, 이격 안정, 1H 7495.0 >= EMA20 7331.1 (기준 0.998), 모멘텀 돌파 직전 4봉 고점 돌파=차단, 거래량배수=0.13, 양봉=통과, RSI=통과, 1H MTF=통과"
upbit,2026-09-07T05:08:31+09:00,KRW-SPK,30.1,74,RSI 범위 이탈,COMPLETE,2026-09-07T05:10:00+09:00,2026-09-07T06:38:31+09:00,30.2,29.9,30.1,0.0517,-0.9422,-0.2796,"1차 퀀트 관망 대기: 하드게이트 차단, 알파스코어 74점, MA5 <= MA20, RSI 41.7, %B 0.54, 저점거리 0.67%, 최근고점대비 0.33%, 반등확인 통과, 이격 안정, 1H 30.2 >= EMA20 30.1 (기준 0.998), 모멘텀 돌파 직전 4봉 고점 돌파=차단, 거래량배수=0.02, 양봉=통과, RSI=차단, 1H MTF=통과"
upbit,2026-09-07T05:08:32+09:00,KRW-MET2,286.0,44,RSI 범위 이탈,COMPLETE,2026-09-07T05:10:00+09:00,2026-09-07T06:38:32+09:00,290.0,285.0,290.0,1.1151,-0.6283,1.1151,"1차 퀀트 관망 대기: 하드게이트 차단, 알파스코어 44점, MA5 <= MA20, RSI 40.0, %B 0.12, 저점거리 0.35%, 최근고점대비 1.75%, 반등확인 차단, 이격 안정, 1H 286.0 >= EMA20 282.9 (기준 0.998), 모멘텀 돌파 직전 4봉 고점 돌파=차단, 거래량배수=0.51, 양봉=차단, RSI=차단, 1H MTF=통과"
upbit,2026-09-07T05:08:32+09:00,KRW-ONDO,515.0,74,복합 조건 미달,COMPLETE,2026-09-07T05:10:00+09:00,2026-09-07T06:38:32+09:00,525.0,514.0,521.0,1.6567,-0.4732,0.8822,"1차 퀀트 관망 대기: 하드게이트 통과, 알파스코어 74점, MA5 <= MA20, RSI 50.0, %B 0.55, 저점거리 0.19%, 최근고점대비 0.19%, 반등확인 통과, 이격 안정, 1H 514.0 >= EMA20 512.5 (기준 0.998)"
upbit,2026-09-07T05:08:33+09:00,KRW-FIL,1088.0,50,하드 게이트,COMPLETE,2026-09-07T05:10:00+09:00,2026-09-07T06:38:33+09:00,1103.0,1089.0,1103.0,1.0952,-0.188,1.0952,"1차 퀀트 관망 대기: 하드게이트 차단, 알파스코어 50점, MA5 > MA20, RSI 66.7, %B 1.15, 저점거리 0.74%, 최근고점대비 0.00%, 반등확인 통과, 이격 안정, 1H 1085.0 >= EMA20 1083.3 (기준 0.998)"
upbit,2026-09-07T05:08:34+09:00,KRW-UNI,9700.0,59,반등 미확인,COMPLETE,2026-09-07T05:10:00+09:00,2026-09-07T06:38:34+09:00,9760.0,9675.0,9765.0,0.3372,-0.5366,0.3886,"1차 퀀트 관망 대기: 하드게이트 차단, 알파스코어 59점, MA5 <= MA20, RSI 37.2, %B 0.30, 저점거리 0.31%, 최근고점대비 0.36%, 반등확인 차단, 이격 안정, 1H 9720.0 >= EMA20 9588.8 (기준 0.998)"
upbit,2026-09-07T05:13:30+09:00,KRW-FLOCK,98.6,37,RSI 범위 이탈,COMPLETE,2026-09-07T05:15:00+09:00,2026-09-07T06:43:30+09:00,107.0,97.3,103.0,8.2158,-1.5944,4.1704,"1차 퀀트 관망 대기: 하드게이트 통과, 알파스코어 37점, MA5 <= MA20, RSI 44.0, %B 0.48, 저점거리 1.54%, 최근고점대비 0.51%, 반등확인 통과, 이격 안정, 1H 98.1 >= EMA20 96.9 (기준 0.998), 모멘텀 돌파 직전 4봉 고점 돌파=통과, 거래량배수=1.15, 양봉=통과, RSI=차단, 1H MTF=통과"
upbit,2026-09-07T05:13:30+09:00,KRW-NEAR,3294.0,74,RSI 범위 이탈,COMPLETE,2026-09-07T05:15:00+09:00,2026-09-07T06:43:30+09:00,3340.0,3268.0,3339.0,1.113,-1.0667,1.0827,"1차 퀀트 관망 대기: 하드게이트 통과, 알파스코어 74점, MA5 > MA20, RSI 44.6, %B 0.48, 저점거리 0.73%, 최근고점대비 1.09%, 반등확인 차단, 이격 안정, 1H 3296.0 >= EMA20 3200.3 (기준 0.998), 모멘텀 돌파 직전 4봉 고점 돌파=차단, 거래량배수=0.84, 양봉=차단, RSI=차단, 1H MTF=통과"
upbit,2026-09-07T05:13:31+09:00,KRW-PROM,7570.0,50,RSI 범위 이탈,COMPLETE,2026-09-07T05:15:00+09:00,2026-09-07T06:43:31+09:00,7600.0,7460.0,7510.0,0.1156,-1.7286,-1.07,"1차 퀀트 관망 대기: 하드게이트 차단, 알파스코어 50점, MA5 > MA20, RSI 82.3, %B 1.19, 저점거리 2.44%, 최근고점대비 0.00%, 반등확인 통과, 이격 안정, 1H 7495.0 >= EMA20 7331.1 (기준 0.998), 모멘텀 돌파 직전 4봉 고점 돌파=통과, 거래량배수=2.66, 양봉=통과, RSI=차단, 1H MTF=통과"
upbit,2026-09-07T05:13:31+09:00,KRW-ORCA,1908.0,37,RSI 범위 이탈,COMPLETE,2026-09-07T05:15:00+09:00,2026-09-07T06:43:31+09:00,1909.0,1882.0,1900.0,-0.2273,-1.6385,-0.6977,"1차 퀀트 관망 대기: 하드게이트 차단, 알파스코어 37점, MA5 <= MA20, RSI 22.1, %B 0.06, 저점거리 0.00%, 최근고점대비 1.99%, 반등확인 차단, 이격 안정, 1H 1926.0 >= EMA20 1889.2 (기준 0.998), 모멘텀 돌파 직전 4봉 고점 돌파=차단, 거래량배수=8.03, 양봉=차단, RSI=차단, 1H MTF=통과"
upbit,2026-09-07T05:13:32+09:00,KRW-SPK,30.1,74,RSI 범위 이탈,COMPLETE,2026-09-07T05:15:00+09:00,2026-09-07T06:43:32+09:00,30.2,29.9,30.1,0.0517,-0.9422,-0.2796,"1차 퀀트 관망 대기: 하드게이트 통과, 알파스코어 74점, MA5 <= MA20, RSI 45.5, %B 0.54, 저점거리 0.67%, 최근고점대비 0.33%, 반등확인 통과, 이격 안정, 1H 30.2 >= EMA20 30.1 (기준 0.998), 모멘텀 돌파 직전 4봉 고점 돌파=차단, 거래량배수=0.21, 양봉=통과, RSI=차단, 1H MTF=통과"
upbit,2026-09-07T05:13:32+09:00,KRW-ZAMA,77.2,59,RSI 범위 이탈,COMPLETE,2026-09-07T05:15:00+09:00,2026-09-07T06:43:32+09:00,77.1,76.0,76.8,-0.4088,-1.8297,-0.7963,"1차 퀀트 관망 대기: 하드게이트 차단, 알파스코어 59점, MA5 <= MA20, RSI 40.5, %B 0.45, 저점거리 1.18%, 최근고점대비 0.65%, 반등확인 통과, 이격 안정, 1H 76.6 >= EMA20 76.4 (기준 0.998), 모멘텀 돌파 직전 4봉 고점 돌파=통과, 거래량배수=0.28, 양봉=통과, RSI=차단, 1H MTF=통과"
upbit,2026-09-07T05:13:33+09:00,KRW-ONDO,515.0,74,복합 조건 미달,COMPLETE,2026-09-07T05:15:00+09:00,2026-09-07T06:43:33+09:00,525.0,515.0,522.0,1.6567,-0.2796,1.0758,"1차 퀀트 관망 대기: 하드게이트 통과, 알파스코어 74점, MA5 <= MA20, RSI 50.0, %B 0.62, 저점거리 0.19%, 최근고점대비 0.19%, 반등확인 통과, 이격 안정, 1H 514.0 >= EMA20 512.5 (기준 0.998)"
upbit,2026-09-07T05:13:33+09:00,KRW-VIRTUAL,949.0,74,하드 게이트,COMPLETE,2026-09-07T05:15:00+09:00,2026-09-07T06:43:33+09:00,986.0,955.0,985.0,3.6083,0.3509,3.5033,"1차 퀀트 관망 대기: 하드게이트 차단, 알파스코어 74점, MA5 <= MA20, RSI 44.4, %B 0.33, 저점거리 0.21%, 최근고점대비 0.42%, 반등확인 통과, 이격 안정, 1H 950.0 >= EMA20 945.0 (기준 0.998)"
upbit,2026-09-07T05:13:33+09:00,KRW-FIL,1090.0,49,하드 게이트,COMPLETE,2026-09-07T05:15:00+09:00,2026-09-07T06:43:33+09:00,1103.0,1089.0,1100.0,0.9097,-0.3711,0.6353,"1차 퀀트 관망 대기: 하드게이트 차단, 알파스코어 49점, MA5 > MA20, RSI 70.0, %B 1.16, 저점거리 0.93%, 최근고점대비 0.00%, 반등확인 통과, 이격 안정, 1H 1085.0 >= EMA20 1083.3 (기준 0.998)"
upbit,2026-09-07T05:13:34+09:00,KRW-UNI,9700.0,49,반등 미확인,COMPLETE,2026-09-07T05:15:00+09:00,2026-09-07T06:43:34+09:00,9765.0,9675.0,9780.0,0.3886,-0.5366,0.5428,"1차 퀀트 관망 대기: 하드게이트 차단, 알파스코어 49점, MA5 <= MA20, RSI 27.0, %B 0.32, 저점거리 0.31%, 최근고점대비 0.36%, 반등확인 차단, 이격 안정, 1H 9720.0 >= EMA20 9588.8 (기준 0.998)"
upbit,2026-09-07T05:18:34+09:00,KRW-JUP,363.0,55,RSI 범위 이탈,COMPLETE,2026-09-07T05:20:00+09:00,2026-09-07T06:48:34+09:00,366.0,355.0,363.0,0.5445,-2.4773,-0.2796,"1차 퀀트 관망 대기: 하드게이트 통과, 알파스코어 55점, MA5 <= MA20, RSI 45.5, %B 0.61, 저점거리 1.68%, 최근고점대비 0.00%, 반등확인 통과, 이격 안정, 1H 359.0 >= EMA20 346.1 (기준 0.998), 모멘텀 돌파 직전 4봉 고점 돌파=통과, 거래량배수=1.20, 양봉=통과, RSI=차단, 1H MTF=통과"
upbit,2026-09-07T05:18:34+09:00,KRW-NEAR,3309.0,74,거래량 부족,COMPLETE,2026-09-07T05:20:00+09:00,2026-09-07T06:48:34+09:00,3346.0,3268.0,3346.0,0.8354,-1.5152,0.8354,"1차 퀀트 관망 대기: 하드게이트 통과, 알파스코어 74점, MA5 > MA20, RSI 55.2, %B 0.68, 저점거리 1.19%, 최근고점대비 0.63%, 반등확인 통과, 이격 안정, 1H 3296.0 >= EMA20 3200.3 (기준 0.998), 모멘텀 돌파 직전 4봉 고점 돌파=차단, 거래량배수=0.53, 양봉=통과, RSI=통과, 1H MTF=통과"
upbit,2026-09-07T05:18:34+09:00,KRW-ZAMA,77.0,39,RSI 범위 이탈,COMPLETE,2026-09-07T05:20:00+09:00,2026-09-07T06:48:34+09:00,77.1,76.0,77.6,-0.1501,-1.5747,0.4974,"1차 퀀트 관망 대기: 하드게이트 차단, 알파스코어 39점, MA5 <= MA20, RSI 38.5, %B 0.35, 저점거리 0.92%, 최근고점대비 0.91%, 반등확인 차단, 이격 안정, 1H 76.6 >= EMA20 76.4 (기준 0.998), 모멘텀 돌파 직전 4봉 고점 돌파=차단, 거래량배수=0.20, 양봉=차단, RSI=차단, 1H MTF=통과"
upbit,2026-09-07T05:18:35+09:00,KRW-PROM,7530.0,47,돌파 미확인,COMPLETE,2026-09-07T05:20:00+09:00,2026-09-07T06:48:35+09:00,7600.0,7460.0,7530.0,0.6474,-1.2066,-0.2796,"1차 퀀트 관망 대기: 하드게이트 차단, 알파스코어 47점, MA5 > MA20, RSI 71.2, %B 0.93, 저점거리 1.89%, 최근고점대비 0.53%, 반등확인 차단, 이격 안정, 1H 7495.0 >= EMA20 7331.1 (기준 0.998), 모멘텀 돌파 직전 4봉 고점 돌파=차단, 거래량배수=1.67, 양봉=차단, RSI=통과, 1H MTF=통과"
upbit,2026-09-07T05:18:35+09:00,KRW-WLD,563.0,74,RSI 범위 이탈,COMPLETE,2026-09-07T05:20:00+09:00,2026-09-07T06:48:35+09:00,573.0,560.0,576.0,1.4916,-0.811,2.023,"1차 퀀트 관망 대기: 하드게이트 통과, 알파스코어 74점, MA5 > MA20, RSI 50.0, %B 0.54, 저점거리 0.36%, 최근고점대비 0.53%, 반등확인 통과, 이격 안정, 1H 562.0 >= EMA20 556.0 (기준 0.998), 모멘텀 돌파 직전 4봉 고점 돌파=차단, 거래량배수=0.00, 양봉=통과, RSI=차단, 1H MTF=통과"
upbit,2026-09-07T05:18:36+09:00,KRW-ONDO,515.0,74,복합 조건 미달,COMPLETE,2026-09-07T05:20:00+09:00,2026-09-07T06:48:36+09:00,525.0,515.0,521.0,1.6567,-0.2796,0.8822,"1차 퀀트 관망 대기: 하드게이트 통과, 알파스코어 74점, MA5 > MA20, RSI 50.0, %B 0.66, 저점거리 0.19%, 최근고점대비 0.19%, 반등확인 통과, 이격 안정, 1H 514.0 >= EMA20 512.5 (기준 0.998)"
upbit,2026-09-07T05:18:36+09:00,KRW-VIRTUAL,959.0,60,하드 게이트,COMPLETE,2026-09-07T05:20:00+09:00,2026-09-07T06:48:36+09:00,989.0,955.0,987.0,2.8399,-0.6955,2.6319,"1차 퀀트 관망 대기: 하드게이트 차단, 알파스코어 60점, MA5 > MA20, RSI 63.0, %B 1.36, 저점거리 1.27%, 최근고점대비 0.00%, 반등확인 통과, 이격 안정, 1H 950.0 >= EMA20 945.0 (기준 0.998)"
upbit,2026-09-07T05:18:37+09:00,KRW-UNI,9690.0,54,반등 미확인,COMPLETE,2026-09-07T05:20:00+09:00,2026-09-07T06:48:37+09:00,9780.0,9675.0,9765.0,0.6466,-0.434,0.4922,"1차 퀀트 관망 대기: 하드게이트 차단, 알파스코어 54점, MA5 <= MA20, RSI 37.0, %B 0.26, 저점거리 0.21%, 최근고점대비 0.46%, 반등확인 차단, 이격 안정, 1H 9720.0 >= EMA20 9588.8 (기준 0.998)"
upbit,2026-09-07T05:18:37+09:00,KRW-FIL,1091.0,52,하드 게이트,COMPLETE,2026-09-07T05:20:00+09:00,2026-09-07T06:48:37+09:00,1104.0,1093.0,1098.0,0.9086,-0.0968,0.3602,"1차 퀀트 관망 대기: 하드게이트 차단, 알파스코어 52점, MA5 > MA20, RSI 71.4, %B 1.11, 저점거리 1.02%, 최근고점대비 0.18%, 반등확인 통과, 이격 안정, 1H 1085.0 >= EMA20 1083.3 (기준 0.998)"
upbit,2026-09-07T05:18:38+09:00,KRW-AVAX,10440.0,74,하드 게이트,COMPLETE,2026-09-07T05:20:00+09:00,2026-09-07T06:48:38+09:00,10720.0,10470.0,10620.0,2.3949,0.0069,1.4397,"1차 퀀트 관망 대기: 하드게이트 차단, 알파스코어 74점, MA5 > MA20, RSI 59.1, %B 0.78, 저점거리 0.29%, 최근고점대비 0.00%, 반등확인 통과, 이격 안정, 1H 10440.0 >= EMA20 10416.7 (기준 0.998)"
upbit,2026-09-07T05:23:31+09:00,KRW-JUP,363.0,52,RSI 범위 이탈,COMPLETE,2026-09-07T05:25:00+09:00,2026-09-07T06:53:31+09:00,366.0,355.0,362.0,0.5445,-2.4773,-0.5543,"1차 퀀트 관망 대기: 하드게이트 차단, 알파스코어 52점, MA5 <= MA20, RSI 50.0, %B 0.63, 저점거리 1.68%, 최근고점대비 0.28%, 반등확인 통과, 이격 안정, 1H 359.0 >= EMA20 346.1 (기준 0.998), 모멘텀 돌파 직전 4봉 고점 돌파=차단, 거래량배수=0.00, 양봉=통과, RSI=차단, 1H MTF=통과"
upbit,2026-09-07T05:23:31+09:00,KRW-NEAR,3312.0,74,거래량 부족,COMPLETE,2026-09-07T05:25:00+09:00,2026-09-07T06:53:31+09:00,3364.0,3268.0,3389.0,1.286,-1.6044,2.0388,"1차 퀀트 관망 대기: 하드게이트 통과, 알파스코어 74점, MA5 > MA20, RSI 57.1, %B 0.71, 저점거리 1.01%, 최근고점대비 0.54%, 반등확인 통과, 이격 안정, 1H 3296.0 >= EMA20 3200.3 (기준 0.998), 모멘텀 돌파 직전 4봉 고점 돌파=차단, 거래량배수=0.04, 양봉=통과, RSI=통과, 1H MTF=통과"
upbit,2026-09-07T05:23:32+09:00,KRW-ZAMA,77.0,59,RSI 범위 이탈,COMPLETE,2026-09-07T05:25:00+09:00,2026-09-07T06:53:32+09:00,77.7,76.0,77.7,0.6269,-1.5747,0.6269,"1차 퀀트 관망 대기: 하드게이트 통과, 알파스코어 59점, MA5 <= MA20, RSI 42.9, %B 0.36, 저점거리 0.92%, 최근고점대비 0.91%, 반등확인 차단, 이격 안정, 1H 76.6 >= EMA20 76.4 (기준 0.998), 모멘텀 돌파 직전 4봉 고점 돌파=차단, 거래량배수=0.14, 양봉=차단, RSI=차단, 1H MTF=통과"
upbit,2026-09-07T05:23:32+09:00,KRW-PROM,7535.0,44,거래량 부족,COMPLETE,2026-09-07T05:25:00+09:00,2026-09-07T06:53:32+09:00,7600.0,7460.0,7560.0,0.5806,-1.2722,0.0512,"1차 퀀트 관망 대기: 하드게이트 차단, 알파스코어 44점, MA5 > MA20, RSI 70.3, %B 0.90, 저점거리 1.89%, 최근고점대비 0.46%, 반등확인 통과, 이격 안정, 1H 7495.0 >= EMA20 7331.1 (기준 0.998), 모멘텀 돌파 직전 4봉 고점 돌파=차단, 거래량배수=0.23, 양봉=통과, RSI=통과, 1H MTF=통과"
upbit,2026-09-07T05:23:33+09:00,KRW-WLD,564.0,59,거래량 부족,COMPLETE,2026-09-07T05:25:00+09:00,2026-09-07T06:53:33+09:00,577.0,560.0,577.0,2.0189,-0.9868,2.0189,"1차 퀀트 관망 대기: 하드게이트 차단, 알파스코어 59점, MA5 > MA20, RSI 53.9, %B 0.80, 저점거리 0.53%, 최근고점대비 0.35%, 반등확인 통과, 이격 안정, 1H 562.0 >= EMA20 556.0 (기준 0.998), 모멘텀 돌파 직전 4봉 고점 돌파=차단, 거래량배수=0.43, 양봉=통과, RSI=통과, 1H MTF=통과"
upbit,2026-09-07T05:23:36+09:00,KRW-ORCA,1899.0,34,RSI 범위 이탈,COMPLETE,2026-09-07T05:25:00+09:00,2026-09-07T06:53:36+09:00,1909.0,1882.0,1893.0,0.2455,-1.1723,-0.5947,"1차 퀀트 관망 대기: 하드게이트 차단, 알파스코어 34점, MA5 <= MA20, RSI 23.5, %B 0.07, 저점거리 0.00%, 최근고점대비 2.42%, 반등확인 차단, 이격 안정, 1H 1926.0 >= EMA20 1889.2 (기준 0.998), 모멘텀 돌파 직전 4봉 고점 돌파=차단, 거래량배수=0.85, 양봉=차단, RSI=차단, 1H MTF=통과"
upbit,2026-09-07T05:23:36+09:00,KRW-TAO,365000.0,54,거래량 부족,COMPLETE,2026-09-07T05:25:00+09:00,2026-09-07T06:53:36+09:00,370000.0,362600.0,361300.0,1.0864,-0.9353,-1.2905,"1차 퀀트 관망 대기: 하드게이트 차단, 알파스코어 54점, MA5 > MA20, RSI 70.6, %B 0.73, 저점거리 2.38%, 최근고점대비 0.93%, 반등확인 차단, 이격 안정, 1H 365000.0 >= EMA20 334935.4 (기준 0.998), 모멘텀 돌파 직전 4봉 고점 돌파=차단, 거래량배수=0.09, 양봉=차단, RSI=통과, 1H MTF=통과"
upbit,2026-09-07T05:23:37+09:00,KRW-VIRTUAL,956.0,59,반등 미확인,COMPLETE,2026-09-07T05:25:00+09:00,2026-09-07T06:53:37+09:00,989.0,958.0,983.0,3.1626,-0.071,2.5368,"1차 퀀트 관망 대기: 하드게이트 차단, 알파스코어 59점, MA5 > MA20, RSI 58.6, %B 0.98, 저점거리 0.95%, 최근고점대비 0.31%, 반등확인 차단, 이격 안정, 1H 950.0 >= EMA20 945.0 (기준 0.998)"
upbit,2026-09-07T05:28:33+09:00,KRW-JUP,362.0,67,RSI 범위 이탈,COMPLETE,2026-09-07T05:30:00+09:00,2026-09-07T06:58:33+09:00,366.0,355.0,362.0,0.8223,-2.2079,-0.2796,"1차 퀀트 관망 대기: 하드게이트 통과, 알파스코어 67점, MA5 <= MA20, RSI 47.6, %B 0.55, 저점거리 1.40%, 최근고점대비 0.55%, 반등확인 차단, 이격 안정, 1H 359.0 >= EMA20 346.1 (기준 0.998), 모멘텀 돌파 직전 4봉 고점 돌파=차단, 거래량배수=0.70, 양봉=차단, RSI=차단, 1H MTF=통과"
upbit,2026-09-07T05:28:34+09:00,KRW-NEAR,3308.0,69,거래량 부족,COMPLETE,2026-09-07T05:30:00+09:00,2026-09-07T06:58:34+09:00,3393.0,3268.0,3363.0,2.2827,-1.4854,1.3784,"1차 퀀트 관망 대기: 하드게이트 차단, 알파스코어 69점, MA5 > MA20, RSI 62.9, %B 0.62, 저점거리 0.88%, 최근고점대비 0.67%, 반등확인 차단, 이격 안정, 1H 3296.0 >= EMA20 3200.3 (기준 0.998), 모멘텀 돌파 직전 4봉 고점 돌파=차단, 거래량배수=0.41, 양봉=차단, RSI=통과, 1H MTF=통과"
upbit,2026-09-07T05:28:34+09:00,KRW-WLD,566.0,62,하드 게이트,COMPLETE,2026-09-07T05:30:00+09:00,2026-09-07T06:58:34+09:00,577.0,560.0,572.0,1.6584,-1.3367,0.7775,"1차 퀀트 관망 대기: 하드게이트 차단, 알파스코어 62점, MA5 > MA20, RSI 60.0, %B 1.19, 저점거리 0.89%, 최근고점대비 0.00%, 반등확인 통과, 이격 안정, 1H 562.0 >= EMA20 556.0 (기준 0.998), 모멘텀 돌파 직전 4봉 고점 돌파=통과, 거래량배수=1.65, 양봉=통과, RSI=통과, 1H MTF=통과"
upbit,2026-09-07T05:28:34+09:00,KRW-ONDO,516.0,44,하드 게이트,COMPLETE,2026-09-07T05:30:00+09:00,2026-09-07T06:58:34+09:00,525.0,515.0,518.0,1.4597,-0.4729,0.1069,"1차 퀀트 관망 대기: 하드게이트 차단, 알파스코어 44점, MA5 > MA20, RSI 66.7, %B 1.08, 저점거리 0.39%, 최근고점대비 0.00%, 반등확인 통과, 이격 안정, 1H 514.0 >= EMA20 512.5 (기준 0.998)"
upbit,2026-09-07T05:28:35+09:00,KRW-ORCA,1905.0,34,RSI 범위 이탈,COMPLETE,2026-09-07T05:30:00+09:00,2026-09-07T06:58:35+09:00,1909.0,1882.0,1886.0,-0.0702,-1.4836,-1.2742,"1차 퀀트 관망 대기: 하드게이트 차단, 알파스코어 34점, MA5 <= MA20, RSI 25.3, %B 0.19, 저점거리 0.32%, 최근고점대비 1.99%, 반등확인 통과, 이격 안정, 1H 1926.0 >= EMA20 1889.2 (기준 0.998), 모멘텀 돌파 직전 4봉 고점 돌파=차단, 거래량배수=0.15, 양봉=통과, RSI=차단, 1H MTF=통과"
upbit,2026-09-07T05:28:35+09:00,KRW-TAO,367400.0,59,거래량 부족,COMPLETE,2026-09-07T05:30:00+09:00,2026-09-07T06:58:35+09:00,370000.0,361000.0,360500.0,0.4261,-2.0167,-2.1524,"1차 퀀트 관망 대기: 하드게이트 차단, 알파스코어 59점, MA5 > MA20, RSI 59.9, %B 0.81, 저점거리 3.06%, 최근고점대비 0.27%, 반등확인 통과, 이격 안정, 1H 365000.0 >= EMA20 334935.4 (기준 0.998), 모멘텀 돌파 직전 4봉 고점 돌파=차단, 거래량배수=0.26, 양봉=통과, RSI=통과, 1H MTF=통과"
upbit,2026-09-07T05:28:36+09:00,KRW-VIRTUAL,959.0,57,하드 게이트,COMPLETE,2026-09-07T05:30:00+09:00,2026-09-07T06:58:36+09:00,989.0,959.0,984.0,2.8399,-0.2796,2.32,"1차 퀀트 관망 대기: 하드게이트 차단, 알파스코어 57점, MA5 > MA20, RSI 62.5, %B 1.10, 저점거리 1.27%, 최근고점대비 0.00%, 반등확인 통과, 이격 안정, 1H 950.0 >= EMA20 945.0 (기준 0.998)"
upbit,2026-09-07T05:28:36+09:00,KRW-UNI,9755.0,49,하드 게이트,COMPLETE,2026-09-07T05:30:00+09:00,2026-09-07T06:58:36+09:00,9795.0,9675.0,9745.0,0.1293,-1.0974,-0.3818,"1차 퀀트 관망 대기: 하드게이트 차단, 알파스코어 49점, MA5 <= MA20, RSI 71.9, %B 0.84, 저점거리 0.67%, 최근고점대비 0.05%, 반등확인 통과, 이격 안정, 1H 9720.0 >= EMA20 9588.8 (기준 0.998)"
upbit,2026-09-07T05:28:37+09:00,KRW-FIL,1091.0,52,하드 게이트,COMPLETE,2026-09-07T05:30:00+09:00,2026-09-07T06:58:37+09:00,1104.0,1093.0,1096.0,0.9086,-0.0968,0.1774,"1차 퀀트 관망 대기: 하드게이트 차단, 알파스코어 52점, MA5 > MA20, RSI 71.4, %B 1.11, 저점거리 1.02%, 최근고점대비 0.18%, 반등확인 통과, 이격 안정, 1H 1085.0 >= EMA20 1083.3 (기준 0.998)"
upbit,2026-09-07T05:28:37+09:00,KRW-AVAX,10480.0,49,하드 게이트,COMPLETE,2026-09-07T05:30:00+09:00,2026-09-07T06:58:37+09:00,10720.0,10500.0,10580.0,2.0041,-0.0893,0.6719,"1차 퀀트 관망 대기: 하드게이트 차단, 알파스코어 49점, MA5 > MA20, RSI 68.0, %B 1.07, 저점거리 0.67%, 최근고점대비 0.10%, 반등확인 통과, 이격 안정, 1H 10440.0 >= EMA20 10416.7 (기준 0.998)"
upbit,2026-09-07T05:33:33+09:00,KRW-FLOCK,100.0,52,거래량 부족,COMPLETE,2026-09-07T05:35:00+09:00,2026-09-07T07:03:33+09:00,107.0,100.0,102.0,6.7008,-0.2796,1.7148,"1차 퀀트 관망 대기: 하드게이트 차단, 알파스코어 52점, MA5 > MA20, RSI 62.0, %B 0.79, 저점거리 2.99%, 최근고점대비 2.00%, 반등확인 차단, 이격 안정, 1H 98.1 >= EMA20 96.9 (기준 0.998), 모멘텀 돌파 직전 4봉 고점 돌파=차단, 거래량배수=0.57, 양봉=차단, RSI=통과, 1H MTF=통과"
upbit,2026-09-07T05:33:34+09:00,KRW-NEAR,3287.0,54,RSI 범위 이탈,COMPLETE,2026-09-07T05:35:00+09:00,2026-09-07T07:03:34+09:00,3398.0,3268.0,3328.0,3.0879,-0.856,0.9642,"1차 퀀트 관망 대기: 하드게이트 통과, 알파스코어 54점, MA5 > MA20, RSI 51.7, %B 0.23, 저점거리 0.24%, 최근고점대비 1.16%, 반등확인 차단, 이격 안정, 1H 3296.0 >= EMA20 3200.3 (기준 0.998), 모멘텀 돌파 직전 4봉 고점 돌파=차단, 거래량배수=0.43, 양봉=차단, RSI=차단, 1H MTF=통과"
upbit,2026-09-07T05:33:34+09:00,KRW-JUP,363.0,67,거래량 부족,COMPLETE,2026-09-07T05:35:00+09:00,2026-09-07T07:03:34+09:00,366.0,355.0,360.0,0.5445,-2.4773,-1.1037,"1차 퀀트 관망 대기: 하드게이트 통과, 알파스코어 67점, MA5 > MA20, RSI 57.9, %B 0.66, 저점거리 1.68%, 최근고점대비 0.28%, 반등확인 통과, 이격 안정, 1H 359.0 >= EMA20 346.1 (기준 0.998), 모멘텀 돌파 직전 4봉 고점 돌파=차단, 거래량배수=0.25, 양봉=통과, RSI=통과, 1H MTF=통과"
upbit,2026-09-07T05:33:34+09:00,KRW-ZAMA,76.9,37,RSI 범위 이탈,COMPLETE,2026-09-07T05:35:00+09:00,2026-09-07T07:03:34+09:00,77.8,76.0,77.6,0.8875,-1.4467,0.6281,"1차 퀀트 관망 대기: 하드게이트 통과, 알파스코어 37점, MA5 <= MA20, RSI 48.4, %B 0.35, 저점거리 0.79%, 최근고점대비 0.52%, 반등확인 통과, 이격 안정, 1H 76.6 >= EMA20 76.4 (기준 0.998), 모멘텀 돌파 직전 4봉 고점 돌파=차단, 거래량배수=0.11, 양봉=통과, RSI=차단, 1H MTF=통과"
upbit,2026-09-07T05:33:35+09:00,KRW-PROM,7585.0,50,RSI 범위 이탈,COMPLETE,2026-09-07T05:35:00+09:00,2026-09-07T07:03:35+09:00,7565.0,7460.0,7555.0,-0.5425,-1.923,-0.674,"1차 퀀트 관망 대기: 하드게이트 차단, 알파스코어 50점, MA5 > MA20, RSI 75.0, %B 0.95, 저점거리 2.22%, 최근고점대비 0.20%, 반등확인 통과, 이격 안정, 1H 7495.0 >= EMA20 7331.1 (기준 0.998), 모멘텀 돌파 직전 4봉 고점 돌파=통과, 거래량배수=2.02, 양봉=통과, RSI=차단, 1H MTF=통과"
upbit,2026-09-07T05:33:35+09:00,KRW-LINK,16920.0,54,하드 게이트,COMPLETE,2026-09-07T05:35:00+09:00,2026-09-07T07:03:35+09:00,18160.0,17030.0,17470.0,7.0285,0.3687,2.9619,"1차 퀀트 관망 대기: 하드게이트 차단, 알파스코어 54점, MA5 > MA20, RSI 63.2, %B 1.03, 저점거리 0.89%, 최근고점대비 0.06%, 반등확인 통과, 이격 안정, 1H 16870.0 >= EMA20 16693.1 (기준 0.998)"
upbit,2026-09-07T05:33:36+09:00,KRW-ONDO,515.0,77,반등 미확인,COMPLETE,2026-09-07T05:35:00+09:00,2026-09-07T07:03:36+09:00,525.0,515.0,516.0,1.6567,-0.2796,-0.086,"1차 퀀트 관망 대기: 하드게이트 통과, 알파스코어 77점, MA5 > MA20, RSI 50.0, %B 0.62, 저점거리 0.19%, 최근고점대비 0.19%, 반등확인 차단, 이격 안정, 1H 514.0 >= EMA20 512.5 (기준 0.998)"
upbit,2026-09-07T05:33:36+09:00,KRW-FIL,1089.0,49,하드 게이트,COMPLETE,2026-09-07T05:35:00+09:00,2026-09-07T07:03:36+09:00,1104.0,1093.0,1089.0,1.094,0.0867,-0.2796,"1차 퀀트 관망 대기: 하드게이트 차단, 알파스코어 49점, MA5 > MA20, RSI 68.2, %B 0.90, 저점거리 0.83%, 최근고점대비 0.37%, 반등확인 통과, 이격 안정, 1H 1085.0 >= EMA20 1083.3 (기준 0.998)"
upbit,2026-09-07T05:33:36+09:00,KRW-AVAX,10510.0,49,하드 게이트,COMPLETE,2026-09-07T05:35:00+09:00,2026-09-07T07:03:36+09:00,10720.0,10500.0,10550.0,1.7129,-0.3745,0.0999,"1차 퀀트 관망 대기: 하드게이트 차단, 알파스코어 49점, MA5 > MA20, RSI 68.0, %B 1.17, 저점거리 0.96%, 최근고점대비 0.10%, 반등확인 통과, 이격 안정, 1H 10440.0 >= EMA20 10416.7 (기준 0.998)"
upbit,2026-09-07T05:33:37+09:00,KRW-UNI,9735.0,74,반등 미확인,COMPLETE,2026-09-07T05:35:00+09:00,2026-09-07T07:03:37+09:00,9795.0,9675.0,9735.0,0.335,-0.8942,-0.2796,"1차 퀀트 관망 대기: 하드게이트 차단, 알파스코어 74점, MA5 > MA20, RSI 65.7, %B 0.66, 저점거리 0.46%, 최근고점대비 0.26%, 반등확인 차단, 이격 안정, 1H 9720.0 >= EMA20 9588.8 (기준 0.998)"
upbit,2026-09-07T05:38:35+09:00,KRW-JUP,362.0,67,거래량 부족,COMPLETE,2026-09-07T05:40:00+09:00,2026-09-07T07:08:35+09:00,366.0,355.0,360.0,0.8223,-2.2079,-0.8305,"1차 퀀트 관망 대기: 하드게이트 통과, 알파스코어 67점, MA5 > MA20, RSI 52.6, %B 0.58, 저점거리 1.12%, 최근고점대비 0.55%, 반등확인 차단, 이격 안정, 1H 359.0 >= EMA20 346.1 (기준 0.998), 모멘텀 돌파 직전 4봉 고점 돌파=차단, 거래량배수=0.47, 양봉=차단, RSI=통과, 1H MTF=통과"
upbit,2026-09-07T05:38:35+09:00,KRW-PROM,7545.0,54,거래량 부족,COMPLETE,2026-09-07T05:40:00+09:00,2026-09-07T07:08:35+09:00,7565.0,7460.0,7555.0,-0.0153,-1.403,-0.1474,"1차 퀀트 관망 대기: 하드게이트 차단, 알파스코어 54점, MA5 > MA20, RSI 70.8, %B 0.77, 저점거리 1.55%, 최근고점대비 0.73%, 반등확인 차단, 이격 안정, 1H 7495.0 >= EMA20 7331.1 (기준 0.998), 모멘텀 돌파 직전 4봉 고점 돌파=차단, 거래량배수=0.70, 양봉=차단, RSI=통과, 1H MTF=통과"
upbit,2026-09-07T05:38:36+09:00,KRW-JTO,617.0,74,거래량 부족,COMPLETE,2026-09-07T05:40:00+09:00,2026-09-07T07:08:36+09:00,657.0,621.0,643.0,6.1852,0.3669,3.9225,"1차 퀀트 관망 대기: 하드게이트 통과, 알파스코어 74점, MA5 > MA20, RSI 52.9, %B 0.67, 저점거리 0.98%, 최근고점대비 0.97%, 반등확인 통과, 이격 안정, 1H 614.0 >= EMA20 605.4 (기준 0.998), 모멘텀 돌파 직전 4봉 고점 돌파=차단, 거래량배수=0.21, 양봉=통과, RSI=통과, 1H MTF=통과"
upbit,2026-09-07T05:38:36+09:00,KRW-TAO,367500.0,54,거래량 부족,COMPLETE,2026-09-07T05:40:00+09:00,2026-09-07T07:08:36+09:00,370000.0,359200.0,358900.0,0.3988,-2.5318,-2.6132,"1차 퀀트 관망 대기: 하드게이트 차단, 알파스코어 54점, MA5 > MA20, RSI 69.4, %B 0.78, 저점거리 2.42%, 최근고점대비 0.54%, 반등확인 통과, 이격 안정, 1H 365000.0 >= EMA20 334935.4 (기준 0.998), 모멘텀 돌파 직전 4봉 고점 돌파=차단, 거래량배수=0.34, 양봉=통과, RSI=통과, 1H MTF=통과"
upbit,2026-09-07T05:38:36+09:00,KRW-WLD,564.0,74,거래량 부족,COMPLETE,2026-09-07T05:40:00+09:00,2026-09-07T07:08:36+09:00,577.0,560.0,567.0,2.0189,-0.9868,0.2508,"1차 퀀트 관망 대기: 하드게이트 통과, 알파스코어 74점, MA5 > MA20, RSI 56.2, %B 0.69, 저점거리 0.36%, 최근고점대비 0.35%, 반등확인 차단, 이격 안정, 1H 562.0 >= EMA20 556.0 (기준 0.998), 모멘텀 돌파 직전 4봉 고점 돌파=차단, 거래량배수=0.99, 양봉=차단, RSI=통과, 1H MTF=통과"
upbit,2026-09-07T05:38:37+09:00,KRW-ONDO,517.0,60,하드 게이트,COMPLETE,2026-09-07T05:40:00+09:00,2026-09-07T07:08:37+09:00,525.0,515.0,517.0,1.2635,-0.6654,-0.2796,"1차 퀀트 관망 대기: 하드게이트 차단, 알파스코어 60점, MA5 > MA20, RSI 62.5, %B 1.24, 저점거리 0.58%, 최근고점대비 0.00%, 반등확인 통과, 이격 안정, 1H 514.0 >= EMA20 512.5 (기준 0.998)"
upbit,2026-09-07T05:38:37+09:00,KRW-AVAX,10510.0,44,하드 게이트,COMPLETE,2026-09-07T05:40:00+09:00,2026-09-07T07:08:37+09:00,10720.0,10500.0,10540.0,1.7129,-0.3745,0.005,"1차 퀀트 관망 대기: 하드게이트 차단, 알파스코어 44점, MA5 > MA20, RSI 68.0, %B 1.17, 저점거리 0.96%, 최근고점대비 0.10%, 반등확인 통과, 이격 안정, 1H 10440.0 >= EMA20 10416.7 (기준 0.998)"
upbit,2026-09-07T05:38:37+09:00,KRW-UNI,9730.0,72,반등 미확인,COMPLETE,2026-09-07T05:40:00+09:00,2026-09-07T07:08:37+09:00,9795.0,9675.0,9730.0,0.3866,-0.8433,-0.2796,"1차 퀀트 관망 대기: 하드게이트 통과, 알파스코어 72점, MA5 > MA20, RSI 62.9, %B 0.63, 저점거리 0.41%, 최근고점대비 0.31%, 반등확인 차단, 이격 안정, 1H 9720.0 >= EMA20 9588.8 (기준 0.998)"
upbit,2026-09-07T05:38:38+09:00,KRW-ADA,300.0,39,하드 게이트,COMPLETE,2026-09-07T05:40:00+09:00,2026-09-07T07:08:38+09:00,303.0,299.0,300.0,0.7176,-0.612,-0.2796,"1차 퀀트 관망 대기: 하드게이트 차단, 알파스코어 39점, MA5 > MA20, RSI 66.7, %B 0.89, 저점거리 0.67%, 최근고점대비 0.33%, 반등확인 통과, 이격 안정, 1H 298.0 >= EMA20 298.5 (기준 0.998)"
upbit,2026-09-07T05:38:38+09:00,KRW-LINK,17020.0,50,RSI 범위 이탈,COMPLETE,2026-09-07T05:40:00+09:00,2026-09-07T07:08:38+09:00,18160.0,17130.0,17520.0,6.3997,0.3649,2.6499,"1차 퀀트 관망 대기: 하드게이트 차단, 알파스코어 50점, MA5 > MA20, RSI 72.3, %B 1.29, 저점거리 1.49%, 최근고점대비 0.18%, 반등확인 통과, 이격 안정, 1H 16870.0 >= EMA20 16693.1 (기준 0.998), 모멘텀 돌파 직전 4봉 고점 돌파=통과, 거래량배수=17.17, 양봉=통과, RSI=차단, 1H MTF=통과"
upbit,2026-09-07T05:43:31+09:00,KRW-PROM,7565.0,44,거래량 부족,COMPLETE,2026-09-07T05:45:00+09:00,2026-09-07T07:13:31+09:00,7560.0,7460.0,7515.0,-0.3455,-1.6637,-0.9387,"1차 퀀트 관망 대기: 하드게이트 차단, 알파스코어 44점, MA5 > MA20, RSI 68.2, %B 0.82, 저점거리 1.75%, 최근고점대비 0.46%, 반등확인 통과, 이격 안정, 1H 7495.0 >= EMA20 7331.1 (기준 0.998), 모멘텀 돌파 직전 4봉 고점 돌파=차단, 거래량배수=0.09, 양봉=통과, RSI=통과, 1H MTF=통과"
upbit,2026-09-07T05:43:31+09:00,KRW-NEAR,3288.0,39,RSI 범위 이탈,COMPLETE,2026-09-07T05:45:00+09:00,2026-09-07T07:13:31+09:00,3398.0,3268.0,3297.0,3.0565,-0.8862,-0.0067,"1차 퀀트 관망 대기: 하드게이트 차단, 알파스코어 39점, MA5 <= MA20, RSI 31.8, %B 0.27, 저점거리 0.37%, 최근고점대비 1.09%, 반등확인 통과, 이격 안정, 1H 3296.0 >= EMA20 3200.3 (기준 0.998), 모멘텀 돌파 직전 4봉 고점 돌파=차단, 거래량배수=0.56, 양봉=통과, RSI=차단, 1H MTF=통과"
upbit,2026-09-07T05:43:32+09:00,KRW-JTO,620.0,47,돌파 미확인,COMPLETE,2026-09-07T05:45:00+09:00,2026-09-07T07:13:32+09:00,657.0,621.0,639.0,5.6714,-0.1188,2.7763,"1차 퀀트 관망 대기: 하드게이트 차단, 알파스코어 47점, MA5 > MA20, RSI 66.7, %B 0.99, 저점거리 1.47%, 최근고점대비 0.48%, 반등확인 통과, 이격 안정, 1H 614.0 >= EMA20 605.4 (기준 0.998), 모멘텀 돌파 직전 4봉 고점 돌파=차단, 거래량배수=1.67, 양봉=통과, RSI=통과, 1H MTF=통과"
upbit,2026-09-07T05:43:32+09:00,KRW-ZAMA,76.8,44,RSI 범위 이탈,COMPLETE,2026-09-07T05:45:00+09:00,2026-09-07T07:13:32+09:00,77.8,76.0,77.2,1.0188,-1.3184,0.2398,"1차 퀀트 관망 대기: 하드게이트 차단, 알파스코어 44점, MA5 <= MA20, RSI 40.0, %B 0.33, 저점거리 0.66%, 최근고점대비 0.65%, 반등확인 통과, 이격 안정, 1H 76.6 >= EMA20 76.4 (기준 0.998), 모멘텀 돌파 직전 4봉 고점 돌파=차단, 거래량배수=0.91, 양봉=통과, RSI=차단, 1H MTF=통과"
upbit,2026-09-07T05:43:33+09:00,KRW-TAO,367000.0,54,RSI 범위 이탈,COMPLETE,2026-09-07T05:45:00+09:00,2026-09-07T07:13:33+09:00,370000.0,358500.0,354800.0,0.5355,-2.5892,-3.5946,"1차 퀀트 관망 대기: 하드게이트 차단, 알파스코어 54점, MA5 > MA20, RSI 73.0, %B 0.75, 저점거리 1.97%, 최근고점대비 0.68%, 반등확인 통과, 이격 안정, 1H 365000.0 >= EMA20 334935.4 (기준 0.998), 모멘텀 돌파 직전 4봉 고점 돌파=차단, 거래량배수=0.30, 양봉=통과, RSI=차단, 1H MTF=통과"
upbit,2026-09-07T05:43:33+09:00,KRW-WLD,563.0,74,거래량 부족,COMPLETE,2026-09-07T05:45:00+09:00,2026-09-07T07:13:33+09:00,577.0,560.0,565.0,2.2001,-0.811,0.0746,"1차 퀀트 관망 대기: 하드게이트 통과, 알파스코어 74점, MA5 > MA20, RSI 52.9, %B 0.47, 저점거리 0.18%, 최근고점대비 0.53%, 반등확인 통과, 이격 안정, 1H 562.0 >= EMA20 556.0 (기준 0.998), 모멘텀 돌파 직전 4봉 고점 돌파=차단, 거래량배수=0.20, 양봉=통과, RSI=통과, 1H MTF=통과"
upbit,2026-09-07T05:43:33+09:00,KRW-ONDO,517.0,60,하드 게이트,COMPLETE,2026-09-07T05:45:00+09:00,2026-09-07T07:13:33+09:00,525.0,515.0,515.0,1.2635,-0.6654,-0.6654,"1차 퀀트 관망 대기: 하드게이트 차단, 알파스코어 60점, MA5 > MA20, RSI 62.5, %B 1.09, 저점거리 0.58%, 최근고점대비 0.00%, 반등확인 통과, 이격 안정, 1H 514.0 >= EMA20 512.5 (기준 0.998)"
upbit,2026-09-07T05:43:34+09:00,KRW-ORCA,1903.0,44,RSI 범위 이탈,COMPLETE,2026-09-07T05:45:00+09:00,2026-09-07T07:13:34+09:00,1909.0,1881.0,1881.0,0.0348,-1.4324,-1.4324,"1차 퀀트 관망 대기: 하드게이트 차단, 알파스코어 44점, MA5 <= MA20, RSI 32.5, %B 0.23, 저점거리 0.21%, 최근고점대비 1.21%, 반등확인 통과, 이격 안정, 1H 1926.0 >= EMA20 1889.2 (기준 0.998), 모멘텀 돌파 직전 4봉 고점 돌파=차단, 거래량배수=0.03, 양봉=통과, RSI=차단, 1H MTF=통과"
upbit,2026-09-07T05:43:34+09:00,KRW-QUID,93.0,79,RSI 범위 이탈,COMPLETE,2026-09-07T05:45:00+09:00,2026-09-07T07:13:34+09:00,93.2,92.4,92.8,-0.0652,-0.923,-0.4941,"1차 퀀트 관망 대기: 하드게이트 통과, 알파스코어 79점, MA5 <= MA20, RSI 44.4, %B 0.47, 저점거리 0.22%, 최근고점대비 0.32%, 반등확인 통과, 이격 안정, 1H 92.9 >= EMA20 92.7 (기준 0.998), 모멘텀 돌파 직전 4봉 고점 돌파=차단, 거래량배수=0.91, 양봉=통과, RSI=차단, 1H MTF=통과"
upbit,2026-09-07T05:43:35+09:00,KRW-AVAX,10520.0,44,하드 게이트,COMPLETE,2026-09-07T05:45:00+09:00,2026-09-07T07:13:35+09:00,10720.0,10530.0,10510.0,1.6162,-0.1848,-0.3744,"1차 퀀트 관망 대기: 하드게이트 차단, 알파스코어 44점, MA5 > MA20, RSI 68.2, %B 1.00, 저점거리 1.06%, 최근고점대비 0.00%, 반등확인 통과, 이격 안정, 1H 10440.0 >= EMA20 10416.7 (기준 0.998)"
upbit,2026-09-07T05:48:33+09:00,KRW-JUP,363.0,52,거래량 부족,COMPLETE,2026-09-07T05:50:00+09:00,2026-09-07T07:18:33+09:00,366.0,355.0,361.0,0.5445,-2.4773,-0.829,"1차 퀀트 관망 대기: 하드게이트 차단, 알파스코어 52점, MA5 > MA20, RSI 53.9, %B 0.79, 저점거리 1.11%, 최근고점대비 0.28%, 반등확인 통과, 이격 안정, 1H 359.0 >= EMA20 346.1 (기준 0.998), 모멘텀 돌파 직전 4봉 고점 돌파=차단, 거래량배수=0.01, 양봉=통과, RSI=통과, 1H MTF=통과"
upbit,2026-09-07T05:48:34+09:00,KRW-NEAR,3283.0,39,RSI 범위 이탈,COMPLETE,2026-09-07T05:50:00+09:00,2026-09-07T07:18:34+09:00,3398.0,3268.0,3310.0,3.2135,-0.7352,0.5405,"1차 퀀트 관망 대기: 하드게이트 차단, 알파스코어 39점, MA5 <= MA20, RSI 34.7, %B 0.20, 저점거리 0.21%, 최근고점대비 1.25%, 반등확인 차단, 이격 안정, 1H 3296.0 >= EMA20 3200.3 (기준 0.998), 모멘텀 돌파 직전 4봉 고점 돌파=차단, 거래량배수=0.32, 양봉=차단, RSI=차단, 1H MTF=통과"
upbit,2026-09-07T05:48:34+09:00,KRW-ZAMA,76.7,54,RSI 범위 이탈,COMPLETE,2026-09-07T05:50:00+09:00,2026-09-07T07:18:34+09:00,77.8,76.0,77.5,1.1505,-1.1897,0.7605,"1차 퀀트 관망 대기: 하드게이트 통과, 알파스코어 54점, MA5 <= MA20, RSI 42.9, %B 0.26, 저점거리 0.52%, 최근고점대비 0.78%, 반등확인 차단, 이격 안정, 1H 76.6 >= EMA20 76.4 (기준 0.998), 모멘텀 돌파 직전 4봉 고점 돌파=차단, 거래량배수=0.48, 양봉=차단, RSI=차단, 1H MTF=통과"
upbit,2026-09-07T05:48:35+09:00,KRW-LINK,17420.0,43,RSI 범위 이탈,COMPLETE,2026-09-07T05:50:00+09:00,2026-09-07T07:18:35+09:00,18160.0,17410.0,17510.0,3.9565,-0.3369,0.2356,"1차 퀀트 관망 대기: 하드게이트 차단, 알파스코어 43점, MA5 > MA20, RSI 88.0, %B 1.36, 저점거리 3.69%, 최근고점대비 0.00%, 반등확인 통과, 이격 안정, 1H 16870.0 >= EMA20 16693.1 (기준 0.998), 모멘텀 돌파 직전 4봉 고점 돌파=통과, 거래량배수=11.64, 양봉=통과, RSI=차단, 1H MTF=통과"
upbit,2026-09-07T05:48:35+09:00,KRW-ONDO,516.0,67,반등 미확인,COMPLETE,2026-09-07T05:50:00+09:00,2026-09-07T07:18:35+09:00,525.0,514.0,515.0,1.4597,-0.6661,-0.4729,"1차 퀀트 관망 대기: 하드게이트 차단, 알파스코어 67점, MA5 > MA20, RSI 62.5, %B 0.78, 저점거리 0.39%, 최근고점대비 0.19%, 반등확인 차단, 이격 안정, 1H 514.0 >= EMA20 512.5 (기준 0.998)"
upbit,2026-09-07T05:48:35+09:00,KRW-JTO,621.0,49,거래량 부족,COMPLETE,2026-09-07T05:50:00+09:00,2026-09-07T07:18:35+09:00,657.0,625.0,636.0,5.5013,0.3627,2.1291,"1차 퀀트 관망 대기: 하드게이트 차단, 알파스코어 49점, MA5 > MA20, RSI 68.4, %B 1.06, 저점거리 1.47%, 최근고점대비 0.48%, 반등확인 차단, 이격 안정, 1H 614.0 >= EMA20 605.4 (기준 0.998), 모멘텀 돌파 직전 4봉 고점 돌파=차단, 거래량배수=0.52, 양봉=차단, RSI=통과, 1H MTF=통과"
upbit,2026-09-07T05:48:36+09:00,KRW-AVAX,10510.0,47,하드 게이트,COMPLETE,2026-09-07T05:50:00+09:00,2026-09-07T07:18:36+09:00,10720.0,10500.0,10550.0,1.7129,-0.3745,0.0999,"1차 퀀트 관망 대기: 하드게이트 차단, 알파스코어 47점, MA5 > MA20, RSI 75.0, %B 0.89, 저점거리 0.77%, 최근고점대비 0.10%, 반등확인 통과, 이격 안정, 1H 10440.0 >= EMA20 10416.7 (기준 0.998)"
upbit,2026-09-07T05:48:36+09:00,KRW-FIL,1094.0,49,반등 미확인,COMPLETE,2026-09-07T05:50:00+09:00,2026-09-07T07:18:36+09:00,1104.0,1089.0,1091.0,0.6319,-0.7354,-0.5531,"1차 퀀트 관망 대기: 하드게이트 차단, 알파스코어 49점, MA5 > MA20, RSI 72.0, %B 1.12, 저점거리 1.30%, 최근고점대비 0.09%, 반등확인 차단, 이격 안정, 1H 1085.0 >= EMA20 1083.3 (기준 0.998)"
upbit,2026-09-07T05:48:37+09:00,KRW-ADA,301.0,39,하드 게이트,COMPLETE,2026-09-07T05:50:00+09:00,2026-09-07T07:18:37+09:00,303.0,298.0,298.0,0.383,-1.2735,-1.2735,"1차 퀀트 관망 대기: 하드게이트 차단, 알파스코어 39점, MA5 > MA20, RSI 75.0, %B 1.01, 저점거리 1.01%, 최근고점대비 0.00%, 반등확인 통과, 이격 안정, 1H 298.0 >= EMA20 298.5 (기준 0.998)"
upbit,2026-09-07T05:48:37+09:00,KRW-UNI,9705.0,67,복합 조건 미달,COMPLETE,2026-09-07T05:50:00+09:00,2026-09-07T07:18:37+09:00,9795.0,9675.0,9775.0,0.6452,-0.5879,0.4397,"1차 퀀트 관망 대기: 하드게이트 통과, 알파스코어 67점, MA5 > MA20, RSI 50.0, %B 0.40, 저점거리 0.15%, 최근고점대비 0.57%, 반등확인 통과, 이격 안정, 1H 9720.0 >= EMA20 9588.8 (기준 0.998)"
upbit,2026-09-07T05:53:33+09:00,KRW-JUP,359.0,47,RSI 범위 이탈,COMPLETE,2026-09-07T05:55:00+09:00,2026-09-07T07:23:33+09:00,366.0,355.0,361.0,1.6648,-1.3907,0.2759,"1차 퀀트 관망 대기: 하드게이트 통과, 알파스코어 47점, MA5 > MA20, RSI 46.7, %B 0.24, 저점거리 0.56%, 최근고점대비 1.39%, 반등확인 차단, 이격 안정, 1H 359.0 >= EMA20 346.1 (기준 0.998), 모멘텀 돌파 직전 4봉 고점 돌파=차단, 거래량배수=1.04, 양봉=차단, RSI=차단, 1H MTF=통과"
upbit,2026-09-07T05:53:34+09:00,KRW-ORCA,1900.0,54,RSI 범위 이탈,COMPLETE,2026-09-07T05:55:00+09:00,2026-09-07T07:23:34+09:00,1909.0,1881.0,1890.0,0.1928,-1.2768,-0.8045,"1차 퀀트 관망 대기: 하드게이트 차단, 알파스코어 54점, MA5 <= MA20, RSI 39.1, %B 0.24, 저점거리 0.05%, 최근고점대비 1.37%, 반등확인 차단, 이격 안정, 1H 1926.0 >= EMA20 1889.2 (기준 0.998), 모멘텀 돌파 직전 4봉 고점 돌파=차단, 거래량배수=0.16, 양봉=차단, RSI=차단, 1H MTF=통과"
upbit,2026-09-07T05:53:34+09:00,KRW-ZAMA,76.8,62,RSI 범위 이탈,COMPLETE,2026-09-07T05:55:00+09:00,2026-09-07T07:23:34+09:00,77.8,76.0,77.3,1.0188,-1.3184,0.3696,"1차 퀀트 관망 대기: 하드게이트 통과, 알파스코어 62점, MA5 <= MA20, RSI 42.9, %B 0.37, 저점거리 0.66%, 최근고점대비 0.65%, 반등확인 통과, 이격 안정, 1H 76.6 >= EMA20 76.4 (기준 0.998), 모멘텀 돌파 직전 4봉 고점 돌파=차단, 거래량배수=1.85, 양봉=통과, RSI=차단, 1H MTF=통과"
upbit,2026-09-07T05:53:34+09:00,KRW-PROM,7525.0,62,거래량 부족,COMPLETE,2026-09-07T05:55:00+09:00,2026-09-07T07:23:34+09:00,7570.0,7460.0,7500.0,0.3167,-1.141,-0.6109,"1차 퀀트 관망 대기: 하드게이트 통과, 알파스코어 62점, MA5 > MA20, RSI 63.6, %B 0.62, 저점거리 0.67%, 최근고점대비 1.00%, 반등확인 차단, 이격 안정, 1H 7495.0 >= EMA20 7331.1 (기준 0.998), 모멘텀 돌파 직전 4봉 고점 돌파=차단, 거래량배수=1.10, 양봉=차단, RSI=통과, 1H MTF=통과"
upbit,2026-09-07T05:53:35+09:00,KRW-LINK,17850.0,38,이격 과열,COMPLETE,2026-09-07T05:55:00+09:00,2026-09-07T07:23:35+09:00,18160.0,17400.0,17510.0,1.4522,-2.7936,-2.179,"1차 퀀트 관망 대기: 하드게이트 차단, 알파스코어 38점, MA5 > MA20, RSI 93.5, %B 1.38, 저점거리 6.25%, 최근고점대비 0.00%, 반등확인 통과, 이격 과열차단, 1H 16870.0 >= EMA20 16693.1 (기준 0.998), 모멘텀 돌파 직전 4봉 고점 돌파=통과, 거래량배수=15.81, 양봉=통과, RSI=차단, 1H MTF=통과"
upbit,2026-09-07T05:53:35+09:00,KRW-ONDO,516.0,70,하드 게이트,COMPLETE,2026-09-07T05:55:00+09:00,2026-09-07T07:23:35+09:00,525.0,514.0,517.0,1.4597,-0.6661,-0.0864,"1차 퀀트 관망 대기: 하드게이트 차단, 알파스코어 70점, MA5 > MA20, RSI 62.5, %B 0.76, 저점거리 0.39%, 최근고점대비 0.39%, 반등확인 통과, 이격 안정, 1H 514.0 >= EMA20 512.5 (기준 0.998)"
upbit,2026-09-07T05:53:36+09:00,KRW-NEAR,3290.0,47,RSI 범위 이탈,COMPLETE,2026-09-07T05:55:00+09:00,2026-09-07T07:23:36+09:00,3398.0,3268.0,3333.0,2.9939,-0.9464,1.0237,"1차 퀀트 관망 대기: 하드게이트 차단, 알파스코어 47점, MA5 <= MA20, RSI 40.6, %B 0.32, 저점거리 0.43%, 최근고점대비 1.03%, 반등확인 차단, 이격 안정, 1H 3296.0 >= EMA20 3200.3 (기준 0.998), 모멘텀 돌파 직전 4봉 고점 돌파=차단, 거래량배수=1.72, 양봉=차단, RSI=차단, 1H MTF=통과"
upbit,2026-09-07T05:53:36+09:00,KRW-TAO,365800.0,59,거래량 부족,COMPLETE,2026-09-07T05:55:00+09:00,2026-09-07T07:23:36+09:00,370000.0,354300.0,356800.0,0.8653,-3.4146,-2.7331,"1차 퀀트 관망 대기: 하드게이트 차단, 알파스코어 59점, MA5 > MA20, RSI 66.5, %B 0.64, 저점거리 1.16%, 최근고점대비 1.01%, 반등확인 차단, 이격 안정, 1H 365000.0 >= EMA20 334935.4 (기준 0.998), 모멘텀 돌파 직전 4봉 고점 돌파=차단, 거래량배수=0.50, 양봉=차단, RSI=통과, 1H MTF=통과"
upbit,2026-09-07T05:53:37+09:00,KRW-JTO,630.0,44,RSI 범위 이탈,COMPLETE,2026-09-07T05:55:00+09:00,2026-09-07T07:23:37+09:00,657.0,625.0,640.0,3.9941,-1.071,1.3033,"1차 퀀트 관망 대기: 하드게이트 차단, 알파스코어 44점, MA5 > MA20, RSI 81.5, %B 1.36, 저점거리 2.94%, 최근고점대비 0.00%, 반등확인 통과, 이격 안정, 1H 614.0 >= EMA20 605.4 (기준 0.998), 모멘텀 돌파 직전 4봉 고점 돌파=통과, 거래량배수=0.67, 양봉=통과, RSI=차단, 1H MTF=통과"
upbit,2026-09-07T05:53:37+09:00,KRW-VIRTUAL,961.0,54,하드 게이트,COMPLETE,2026-09-07T05:55:00+09:00,2026-09-07T07:23:37+09:00,989.0,960.0,984.0,2.6259,-0.3834,2.107,"1차 퀀트 관망 대기: 하드게이트 차단, 알파스코어 54점, MA5 > MA20, RSI 65.4, %B 0.86, 저점거리 1.26%, 최근고점대비 0.00%, 반등확인 통과, 이격 안정, 1H 950.0 >= EMA20 945.0 (기준 0.998)"
upbit,2026-09-07T05:58:31+09:00,KRW-JUP,358.0,50,RSI 범위 이탈,COMPLETE,2026-09-07T06:00:00+09:00,2026-09-07T07:28:31+09:00,366.0,358.0,364.0,1.9488,-0.2796,1.3917,"1차 퀀트 관망 대기: 하드게이트 차단, 알파스코어 50점, MA5 > MA20, RSI 46.7, %B 0.13, 저점거리 0.28%, 최근고점대비 1.68%, 반등확인 차단, 이격 안정, 1H 359.0 >= EMA20 346.1 (기준 0.998), 모멘텀 돌파 직전 4봉 고점 돌파=차단, 거래량배수=3.36, 양봉=통과, RSI=차단, 1H MTF=통과"
upbit,2026-09-07T05:58:31+09:00,KRW-ORCA,1897.0,47,RSI 범위 이탈,COMPLETE,2026-09-07T06:00:00+09:00,2026-09-07T07:28:31+09:00,1909.0,1881.0,1889.0,0.3512,-1.1207,-0.7001,"1차 퀀트 관망 대기: 하드게이트 차단, 알파스코어 47점, MA5 <= MA20, RSI 33.3, %B 0.21, 저점거리 0.05%, 최근고점대비 1.53%, 반등확인 차단, 이격 안정, 1H 1926.0 >= EMA20 1889.2 (기준 0.998), 모멘텀 돌파 직전 4봉 고점 돌파=차단, 거래량배수=2.49, 양봉=차단, RSI=차단, 1H MTF=통과"
upbit,2026-09-07T05:58:31+09:00,KRW-NEAR,3274.0,32,RSI 범위 이탈,COMPLETE,2026-09-07T06:00:00+09:00,2026-09-07T07:28:31+09:00,3398.0,3286.0,3345.0,3.4972,0.0859,1.8829,"1차 퀀트 관망 대기: 하드게이트 차단, 알파스코어 32점, MA5 <= MA20, RSI 32.1, %B 0.03, 저점거리 0.15%, 최근고점대비 1.53%, 반등확인 차단, 이격 안정, 1H 3296.0 >= EMA20 3200.3 (기준 0.998), 모멘텀 돌파 직전 4봉 고점 돌파=차단, 거래량배수=1.24, 양봉=차단, RSI=차단, 1H MTF=통과"
upbit,2026-09-07T05:58:32+09:00,KRW-PROM,7490.0,77,돌파 미확인,COMPLETE,2026-09-07T06:00:00+09:00,2026-09-07T07:28:32+09:00,7570.0,7460.0,7490.0,0.7855,-0.679,-0.2796,"1차 퀀트 관망 대기: 하드게이트 통과, 알파스코어 77점, MA5 > MA20, RSI 55.7, %B 0.45, 저점거리 0.13%, 최근고점대비 1.47%, 반등확인 차단, 이격 안정, 1H 7495.0 >= EMA20 7331.1 (기준 0.998), 모멘텀 돌파 직전 4봉 고점 돌파=차단, 거래량배수=1.55, 양봉=차단, RSI=통과, 1H MTF=통과"
upbit,2026-09-07T05:58:32+09:00,KRW-LINK,17820.0,35,이격 과열,COMPLETE,2026-09-07T06:00:00+09:00,2026-09-07T07:28:32+09:00,18160.0,17400.0,17650.0,1.623,-2.6299,-1.2309,"1차 퀀트 관망 대기: 하드게이트 차단, 알파스코어 35점, MA5 > MA20, RSI 91.0, %B 1.15, 저점거리 6.07%, 최근고점대비 0.17%, 반등확인 차단, 이격 과열차단, 1H 16870.0 >= EMA20 16693.1 (기준 0.998), 모멘텀 돌파 직전 4봉 고점 돌파=차단, 거래량배수=1.95, 양봉=차단, RSI=차단, 1H MTF=통과"
upbit,2026-09-07T05:58:33+09:00,KRW-JTO,625.0,47,돌파 미확인,COMPLETE,2026-09-07T06:00:00+09:00,2026-09-07T07:28:33+09:00,657.0,626.0,641.0,4.8261,-0.1201,2.2732,"1차 퀀트 관망 대기: 하드게이트 차단, 알파스코어 47점, MA5 > MA20, RSI 68.8, %B 0.98, 저점거리 2.12%, 최근고점대비 1.44%, 반등확인 차단, 이격 안정, 1H 614.0 >= EMA20 605.4 (기준 0.998), 모멘텀 돌파 직전 4봉 고점 돌파=차단, 거래량배수=7.84, 양봉=차단, RSI=통과, 1H MTF=통과"
upbit,2026-09-07T05:58:33+09:00,KRW-FIL,1093.0,49,하드 게이트,COMPLETE,2026-09-07T06:00:00+09:00,2026-09-07T07:28:33+09:00,1104.0,1089.0,1092.0,0.724,-0.6446,-0.3708,"1차 퀀트 관망 대기: 하드게이트 차단, 알파스코어 49점, MA5 > MA20, RSI 75.0, %B 0.97, 저점거리 1.20%, 최근고점대비 0.18%, 반등확인 통과, 이격 안정, 1H 1085.0 >= EMA20 1083.3 (기준 0.998)"
upbit,2026-09-07T05:58:34+09:00,KRW-SUI,1101.0,50,하드 게이트,COMPLETE,2026-09-07T06:00:00+09:00,2026-09-07T07:28:34+09:00,1114.0,1088.0,1098.0,0.8978,-1.4571,-0.5513,"1차 퀀트 관망 대기: 하드게이트 차단, 알파스코어 50점, MA5 > MA20, RSI 83.3, %B 1.20, 저점거리 1.47%, 최근고점대비 0.36%, 반등확인 통과, 이격 안정, 1H 1087.0 >= EMA20 1085.5 (기준 0.998)"
upbit,2026-09-07T05:58:34+09:00,KRW-ADA,301.0,45,하드 게이트,COMPLETE,2026-09-07T06:00:00+09:00,2026-09-07T07:28:34+09:00,303.0,298.0,302.0,0.383,-1.2735,0.0517,"1차 퀀트 관망 대기: 하드게이트 차단, 알파스코어 45점, MA5 > MA20, RSI 100.0, %B 0.89, 저점거리 1.01%, 최근고점대비 0.33%, 반등확인 통과, 이격 안정, 1H 298.0 >= EMA20 298.5 (기준 0.998)"
upbit,2026-09-07T05:58:35+09:00,KRW-UNI,9695.0,65,복합 조건 미달,COMPLETE,2026-09-07T06:00:00+09:00,2026-09-07T07:28:35+09:00,9795.0,9675.0,9735.0,0.749,-0.4853,0.1318,"1차 퀀트 관망 대기: 하드게이트 통과, 알파스코어 65점, MA5 <= MA20, RSI 42.9, %B 0.28, 저점거리 0.15%, 최근고점대비 0.67%, 반등확인 통과, 이격 안정, 1H 9720.0 >= EMA20 9588.8 (기준 0.998)"
upbit,2026-09-07T06:03:33+09:00,KRW-JUP,358.0,50,RSI 범위 이탈,COMPLETE,2026-09-07T06:05:00+09:00,2026-09-07T07:33:33+09:00,366.0,358.0,364.0,1.9488,-0.2796,1.3917,"1차 퀀트 관망 대기: 하드게이트 차단, 알파스코어 50점, MA5 <= MA20, RSI 46.7, %B 0.17, 저점거리 0.85%, 최근고점대비 1.68%, 반등확인 통과, 이격 안정, 1H 358.0 >= EMA20 347.3 (기준 0.998), 모멘텀 돌파 직전 4봉 고점 돌파=차단, 거래량배수=2.28, 양봉=통과, RSI=차단, 1H MTF=통과"
upbit,2026-09-07T06:03:34+09:00,KRW-ZAMA,76.4,35,RSI 범위 이탈,COMPLETE,2026-09-07T06:05:00+09:00,2026-09-07T07:33:34+09:00,77.8,76.0,77.6,1.5477,-0.8017,1.2867,"1차 퀀트 관망 대기: 하드게이트 차단, 알파스코어 35점, MA5 <= MA20, RSI 48.0, %B 0.09, 저점거리 0.00%, 최근고점대비 1.18%, 반등확인 통과, 이격 안정, 1H 76.4 >= EMA20 76.4 (기준 0.998), 모멘텀 돌파 직전 4봉 고점 돌파=차단, 거래량배수=1.80, 양봉=통과, RSI=차단, 1H MTF=통과"
upbit,2026-09-07T06:03:34+09:00,KRW-PROM,7510.0,74,거래량 부족,COMPLETE,2026-09-07T06:05:00+09:00,2026-09-07T07:33:34+09:00,7570.0,7460.0,7480.0,0.5171,-0.9435,-0.678,"1차 퀀트 관망 대기: 하드게이트 통과, 알파스코어 74점, MA5 > MA20, RSI 53.7, %B 0.52, 저점거리 0.33%, 최근고점대비 1.20%, 반등확인 통과, 이격 안정, 1H 7510.0 >= EMA20 7348.0 (기준 0.998), 모멘텀 돌파 직전 4봉 고점 돌파=차단, 거래량배수=0.67, 양봉=통과, RSI=통과, 1H MTF=통과"
upbit,2026-09-07T06:03:34+09:00,KRW-LINK,17820.0,40,이격 과열,COMPLETE,2026-09-07T06:05:00+09:00,2026-09-07T07:33:34+09:00,18160.0,17400.0,17640.0,1.623,-2.6299,-1.2869,"1차 퀀트 관망 대기: 하드게이트 차단, 알파스코어 40점, MA5 > MA20, RSI 90.9, %B 1.03, 저점거리 6.07%, 최근고점대비 0.39%, 반등확인 통과, 이격 과열차단, 1H 17820.0 >= EMA20 16799.7 (기준 0.998), 모멘텀 돌파 직전 4봉 고점 돌파=차단, 거래량배수=1.88, 양봉=통과, RSI=차단, 1H MTF=통과"
upbit,2026-09-07T06:03:35+09:00,KRW-ONDO,517.0,50,하드 게이트,COMPLETE,2026-09-07T06:05:00+09:00,2026-09-07T07:33:35+09:00,525.0,514.0,520.0,1.2635,-0.8583,0.299,"1차 퀀트 관망 대기: 하드게이트 차단, 알파스코어 50점, MA5 > MA20, RSI 66.7, %B 0.94, 저점거리 0.58%, 최근고점대비 0.19%, 반등확인 통과, 이격 안정, 1H 517.0 >= EMA20 513.0 (기준 0.998)"
upbit,2026-09-07T06:03:35+09:00,KRW-SUI,1109.0,50,하드 게이트,COMPLETE,2026-09-07T06:05:00+09:00,2026-09-07T07:33:35+09:00,1110.0,1088.0,1097.0,-0.1897,-2.1679,-1.3586,"1차 퀀트 관망 대기: 하드게이트 차단, 알파스코어 50점, MA5 > MA20, RSI 87.5, %B 1.28, 저점거리 2.21%, 최근고점대비 0.09%, 반등확인 통과, 이격 안정, 1H 1109.0 >= EMA20 1087.7 (기준 0.998)"
upbit,2026-09-07T06:03:36+09:00,KRW-VIRTUAL,960.0,54,하드 게이트,COMPLETE,2026-09-07T06:05:00+09:00,2026-09-07T07:33:36+09:00,989.0,965.0,986.0,2.7328,0.2398,2.4212,"1차 퀀트 관망 대기: 하드게이트 차단, 알파스코어 54점, MA5 > MA20, RSI 72.7, %B 0.75, 저점거리 1.16%, 최근고점대비 0.10%, 반등확인 통과, 이격 안정, 1H 960.0 >= EMA20 946.5 (기준 0.998)"
upbit,2026-09-07T06:03:36+09:00,KRW-NEAR,3289.0,54,RSI 범위 이탈,COMPLETE,2026-09-07T06:05:00+09:00,2026-09-07T07:33:36+09:00,3398.0,3292.0,3342.0,3.0252,-0.1887,1.3273,"1차 퀀트 관망 대기: 하드게이트 통과, 알파스코어 54점, MA5 <= MA20, RSI 44.7, %B 0.29, 저점거리 0.64%, 최근고점대비 0.88%, 반등확인 통과, 이격 안정, 1H 3289.0 >= EMA20 3209.0 (기준 0.998), 모멘텀 돌파 직전 4봉 고점 돌파=차단, 거래량배수=0.91, 양봉=통과, RSI=차단, 1H MTF=통과"
upbit,2026-09-07T06:03:36+09:00,KRW-TAO,363600.0,74,RSI 범위 이탈,COMPLETE,2026-09-07T06:05:00+09:00,2026-09-07T07:33:36+09:00,370000.0,354300.0,357900.0,1.4756,-2.8302,-1.8429,"1차 퀀트 관망 대기: 하드게이트 통과, 알파스코어 74점, MA5 > MA20, RSI 51.8, %B 0.44, 저점거리 0.17%, 최근고점대비 1.62%, 반등확인 차단, 이격 안정, 1H 363600.0 >= EMA20 337672.1 (기준 0.998), 모멘텀 돌파 직전 4봉 고점 돌파=차단, 거래량배수=0.46, 양봉=차단, RSI=차단, 1H MTF=통과"
upbit,2026-09-07T06:03:37+09:00,KRW-JTO,626.0,50,돌파 미확인,COMPLETE,2026-09-07T06:05:00+09:00,2026-09-07T07:33:37+09:00,657.0,628.0,640.0,4.6586,0.039,1.9506,"1차 퀀트 관망 대기: 하드게이트 차단, 알파스코어 50점, MA5 > MA20, RSI 71.9, %B 0.96, 저점거리 2.29%, 최근고점대비 1.28%, 반등확인 통과, 이격 안정, 1H 626.0 >= EMA20 607.3 (기준 0.998), 모멘텀 돌파 직전 4봉 고점 돌파=차단, 거래량배수=2.41, 양봉=통과, RSI=통과, 1H MTF=통과"
upbit,2026-09-07T06:08:34+09:00,KRW-JUP,361.0,74,거래량 부족,COMPLETE,2026-09-07T06:10:00+09:00,2026-09-07T07:38:34+09:00,366.0,358.0,365.0,1.1016,-1.1083,0.8253,"1차 퀀트 관망 대기: 하드게이트 통과, 알파스코어 74점, MA5 <= MA20, RSI 55.6, %B 0.58, 저점거리 1.69%, 최근고점대비 0.83%, 반등확인 통과, 이격 안정, 1H 358.0 >= EMA20 347.3 (기준 0.998), 모멘텀 돌파 직전 4봉 고점 돌파=차단, 거래량배수=0.25, 양봉=통과, RSI=통과, 1H MTF=통과"
upbit,2026-09-07T06:08:34+09:00,KRW-NEAR,3328.0,62,거래량 부족,COMPLETE,2026-09-07T06:10:00+09:00,2026-09-07T07:38:34+09:00,3398.0,3292.0,3334.0,1.8179,-1.3583,-0.0998,"1차 퀀트 관망 대기: 하드게이트 차단, 알파스코어 62점, MA5 <= MA20, RSI 56.5, %B 0.98, 저점거리 1.84%, 최근고점대비 0.12%, 반등확인 통과, 이격 안정, 1H 3289.0 >= EMA20 3209.0 (기준 0.998), 모멘텀 돌파 직전 4봉 고점 돌파=통과, 거래량배수=1.20, 양봉=통과, RSI=통과, 1H MTF=통과"
upbit,2026-09-07T06:08:35+09:00,KRW-ORCA,1895.0,37,RSI 범위 이탈,COMPLETE,2026-09-07T06:10:00+09:00,2026-09-07T07:38:35+09:00,1909.0,1881.0,1893.0,0.4571,-1.0163,-0.3849,"1차 퀀트 관망 대기: 하드게이트 차단, 알파스코어 37점, MA5 <= MA20, RSI 29.3, %B 0.19, 저점거리 0.32%, 최근고점대비 1.48%, 반등확인 차단, 이격 안정, 1H 1896.0 >= EMA20 1889.9 (기준 0.998), 모멘텀 돌파 직전 4봉 고점 돌파=차단, 거래량배수=5.71, 양봉=차단, RSI=차단, 1H MTF=통과"
upbit,2026-09-07T06:08:35+09:00,KRW-ZAMA,76.0,30,RSI 범위 이탈,COMPLETE,2026-09-07T06:10:00+09:00,2026-09-07T07:38:35+09:00,77.8,76.0,77.7,2.0822,-0.2796,1.951,"1차 퀀트 관망 대기: 하드게이트 차단, 알파스코어 30점, MA5 <= MA20, RSI 37.0, %B -0.12, 저점거리 0.00%, 최근고점대비 1.71%, 반등확인 차단, 이격 안정, 1H 76.4 >= EMA20 76.4 (기준 0.998), 모멘텀 돌파 직전 4봉 고점 돌파=차단, 거래량배수=3.24, 양봉=차단, RSI=차단, 1H MTF=통과"
upbit,2026-09-07T06:08:35+09:00,KRW-TAO,364100.0,74,RSI 범위 이탈,COMPLETE,2026-09-07T06:10:00+09:00,2026-09-07T07:38:35+09:00,370000.0,354300.0,356900.0,1.3363,-2.9637,-2.2516,"1차 퀀트 관망 대기: 하드게이트 통과, 알파스코어 74점, MA5 > MA20, RSI 45.6, %B 0.46, 저점거리 0.30%, 최근고점대비 1.48%, 반등확인 차단, 이격 안정, 1H 363600.0 >= EMA20 337672.1 (기준 0.998), 모멘텀 돌파 직전 4봉 고점 돌파=차단, 거래량배수=0.28, 양봉=차단, RSI=차단, 1H MTF=통과"
upbit,2026-09-07T06:08:36+09:00,KRW-JTO,626.0,44,거래량 부족,COMPLETE,2026-09-07T06:10:00+09:00,2026-09-07T07:38:36+09:00,657.0,630.0,639.0,4.6586,0.3576,1.7913,"1차 퀀트 관망 대기: 하드게이트 차단, 알파스코어 44점, MA5 > MA20, RSI 71.0, %B 0.90, 저점거리 2.29%, 최근고점대비 1.28%, 반등확인 통과, 이격 안정, 1H 626.0 >= EMA20 607.3 (기준 0.998), 모멘텀 돌파 직전 4봉 고점 돌파=차단, 거래량배수=0.00, 양봉=통과, RSI=통과, 1H MTF=통과"
upbit,2026-09-07T06:08:36+09:00,KRW-LINK,18150.0,38,이격 과열,COMPLETE,2026-09-07T06:10:00+09:00,2026-09-07T07:38:36+09:00,18020.0,17400.0,17660.0,-0.9939,-4.4003,-2.9718,"1차 퀀트 관망 대기: 하드게이트 차단, 알파스코어 38점, MA5 > MA20, RSI 92.6, %B 1.10, 저점거리 8.04%, 최근고점대비 0.00%, 반등확인 통과, 이격 과열차단, 1H 17820.0 >= EMA20 16799.7 (기준 0.998), 모멘텀 돌파 직전 4봉 고점 돌파=통과, 거래량배수=7.04, 양봉=통과, RSI=차단, 1H MTF=통과"
upbit,2026-09-07T06:08:37+09:00,KRW-MET2,285.0,29,RSI 범위 이탈,COMPLETE,2026-09-07T06:10:00+09:00,2026-09-07T07:38:37+09:00,290.0,284.0,288.0,1.4699,-0.6295,0.7701,"1차 퀀트 관망 대기: 하드게이트 차단, 알파스코어 29점, MA5 <= MA20, RSI 25.0, %B 0.13, 저점거리 0.00%, 최근고점대비 1.05%, 반등확인 차단, 이격 안정, 1H 286.0 >= EMA20 282.9 (기준 0.998), 모멘텀 돌파 직전 4봉 고점 돌파=차단, 거래량배수=0.83, 양봉=통과, RSI=차단, 1H MTF=통과"
upbit,2026-09-07T06:08:37+09:00,KRW-FIL,1100.0,44,하드 게이트,COMPLETE,2026-09-07T06:10:00+09:00,2026-09-07T07:38:37+09:00,1104.0,1089.0,1099.0,0.083,-1.2768,-0.3703,"1차 퀀트 관망 대기: 하드게이트 차단, 알파스코어 44점, MA5 > MA20, RSI 80.0, %B 1.08, 저점거리 1.48%, 최근고점대비 0.00%, 반등확인 통과, 이격 안정, 1H 1097.0 >= EMA20 1084.6 (기준 0.998)"
upbit,2026-09-07T06:08:37+09:00,KRW-SUI,1106.0,47,반등 미확인,COMPLETE,2026-09-07T06:10:00+09:00,2026-09-07T07:38:37+09:00,1110.0,1088.0,1099.0,0.081,-1.9025,-0.9108,"1차 퀀트 관망 대기: 하드게이트 차단, 알파스코어 47점, MA5 > MA20, RSI 80.0, %B 1.04, 저점거리 1.94%, 최근고점대비 0.72%, 반등확인 차단, 이격 안정, 1H 1109.0 >= EMA20 1087.7 (기준 0.998)"
upbit,2026-09-07T06:13:33+09:00,KRW-JUP,360.0,44,거래량 부족,COMPLETE,2026-09-07T06:15:00+09:00,2026-09-07T07:43:33+09:00,366.0,358.0,362.0,1.3824,-0.8336,0.2744,"1차 퀀트 관망 대기: 하드게이트 통과, 알파스코어 44점, MA5 <= MA20, RSI 52.6, %B 0.42, 저점거리 1.41%, 최근고점대비 1.11%, 반등확인 차단, 이격 안정, 1H 358.0 >= EMA20 347.3 (기준 0.998), 모멘텀 돌파 직전 4봉 고점 돌파=차단, 거래량배수=0.51, 양봉=통과, RSI=통과, 1H MTF=통과"
upbit,2026-09-07T06:13:34+09:00,KRW-NEAR,3298.0,77,RSI 범위 이탈,COMPLETE,2026-09-07T06:15:00+09:00,2026-09-07T07:43:34+09:00,3398.0,3292.0,3318.0,2.7441,-0.461,0.3251,"1차 퀀트 관망 대기: 하드게이트 통과, 알파스코어 77점, MA5 <= MA20, RSI 50.6, %B 0.47, 저점거리 0.92%, 최근고점대비 1.03%, 반등확인 차단, 이격 안정, 1H 3289.0 >= EMA20 3209.0 (기준 0.998), 모멘텀 돌파 직전 4봉 고점 돌파=차단, 거래량배수=1.59, 양봉=차단, RSI=차단, 1H MTF=통과"
upbit,2026-09-07T06:13:34+09:00,KRW-PROM,7520.0,74,거래량 부족,COMPLETE,2026-09-07T06:15:00+09:00,2026-09-07T07:43:34+09:00,7570.0,7460.0,7450.0,0.3834,-1.0752,-1.2079,"1차 퀀트 관망 대기: 하드게이트 통과, 알파스코어 74점, MA5 <= MA20, RSI 53.5, %B 0.52, 저점거리 0.47%, 최근고점대비 1.06%, 반등확인 통과, 이격 안정, 1H 7510.0 >= EMA20 7348.0 (기준 0.998), 모멘텀 돌파 직전 4봉 고점 돌파=차단, 거래량배수=0.45, 양봉=통과, RSI=통과, 1H MTF=통과"
upbit,2026-09-07T06:13:35+09:00,KRW-LINK,18010.0,40,이격 과열,COMPLETE,2026-09-07T06:15:00+09:00,2026-09-07T07:43:35+09:00,18000.0,17400.0,17700.0,-0.335,-3.6571,-1.9961,"1차 퀀트 관망 대기: 하드게이트 차단, 알파스코어 40점, MA5 > MA20, RSI 85.2, %B 0.95, 저점거리 7.20%, 최근고점대비 0.83%, 반등확인 차단, 이격 과열차단, 1H 17820.0 >= EMA20 16799.7 (기준 0.998), 모멘텀 돌파 직전 4봉 고점 돌파=차단, 거래량배수=2.55, 양봉=차단, RSI=차단, 1H MTF=통과"
upbit,2026-09-07T06:13:35+09:00,KRW-ORCA,1888.0,34,RSI 범위 이탈,COMPLETE,2026-09-07T06:15:00+09:00,2026-09-07T07:43:35+09:00,1909.0,1881.0,1892.0,0.8296,-0.6493,-0.0683,"1차 퀀트 관망 대기: 하드게이트 차단, 알파스코어 34점, MA5 <= MA20, RSI 17.2, %B 0.08, 저점거리 0.05%, 최근고점대비 0.95%, 반등확인 차단, 이격 안정, 1H 1896.0 >= EMA20 1889.9 (기준 0.998), 모멘텀 돌파 직전 4봉 고점 돌파=차단, 거래량배수=1.09, 양봉=차단, RSI=차단, 1H MTF=통과"
upbit,2026-09-07T06:13:35+09:00,KRW-WLD,564.0,74,거래량 부족,COMPLETE,2026-09-07T06:15:00+09:00,2026-09-07T07:43:35+09:00,577.0,563.0,568.0,2.0189,-0.4564,0.4276,"1차 퀀트 관망 대기: 하드게이트 통과, 알파스코어 74점, MA5 <= MA20, RSI 55.6, %B 0.65, 저점거리 0.71%, 최근고점대비 0.35%, 반등확인 통과, 이격 안정, 1H 561.0 >= EMA20 556.5 (기준 0.998), 모멘텀 돌파 직전 4봉 고점 돌파=차단, 거래량배수=0.45, 양봉=통과, RSI=통과, 1H MTF=통과"
upbit,2026-09-07T06:13:36+09:00,KRW-ONDO,521.0,50,RSI 범위 이탈,COMPLETE,2026-09-07T06:15:00+09:00,2026-09-07T07:43:36+09:00,525.0,514.0,520.0,0.486,-1.6194,-0.471,"1차 퀀트 관망 대기: 하드게이트 차단, 알파스코어 50점, MA5 > MA20, RSI 81.8, %B 1.20, 저점거리 1.36%, 최근고점대비 0.19%, 반등확인 통과, 이격 안정, 1H 517.0 >= EMA20 513.0 (기준 0.998), 모멘텀 돌파 직전 4봉 고점 돌파=통과, 거래량배수=4.52, 양봉=통과, RSI=차단, 1H MTF=통과"
upbit,2026-09-07T06:13:36+09:00,KRW-AVAX,10640.0,47,반등 미확인,COMPLETE,2026-09-07T06:15:00+09:00,2026-09-07T07:43:36+09:00,10720.0,10500.0,10660.0,0.4702,-1.5917,-0.0922,"1차 퀀트 관망 대기: 하드게이트 차단, 알파스코어 47점, MA5 > MA20, RSI 85.7, %B 0.92, 저점거리 1.92%, 최근고점대비 0.47%, 반등확인 차단, 이격 안정, 1H 10620.0 >= EMA20 10436.0 (기준 0.998)"
upbit,2026-09-07T06:13:37+09:00,KRW-JTO,630.0,47,RSI 범위 이탈,COMPLETE,2026-09-07T06:15:00+09:00,2026-09-07T07:43:37+09:00,657.0,630.0,633.0,3.9941,-0.2796,0.1953,"1차 퀀트 관망 대기: 하드게이트 차단, 알파스코어 47점, MA5 > MA20, RSI 73.5, %B 1.00, 저점거리 2.94%, 최근고점대비 0.63%, 반등확인 통과, 이격 안정, 1H 626.0 >= EMA20 607.3 (기준 0.998), 모멘텀 돌파 직전 4봉 고점 돌파=차단, 거래량배수=1.74, 양봉=통과, RSI=차단, 1H MTF=통과"
upbit,2026-09-07T06:13:37+09:00,KRW-MET2,287.0,54,RSI 범위 이탈,COMPLETE,2026-09-07T06:15:00+09:00,2026-09-07T07:43:37+09:00,290.0,284.0,288.0,0.7628,-1.322,0.0678,"1차 퀀트 관망 대기: 하드게이트 차단, 알파스코어 54점, MA5 <= MA20, RSI 38.5, %B 0.43, 저점거리 0.70%, 최근고점대비 0.00%, 반등확인 통과, 이격 안정, 1H 286.0 >= EMA20 283.2 (기준 0.998), 모멘텀 돌파 직전 4봉 고점 돌파=차단, 거래량배수=0.25, 양봉=통과, RSI=차단, 1H MTF=통과"
upbit,2026-09-07T06:18:30+09:00,KRW-JUP,361.0,59,거래량 부족,COMPLETE,2026-09-07T06:20:00+09:00,2026-09-07T07:48:30+09:00,366.0,358.0,365.0,1.1016,-1.1083,0.8253,"1차 퀀트 관망 대기: 하드게이트 통과, 알파스코어 59점, MA5 <= MA20, RSI 52.6, %B 0.57, 저점거리 1.69%, 최근고점대비 0.83%, 반등확인 통과, 이격 안정, 1H 358.0 >= EMA20 347.3 (기준 0.998), 모멘텀 돌파 직전 4봉 고점 돌파=차단, 거래량배수=0.53, 양봉=통과, RSI=통과, 1H MTF=통과"
upbit,2026-09-07T06:18:31+09:00,KRW-NEAR,3302.0,74,RSI 범위 이탈,COMPLETE,2026-09-07T06:20:00+09:00,2026-09-07T07:48:31+09:00,3398.0,3292.0,3318.0,2.6196,-0.5816,0.2036,"1차 퀀트 관망 대기: 하드게이트 통과, 알파스코어 74점, MA5 <= MA20, RSI 51.2, %B 0.56, 저점거리 1.04%, 최근고점대비 0.91%, 반등확인 통과, 이격 안정, 1H 3289.0 >= EMA20 3209.0 (기준 0.998), 모멘텀 돌파 직전 4봉 고점 돌파=차단, 거래량배수=0.43, 양봉=통과, RSI=차단, 1H MTF=통과"
upbit,2026-09-07T06:18:31+09:00,KRW-PROM,7515.0,74,거래량 부족,COMPLETE,2026-09-07T06:20:00+09:00,2026-09-07T07:48:31+09:00,7570.0,7450.0,7420.0,0.4502,-1.1421,-1.5402,"1차 퀀트 관망 대기: 하드게이트 통과, 알파스코어 74점, MA5 <= MA20, RSI 52.8, %B 0.47, 저점거리 0.40%, 최근고점대비 1.13%, 반등확인 통과, 이격 안정, 1H 7510.0 >= EMA20 7348.0 (기준 0.998), 모멘텀 돌파 직전 4봉 고점 돌파=차단, 거래량배수=0.50, 양봉=통과, RSI=통과, 1H MTF=통과"
upbit,2026-09-07T06:18:31+09:00,KRW-LINK,17790.0,40,RSI 범위 이탈,COMPLETE,2026-09-07T06:20:00+09:00,2026-09-07T07:48:31+09:00,17960.0,17400.0,17750.0,0.6733,-2.4657,-0.5038,"1차 퀀트 관망 대기: 하드게이트 차단, 알파스코어 40점, MA5 > MA20, RSI 75.8, %B 0.80, 저점거리 5.77%, 최근고점대비 2.08%, 반등확인 차단, 이격 안정, 1H 17820.0 >= EMA20 16799.7 (기준 0.998), 모멘텀 돌파 직전 4봉 고점 돌파=차단, 거래량배수=1.63, 양봉=차단, RSI=차단, 1H MTF=통과"
upbit,2026-09-07T06:18:32+09:00,KRW-ZAMA,76.0,27,RSI 범위 이탈,COMPLETE,2026-09-07T06:20:00+09:00,2026-09-07T07:48:32+09:00,77.8,76.0,77.7,2.0822,-0.2796,1.951,"1차 퀀트 관망 대기: 하드게이트 차단, 알파스코어 27점, MA5 <= MA20, RSI 38.5, %B -0.04, 저점거리 0.00%, 최근고점대비 1.58%, 반등확인 차단, 이격 안정, 1H 76.4 >= EMA20 76.4 (기준 0.998), 모멘텀 돌파 직전 4봉 고점 돌파=차단, 거래량배수=0.61, 양봉=차단, RSI=차단, 1H MTF=통과"
upbit,2026-09-07T06:18:32+09:00,KRW-TAO,364900.0,74,RSI 범위 이탈,COMPLETE,2026-09-07T06:20:00+09:00,2026-09-07T07:48:32+09:00,368900.0,354300.0,355300.0,0.8135,-3.1764,-2.9031,"1차 퀀트 관망 대기: 하드게이트 차단, 알파스코어 74점, MA5 <= MA20, RSI 50.0, %B 0.48, 저점거리 0.52%, 최근고점대비 1.26%, 반등확인 통과, 이격 안정, 1H 363600.0 >= EMA20 337672.1 (기준 0.998), 모멘텀 돌파 직전 4봉 고점 돌파=차단, 거래량배수=1.15, 양봉=통과, RSI=차단, 1H MTF=통과"
upbit,2026-09-07T06:18:33+09:00,KRW-WLD,566.0,59,거래량 부족,COMPLETE,2026-09-07T06:20:00+09:00,2026-09-07T07:48:33+09:00,577.0,563.0,568.0,1.6584,-0.8082,0.0728,"1차 퀀트 관망 대기: 하드게이트 차단, 알파스코어 59점, MA5 <= MA20, RSI 55.6, %B 0.97, 저점거리 1.07%, 최근고점대비 0.00%, 반등확인 통과, 이격 안정, 1H 561.0 >= EMA20 556.5 (기준 0.998), 모멘텀 돌파 직전 4봉 고점 돌파=통과, 거래량배수=0.64, 양봉=통과, RSI=통과, 1H MTF=통과"
upbit,2026-09-07T06:18:33+09:00,KRW-ONDO,523.0,47,RSI 범위 이탈,COMPLETE,2026-09-07T06:20:00+09:00,2026-09-07T07:48:33+09:00,525.0,514.0,522.0,0.1017,-1.9956,-0.4703,"1차 퀀트 관망 대기: 하드게이트 차단, 알파스코어 47점, MA5 > MA20, RSI 83.3, %B 1.21, 저점거리 1.55%, 최근고점대비 0.00%, 반등확인 통과, 이격 안정, 1H 517.0 >= EMA20 513.0 (기준 0.998), 모멘텀 돌파 직전 4봉 고점 돌파=통과, 거래량배수=1.33, 양봉=통과, RSI=차단, 1H MTF=통과"
upbit,2026-09-07T06:18:34+09:00,KRW-JTO,631.0,44,RSI 범위 이탈,COMPLETE,2026-09-07T06:20:00+09:00,2026-09-07T07:48:34+09:00,657.0,632.0,633.0,3.8293,-0.1216,0.0365,"1차 퀀트 관망 대기: 하드게이트 차단, 알파스코어 44점, MA5 > MA20, RSI 74.3, %B 0.96, 저점거리 2.94%, 최근고점대비 0.48%, 반등확인 통과, 이격 안정, 1H 626.0 >= EMA20 607.3 (기준 0.998), 모멘텀 돌파 직전 4봉 고점 돌파=차단, 거래량배수=0.93, 양봉=통과, RSI=차단, 1H MTF=통과"
upbit,2026-09-07T06:18:34+09:00,KRW-MET2,289.0,59,거래량 부족,COMPLETE,2026-09-07T06:20:00+09:00,2026-09-07T07:48:34+09:00,290.0,284.0,288.0,0.0654,-2.0049,-0.6247,"1차 퀀트 관망 대기: 하드게이트 통과, 알파스코어 59점, MA5 <= MA20, RSI 53.9, %B 0.70, 저점거리 1.40%, 최근고점대비 0.00%, 반등확인 통과, 이격 안정, 1H 286.0 >= EMA20 283.2 (기준 0.998), 모멘텀 돌파 직전 4봉 고점 돌파=통과, 거래량배수=0.37, 양봉=통과, RSI=통과, 1H MTF=통과"
upbit,2026-09-07T06:23:31+09:00,KRW-NEAR,3311.0,69,거래량 부족,COMPLETE,2026-09-07T06:25:00+09:00,2026-09-07T07:53:31+09:00,3398.0,3293.0,3330.0,2.3406,-0.8217,0.2926,"1차 퀀트 관망 대기: 하드게이트 통과, 알파스코어 69점, MA5 > MA20, RSI 55.0, %B 0.74, 저점거리 1.32%, 최근고점대비 0.63%, 반등확인 통과, 이격 안정, 1H 3289.0 >= EMA20 3209.0 (기준 0.998), 모멘텀 돌파 직전 4봉 고점 돌파=차단, 거래량배수=1.05, 양봉=통과, RSI=통과, 1H MTF=통과"
upbit,2026-09-07T06:23:32+09:00,KRW-PROM,7515.0,74,RSI 범위 이탈,COMPLETE,2026-09-07T06:25:00+09:00,2026-09-07T07:53:32+09:00,7570.0,7420.0,7450.0,0.4502,-1.5402,-1.1421,"1차 퀀트 관망 대기: 하드게이트 차단, 알파스코어 74점, MA5 <= MA20, RSI 40.4, %B 0.43, 저점거리 0.40%, 최근고점대비 1.13%, 반등확인 차단, 이격 안정, 1H 7510.0 >= EMA20 7348.0 (기준 0.998), 모멘텀 돌파 직전 4봉 고점 돌파=차단, 거래량배수=0.65, 양봉=차단, RSI=차단, 1H MTF=통과"
upbit,2026-09-07T06:23:32+09:00,KRW-LINK,17940.0,37,이격 과열,COMPLETE,2026-09-07T06:25:00+09:00,2026-09-07T07:53:32+09:00,17860.0,17400.0,17780.0,-0.7243,-3.2812,-1.169,"1차 퀀트 관망 대기: 하드게이트 차단, 알파스코어 37점, MA5 > MA20, RSI 78.5, %B 0.84, 저점거리 6.41%, 최근고점대비 1.23%, 반등확인 통과, 이격 과열차단, 1H 17820.0 >= EMA20 16799.7 (기준 0.998), 모멘텀 돌파 직전 4봉 고점 돌파=차단, 거래량배수=0.48, 양봉=통과, RSI=차단, 1H MTF=통과"
upbit,2026-09-07T06:23:33+09:00,KRW-ONDO,523.0,50,RSI 범위 이탈,COMPLETE,2026-09-07T06:25:00+09:00,2026-09-07T07:53:33+09:00,525.0,514.0,523.0,0.1017,-1.9956,-0.2796,"1차 퀀트 관망 대기: 하드게이트 차단, 알파스코어 50점, MA5 > MA20, RSI 83.3, %B 1.07, 저점거리 1.55%, 최근고점대비 0.19%, 반등확인 통과, 이격 안정, 1H 517.0 >= EMA20 513.0 (기준 0.998), 모멘텀 돌파 직전 4봉 고점 돌파=차단, 거래량배수=5.10, 양봉=통과, RSI=차단, 1H MTF=통과"
upbit,2026-09-07T06:23:33+09:00,KRW-AVAX,10660.0,50,하드 게이트,COMPLETE,2026-09-07T06:25:00+09:00,2026-09-07T07:53:33+09:00,10720.0,10500.0,10640.0,0.2817,-1.7763,-0.4667,"1차 퀀트 관망 대기: 하드게이트 차단, 알파스코어 50점, MA5 > MA20, RSI 82.3, %B 0.90, 저점거리 1.81%, 최근고점대비 0.28%, 반등확인 통과, 이격 안정, 1H 10620.0 >= EMA20 10436.0 (기준 0.998)"
upbit,2026-09-07T06:23:34+09:00,KRW-ZAMA,76.0,17,RSI 범위 이탈,COMPLETE,2026-09-07T06:25:00+09:00,2026-09-07T07:53:34+09:00,77.8,76.0,77.4,2.0822,-0.2796,1.5573,"1차 퀀트 관망 대기: 하드게이트 차단, 알파스코어 17점, MA5 <= MA20, RSI 26.9, %B 0.05, 저점거리 0.00%, 최근고점대비 1.45%, 반등확인 차단, 이격 안정, 1H 76.4 >= EMA20 76.4 (기준 0.998), 모멘텀 돌파 직전 4봉 고점 돌파=차단, 거래량배수=0.04, 양봉=차단, RSI=차단, 1H MTF=통과"
upbit,2026-09-07T06:23:34+09:00,KRW-TAO,367200.0,65,RSI 범위 이탈,COMPLETE,2026-09-07T06:25:00+09:00,2026-09-07T07:53:34+09:00,368900.0,354300.0,354600.0,0.1821,-3.7829,-3.7014,"1차 퀀트 관망 대기: 하드게이트 차단, 알파스코어 65점, MA5 <= MA20, RSI 50.7, %B 0.78, 저점거리 1.16%, 최근고점대비 0.76%, 반등확인 통과, 이격 안정, 1H 363600.0 >= EMA20 337672.1 (기준 0.998), 모멘텀 돌파 직전 4봉 고점 돌파=통과, 거래량배수=1.85, 양봉=통과, RSI=차단, 1H MTF=통과"
upbit,2026-09-07T06:23:34+09:00,KRW-JTO,632.0,44,RSI 범위 이탈,COMPLETE,2026-09-07T06:25:00+09:00,2026-09-07T07:53:34+09:00,657.0,632.0,633.0,3.665,-0.2796,-0.1218,"1차 퀀트 관망 대기: 하드게이트 차단, 알파스코어 44점, MA5 > MA20, RSI 79.4, %B 0.93, 저점거리 2.60%, 최근고점대비 0.32%, 반등확인 통과, 이격 안정, 1H 626.0 >= EMA20 607.3 (기준 0.998), 모멘텀 돌파 직전 4봉 고점 돌파=차단, 거래량배수=0.85, 양봉=통과, RSI=차단, 1H MTF=통과"
upbit,2026-09-07T06:23:35+09:00,KRW-FIL,1100.0,49,하드 게이트,COMPLETE,2026-09-07T06:25:00+09:00,2026-09-07T07:53:35+09:00,1104.0,1089.0,1094.0,0.083,-1.2768,-0.8235,"1차 퀀트 관망 대기: 하드게이트 차단, 알파스코어 49점, MA5 > MA20, RSI 73.5, %B 0.92, 저점거리 1.38%, 최근고점대비 0.18%, 반등확인 통과, 이격 안정, 1H 1097.0 >= EMA20 1084.6 (기준 0.998)"
upbit,2026-09-07T06:23:35+09:00,KRW-MET2,289.0,59,거래량 부족,COMPLETE,2026-09-07T06:25:00+09:00,2026-09-07T07:53:35+09:00,290.0,284.0,288.0,0.0654,-2.0049,-0.6247,"1차 퀀트 관망 대기: 하드게이트 통과, 알파스코어 59점, MA5 <= MA20, RSI 53.9, %B 0.70, 저점거리 1.40%, 최근고점대비 0.00%, 반등확인 통과, 이격 안정, 1H 286.0 >= EMA20 283.2 (기준 0.998), 모멘텀 돌파 직전 4봉 고점 돌파=통과, 거래량배수=0.37, 양봉=통과, RSI=통과, 1H MTF=통과"
upbit,2026-09-07T06:28:35+09:00,KRW-NEAR,3296.0,77,RSI 범위 이탈,COMPLETE,2026-09-07T06:30:00+09:00,2026-09-07T07:58:35+09:00,3398.0,3295.0,3332.0,2.8064,-0.3099,0.8096,"1차 퀀트 관망 대기: 하드게이트 통과, 알파스코어 77점, MA5 > MA20, RSI 46.1, %B 0.46, 저점거리 0.86%, 최근고점대비 1.09%, 반등확인 차단, 이격 안정, 1H 3289.0 >= EMA20 3209.0 (기준 0.998), 모멘텀 돌파 직전 4봉 고점 돌파=차단, 거래량배수=2.62, 양봉=차단, RSI=차단, 1H MTF=통과"
upbit,2026-09-07T06:28:35+09:00,KRW-ZAMA,76.0,27,RSI 범위 이탈,COMPLETE,2026-09-07T06:30:00+09:00,2026-09-07T07:58:35+09:00,77.8,76.0,77.4,2.0822,-0.2796,1.5573,"1차 퀀트 관망 대기: 하드게이트 차단, 알파스코어 27점, MA5 <= MA20, RSI 29.2, %B 0.10, 저점거리 0.00%, 최근고점대비 1.45%, 반등확인 차단, 이격 안정, 1H 76.4 >= EMA20 76.4 (기준 0.998), 모멘텀 돌파 직전 4봉 고점 돌파=차단, 거래량배수=1.32, 양봉=차단, RSI=차단, 1H MTF=통과"
upbit,2026-09-07T06:28:35+09:00,KRW-PROM,7485.0,59,RSI 범위 이탈,COMPLETE,2026-09-07T06:30:00+09:00,2026-09-07T07:58:35+09:00,7570.0,7410.0,7490.0,0.8528,-1.2788,-0.213,"1차 퀀트 관망 대기: 하드게이트 차단, 알파스코어 59점, MA5 <= MA20, RSI 41.8, %B 0.18, 저점거리 0.00%, 최근고점대비 1.54%, 반등확인 차단, 이격 안정, 1H 7510.0 >= EMA20 7348.0 (기준 0.998), 모멘텀 돌파 직전 4봉 고점 돌파=차단, 거래량배수=0.57, 양봉=차단, RSI=차단, 1H MTF=통과"
upbit,2026-09-07T06:28:36+09:00,KRW-ONDO,523.0,50,RSI 범위 이탈,COMPLETE,2026-09-07T06:30:00+09:00,2026-09-07T07:58:36+09:00,525.0,514.0,524.0,0.1017,-1.9956,-0.0889,"1차 퀀트 관망 대기: 하드게이트 차단, 알파스코어 50점, MA5 > MA20, RSI 83.3, %B 0.99, 저점거리 1.55%, 최근고점대비 0.19%, 반등확인 통과, 이격 안정, 1H 517.0 >= EMA20 513.0 (기준 0.998), 모멘텀 돌파 직전 4봉 고점 돌파=차단, 거래량배수=2.52, 양봉=통과, RSI=차단, 1H MTF=통과"
upbit,2026-09-07T06:28:36+09:00,KRW-LINK,17780.0,47,RSI 범위 이탈,COMPLETE,2026-09-07T06:30:00+09:00,2026-09-07T07:58:36+09:00,17800.0,17400.0,17820.0,-0.1674,-2.4109,-0.0553,"1차 퀀트 관망 대기: 하드게이트 차단, 알파스코어 47점, MA5 > MA20, RSI 73.6, %B 0.73, 저점거리 5.21%, 최근고점대비 2.14%, 반등확인 차단, 이격 안정, 1H 17820.0 >= EMA20 16799.7 (기준 0.998), 모멘텀 돌파 직전 4봉 고점 돌파=차단, 거래량배수=0.82, 양봉=차단, RSI=차단, 1H MTF=통과"
upbit,2026-09-07T06:28:37+09:00,KRW-WLD,564.0,77,돌파 미확인,COMPLETE,2026-09-07T06:30:00+09:00,2026-09-07T07:58:37+09:00,577.0,563.0,572.0,2.0189,-0.4564,1.1349,"1차 퀀트 관망 대기: 하드게이트 통과, 알파스코어 77점, MA5 > MA20, RSI 52.9, %B 0.57, 저점거리 0.71%, 최근고점대비 0.35%, 반등확인 차단, 이격 안정, 1H 561.0 >= EMA20 556.5 (기준 0.998), 모멘텀 돌파 직전 4봉 고점 돌파=차단, 거래량배수=2.60, 양봉=차단, RSI=통과, 1H MTF=통과"
upbit,2026-09-07T06:28:37+09:00,KRW-TAO,367700.0,59,거래량 부족,COMPLETE,2026-09-07T06:30:00+09:00,2026-09-07T07:58:37+09:00,368800.0,354300.0,356500.0,0.0187,-3.9137,-3.3171,"1차 퀀트 관망 대기: 하드게이트 차단, 알파스코어 59점, MA5 <= MA20, RSI 56.9, %B 0.87, 저점거리 1.29%, 최근고점대비 0.63%, 반등확인 통과, 이격 안정, 1H 363600.0 >= EMA20 337672.1 (기준 0.998), 모멘텀 돌파 직전 4봉 고점 돌파=차단, 거래량배수=1.14, 양봉=통과, RSI=통과, 1H MTF=통과"
upbit,2026-09-07T06:28:38+09:00,KRW-JTO,634.0,44,RSI 범위 이탈,COMPLETE,2026-09-07T06:30:00+09:00,2026-09-07T07:58:38+09:00,657.0,632.0,633.0,3.338,-0.5942,-0.4369,"1차 퀀트 관망 대기: 하드게이트 차단, 알파스코어 44점, MA5 > MA20, RSI 80.6, %B 0.94, 저점거리 2.76%, 최근고점대비 0.00%, 반등확인 통과, 이격 안정, 1H 626.0 >= EMA20 607.3 (기준 0.998), 모멘텀 돌파 직전 4봉 고점 돌파=통과, 거래량배수=1.03, 양봉=통과, RSI=차단, 1H MTF=통과"
upbit,2026-09-07T06:28:38+09:00,KRW-SUI,1108.0,37,반등 미확인,COMPLETE,2026-09-07T06:30:00+09:00,2026-09-07T07:58:38+09:00,1109.0,1088.0,1101.0,-0.1896,-2.0796,-0.9096,"1차 퀀트 관망 대기: 하드게이트 차단, 알파스코어 37점, MA5 > MA20, RSI 76.9, %B 0.86, 저점거리 1.56%, 최근고점대비 0.54%, 반등확인 차단, 이격 안정, 1H 1109.0 >= EMA20 1087.7 (기준 0.998)"
upbit,2026-09-07T06:28:39+09:00,KRW-ADA,302.0,47,하드 게이트,COMPLETE,2026-09-07T06:30:00+09:00,2026-09-07T07:58:39+09:00,303.0,298.0,302.0,0.0506,-1.6004,-0.2796,"1차 퀀트 관망 대기: 하드게이트 차단, 알파스코어 47점, MA5 > MA20, RSI 100.0, %B 0.81, 저점거리 0.67%, 최근고점대비 0.33%, 반등확인 통과, 이격 안정, 1H 301.0 >= EMA20 298.7 (기준 0.998)"
upbit,2026-09-07T06:33:33+09:00,KRW-NEAR,3301.0,77,RSI 범위 이탈,COMPLETE,2026-09-07T06:35:00+09:00,2026-09-07T08:03:33+09:00,3398.0,3295.0,3361.0,2.6507,-0.4609,1.5329,"1차 퀀트 관망 대기: 하드게이트 통과, 알파스코어 77점, MA5 > MA20, RSI 46.8, %B 0.56, 저점거리 1.01%, 최근고점대비 0.94%, 반등확인 통과, 이격 안정, 1H 3289.0 >= EMA20 3209.0 (기준 0.998), 모멘텀 돌파 직전 4봉 고점 돌파=차단, 거래량배수=1.33, 양봉=통과, RSI=차단, 1H MTF=통과"
upbit,2026-09-07T06:33:33+09:00,KRW-ZAMA,76.1,24,RSI 범위 이탈,COMPLETE,2026-09-07T06:35:00+09:00,2026-09-07T08:03:33+09:00,77.8,76.2,77.5,1.948,-0.1486,1.5549,"1차 퀀트 관망 대기: 하드게이트 차단, 알파스코어 24점, MA5 <= MA20, RSI 32.0, %B 0.19, 저점거리 0.13%, 최근고점대비 1.31%, 반등확인 차단, 이격 안정, 1H 76.4 >= EMA20 76.4 (기준 0.998), 모멘텀 돌파 직전 4봉 고점 돌파=차단, 거래량배수=0.34, 양봉=차단, RSI=차단, 1H MTF=통과"
upbit,2026-09-07T06:33:34+09:00,KRW-PROM,7500.0,69,RSI 범위 이탈,COMPLETE,2026-09-07T06:35:00+09:00,2026-09-07T08:03:34+09:00,7570.0,7410.0,7500.0,0.6511,-1.4763,-0.2796,"1차 퀀트 관망 대기: 하드게이트 통과, 알파스코어 69점, MA5 <= MA20, RSI 43.9, %B 0.28, 저점거리 0.20%, 최근고점대비 1.27%, 반등확인 통과, 이격 안정, 1H 7510.0 >= EMA20 7348.0 (기준 0.998), 모멘텀 돌파 직전 4봉 고점 돌파=차단, 거래량배수=0.81, 양봉=통과, RSI=차단, 1H MTF=통과"
upbit,2026-09-07T06:33:34+09:00,KRW-ONDO,522.0,47,RSI 범위 이탈,COMPLETE,2026-09-07T06:35:00+09:00,2026-09-07T08:03:34+09:00,524.0,514.0,527.0,0.1025,-1.8079,0.6756,"1차 퀀트 관망 대기: 하드게이트 차단, 알파스코어 47점, MA5 > MA20, RSI 76.9, %B 0.86, 저점거리 1.36%, 최근고점대비 0.38%, 반등확인 차단, 이격 안정, 1H 517.0 >= EMA20 513.0 (기준 0.998), 모멘텀 돌파 직전 4봉 고점 돌파=차단, 거래량배수=2.55, 양봉=차단, RSI=차단, 1H MTF=통과"
upbit,2026-09-07T06:33:35+09:00,KRW-LINK,17640.0,55,돌파 미확인,COMPLETE,2026-09-07T06:35:00+09:00,2026-09-07T08:03:35+09:00,17850.0,17400.0,17900.0,0.9075,-1.6363,1.1902,"1차 퀀트 관망 대기: 하드게이트 차단, 알파스코어 55점, MA5 > MA20, RSI 68.5, %B 0.64, 저점거리 4.26%, 최근고점대비 2.95%, 반등확인 차단, 이격 안정, 1H 17820.0 >= EMA20 16799.7 (기준 0.998), 모멘텀 돌파 직전 4봉 고점 돌파=차단, 거래량배수=1.37, 양봉=차단, RSI=통과, 1H MTF=통과"
upbit,2026-09-07T06:33:35+09:00,KRW-WLD,565.0,75,돌파 미확인,COMPLETE,2026-09-07T06:35:00+09:00,2026-09-07T08:03:35+09:00,577.0,563.0,570.0,1.8383,-0.6326,0.6029,"1차 퀀트 관망 대기: 하드게이트 차단, 알파스코어 75점, MA5 > MA20, RSI 52.9, %B 0.74, 저점거리 0.89%, 최근고점대비 0.35%, 반등확인 통과, 이격 안정, 1H 561.0 >= EMA20 556.5 (기준 0.998), 모멘텀 돌파 직전 4봉 고점 돌파=차단, 거래량배수=2.84, 양봉=통과, RSI=통과, 1H MTF=통과"
upbit,2026-09-07T06:33:35+09:00,KRW-TAO,365600.0,77,RSI 범위 이탈,COMPLETE,2026-09-07T06:35:00+09:00,2026-09-07T08:03:35+09:00,368800.0,354300.0,357200.0,0.5932,-3.3618,-2.5708,"1차 퀀트 관망 대기: 하드게이트 통과, 알파스코어 77점, MA5 > MA20, RSI 51.9, %B 0.44, 저점거리 0.72%, 최근고점대비 1.20%, 반등확인 차단, 이격 안정, 1H 363600.0 >= EMA20 337672.1 (기준 0.998), 모멘텀 돌파 직전 4봉 고점 돌파=차단, 거래량배수=1.88, 양봉=차단, RSI=차단, 1H MTF=통과"
upbit,2026-09-07T06:33:36+09:00,KRW-JTO,637.0,50,RSI 범위 이탈,COMPLETE,2026-09-07T06:35:00+09:00,2026-09-07T08:03:36+09:00,657.0,631.0,634.0,2.8513,-1.2189,-0.7492,"1차 퀀트 관망 대기: 하드게이트 차단, 알파스코어 50점, MA5 > MA20, RSI 79.4, %B 0.97, 저점거리 3.24%, 최근고점대비 0.31%, 반등확인 통과, 이격 안정, 1H 626.0 >= EMA20 607.3 (기준 0.998), 모멘텀 돌파 직전 4봉 고점 돌파=통과, 거래량배수=3.07, 양봉=통과, RSI=차단, 1H MTF=통과"
upbit,2026-09-07T06:33:36+09:00,KRW-SUI,1104.0,47,반등 미확인,COMPLETE,2026-09-07T06:35:00+09:00,2026-09-07T08:03:36+09:00,1109.0,1088.0,1099.0,0.172,-1.7248,-0.7312,"1차 퀀트 관망 대기: 하드게이트 차단, 알파스코어 47점, MA5 > MA20, RSI 69.0, %B 0.73, 저점거리 1.19%, 최근고점대비 0.91%, 반등확인 차단, 이격 안정, 1H 1109.0 >= EMA20 1087.7 (기준 0.998)"
upbit,2026-09-07T06:33:37+09:00,KRW-ADA,302.0,44,하드 게이트,COMPLETE,2026-09-07T06:35:00+09:00,2026-09-07T08:03:37+09:00,303.0,298.0,302.0,0.0506,-1.6004,-0.2796,"1차 퀀트 관망 대기: 하드게이트 차단, 알파스코어 44점, MA5 > MA20, RSI 100.0, %B 0.79, 저점거리 0.67%, 최근고점대비 0.33%, 반등확인 통과, 이격 안정, 1H 301.0 >= EMA20 298.7 (기준 0.998)"
upbit,2026-09-07T06:38:30+09:00,KRW-NEAR,3330.0,59,거래량 부족,COMPLETE,2026-09-07T06:40:00+09:00,2026-09-07T08:08:30+09:00,3398.0,3295.0,3347.0,1.7567,-1.3277,0.2295,"1차 퀀트 관망 대기: 하드게이트 차단, 알파스코어 59점, MA5 > MA20, RSI 55.6, %B 1.06, 저점거리 1.90%, 최근고점대비 0.12%, 반등확인 통과, 이격 안정, 1H 3289.0 >= EMA20 3209.0 (기준 0.998), 모멘텀 돌파 직전 4봉 고점 돌파=통과, 거래량배수=0.96, 양봉=통과, RSI=통과, 1H MTF=통과"
upbit,2026-09-07T06:38:30+09:00,KRW-ZAMA,76.4,39,RSI 범위 이탈,COMPLETE,2026-09-07T06:40:00+09:00,2026-09-07T08:08:30+09:00,77.8,76.2,77.9,1.5477,-0.5407,1.6783,"1차 퀀트 관망 대기: 하드게이트 통과, 알파스코어 39점, MA5 <= MA20, RSI 44.0, %B 0.40, 저점거리 0.53%, 최근고점대비 0.92%, 반등확인 통과, 이격 안정, 1H 76.4 >= EMA20 76.4 (기준 0.998), 모멘텀 돌파 직전 4봉 고점 돌파=통과, 거래량배수=0.57, 양봉=통과, RSI=차단, 1H MTF=통과"
upbit,2026-09-07T06:38:31+09:00,KRW-ONDO,524.0,47,RSI 범위 이탈,COMPLETE,2026-09-07T06:40:00+09:00,2026-09-07T08:08:31+09:00,528.0,514.0,524.0,0.4816,-2.1827,-0.2796,"1차 퀀트 관망 대기: 하드게이트 차단, 알파스코어 47점, MA5 > MA20, RSI 78.6, %B 0.95, 저점거리 1.75%, 최근고점대비 0.19%, 반등확인 통과, 이격 안정, 1H 517.0 >= EMA20 513.0 (기준 0.998), 모멘텀 돌파 직전 4봉 고점 돌파=차단, 거래량배수=1.49, 양봉=통과, RSI=차단, 1H MTF=통과"
upbit,2026-09-07T06:38:31+09:00,KRW-LINK,17610.0,40,돌파 미확인,COMPLETE,2026-09-07T06:40:00+09:00,2026-09-07T08:08:31+09:00,17920.0,17400.0,17860.0,1.4758,-1.4688,1.1361,"1차 퀀트 관망 대기: 하드게이트 차단, 알파스코어 40점, MA5 > MA20, RSI 66.2, %B 0.61, 저점거리 3.41%, 최근고점대비 3.12%, 반등확인 차단, 이격 안정, 1H 17820.0 >= EMA20 16799.7 (기준 0.998), 모멘텀 돌파 직전 4봉 고점 돌파=차단, 거래량배수=1.54, 양봉=차단, RSI=통과, 1H MTF=통과"
upbit,2026-09-07T06:38:32+09:00,KRW-WLD,568.0,59,거래량 부족,COMPLETE,2026-09-07T06:40:00+09:00,2026-09-07T08:08:32+09:00,577.0,563.0,571.0,1.3005,-1.1574,0.2471,"1차 퀀트 관망 대기: 하드게이트 차단, 알파스코어 59점, MA5 > MA20, RSI 55.6, %B 1.12, 저점거리 1.43%, 최근고점대비 0.00%, 반등확인 통과, 이격 안정, 1H 561.0 >= EMA20 556.5 (기준 0.998), 모멘텀 돌파 직전 4봉 고점 돌파=통과, 거래량배수=0.83, 양봉=통과, RSI=통과, 1H MTF=통과"
upbit,2026-09-07T06:38:32+09:00,KRW-ORCA,1908.0,79,거래량 부족,COMPLETE,2026-09-07T06:40:00+09:00,2026-09-07T08:08:32+09:00,1908.0,1881.0,1894.0,-0.2796,-1.6907,-1.0113,"1차 퀀트 관망 대기: 하드게이트 통과, 알파스코어 79점, MA5 <= MA20, RSI 53.3, %B 0.66, 저점거리 1.38%, 최근고점대비 0.05%, 반등확인 통과, 이격 안정, 1H 1896.0 >= EMA20 1889.9 (기준 0.998), 모멘텀 돌파 직전 4봉 고점 돌파=차단, 거래량배수=0.92, 양봉=통과, RSI=통과, 1H MTF=통과"
upbit,2026-09-07T06:38:33+09:00,KRW-JUP,361.0,67,RSI 범위 이탈,COMPLETE,2026-09-07T06:40:00+09:00,2026-09-07T08:08:33+09:00,368.0,358.0,368.0,1.654,-1.1083,1.654,"1차 퀀트 관망 대기: 하드게이트 통과, 알파스코어 67점, MA5 > MA20, RSI 47.1, %B 0.50, 저점거리 1.69%, 최근고점대비 0.83%, 반등확인 차단, 이격 안정, 1H 358.0 >= EMA20 347.3 (기준 0.998), 모멘텀 돌파 직전 4봉 고점 돌파=차단, 거래량배수=0.98, 양봉=차단, RSI=차단, 1H MTF=통과"
upbit,2026-09-07T06:38:33+09:00,KRW-JTO,645.0,38,RSI 범위 이탈,COMPLETE,2026-09-07T06:40:00+09:00,2026-09-07T08:08:33+09:00,657.0,631.0,634.0,1.5757,-2.4441,-1.9803,"1차 퀀트 관망 대기: 하드게이트 차단, 알파스코어 38점, MA5 > MA20, RSI 85.4, %B 1.09, 저점거리 4.54%, 최근고점대비 0.31%, 반등확인 통과, 이격 안정, 1H 626.0 >= EMA20 607.3 (기준 0.998), 모멘텀 돌파 직전 4봉 고점 돌파=통과, 거래량배수=5.67, 양봉=통과, RSI=차단, 1H MTF=통과"
upbit,2026-09-07T06:38:33+09:00,KRW-SUI,1107.0,47,하드 게이트,COMPLETE,2026-09-07T06:40:00+09:00,2026-09-07T08:08:33+09:00,1109.0,1088.0,1099.0,-0.0994,-1.9912,-1.0003,"1차 퀀트 관망 대기: 하드게이트 차단, 알파스코어 47점, MA5 > MA20, RSI 69.0, %B 0.78, 저점거리 1.47%, 최근고점대비 0.63%, 반등확인 통과, 이격 안정, 1H 1109.0 >= EMA20 1087.7 (기준 0.998)"
upbit,2026-09-07T06:38:34+09:00,KRW-ADA,303.0,44,하드 게이트,COMPLETE,2026-09-07T06:40:00+09:00,2026-09-07T08:08:34+09:00,303.0,298.0,302.0,-0.2796,-1.9252,-0.6087,"1차 퀀트 관망 대기: 하드게이트 차단, 알파스코어 44점, MA5 > MA20, RSI 100.0, %B 0.93, 저점거리 1.00%, 최근고점대비 0.00%, 반등확인 통과, 이격 안정, 1H 301.0 >= EMA20 298.7 (기준 0.998)"
upbit,2026-09-07T06:43:31+09:00,KRW-NEAR,3332.0,54,거래량 부족,COMPLETE,2026-09-07T06:45:00+09:00,2026-09-07T08:13:31+09:00,3398.0,3295.0,3346.0,1.6956,-1.3869,0.1394,"1차 퀀트 관망 대기: 하드게이트 차단, 알파스코어 54점, MA5 > MA20, RSI 62.7, %B 1.00, 저점거리 1.96%, 최근고점대비 0.15%, 반등확인 통과, 이격 안정, 1H 3289.0 >= EMA20 3209.0 (기준 0.998), 모멘텀 돌파 직전 4봉 고점 돌파=차단, 거래량배수=0.29, 양봉=통과, RSI=통과, 1H MTF=통과"
upbit,2026-09-07T06:43:32+09:00,KRW-ZAMA,76.5,54,RSI 범위 이탈,COMPLETE,2026-09-07T06:45:00+09:00,2026-09-07T08:13:32+09:00,77.9,76.5,77.8,1.5453,-0.2796,1.415,"1차 퀀트 관망 대기: 하드게이트 차단, 알파스코어 54점, MA5 <= MA20, RSI 41.7, %B 0.47, 저점거리 0.66%, 최근고점대비 0.39%, 반등확인 통과, 이격 안정, 1H 76.4 >= EMA20 76.4 (기준 0.998), 모멘텀 돌파 직전 4봉 고점 돌파=통과, 거래량배수=0.09, 양봉=통과, RSI=차단, 1H MTF=통과"
upbit,2026-09-07T06:43:32+09:00,KRW-ONDO,522.0,54,RSI 범위 이탈,COMPLETE,2026-09-07T06:45:00+09:00,2026-09-07T08:13:32+09:00,528.0,514.0,524.0,0.8666,-1.8079,0.1025,"1차 퀀트 관망 대기: 하드게이트 차단, 알파스코어 54점, MA5 > MA20, RSI 73.3, %B 0.77, 저점거리 1.36%, 최근고점대비 0.57%, 반등확인 차단, 이격 안정, 1H 517.0 >= EMA20 513.0 (기준 0.998), 모멘텀 돌파 직전 4봉 고점 돌파=차단, 거래량배수=1.06, 양봉=차단, RSI=차단, 1H MTF=통과"
upbit,2026-09-07T06:43:32+09:00,KRW-LINK,17610.0,37,거래량 부족,COMPLETE,2026-09-07T06:45:00+09:00,2026-09-07T08:13:32+09:00,17920.0,17400.0,17900.0,1.4758,-1.4688,1.3626,"1차 퀀트 관망 대기: 하드게이트 차단, 알파스코어 37점, MA5 > MA20, RSI 66.2, %B 0.59, 저점거리 2.80%, 최근고점대비 3.12%, 반등확인 통과, 이격 안정, 1H 17820.0 >= EMA20 16799.7 (기준 0.998), 모멘텀 돌파 직전 4봉 고점 돌파=차단, 거래량배수=0.71, 양봉=통과, RSI=통과, 1H MTF=통과"
upbit,2026-09-07T06:43:33+09:00,KRW-WLD,569.0,60,하드 게이트,COMPLETE,2026-09-07T06:45:00+09:00,2026-09-07T08:13:33+09:00,577.0,563.0,572.0,1.1224,-1.3311,0.2462,"1차 퀀트 관망 대기: 하드게이트 차단, 알파스코어 60점, MA5 > MA20, RSI 64.7, %B 1.11, 저점거리 1.61%, 최근고점대비 0.18%, 반등확인 통과, 이격 안정, 1H 561.0 >= EMA20 556.5 (기준 0.998), 모멘텀 돌파 직전 4봉 고점 돌파=통과, 거래량배수=5.63, 양봉=통과, RSI=통과, 1H MTF=통과"
upbit,2026-09-07T06:43:34+09:00,KRW-JUP,361.0,67,RSI 범위 이탈,COMPLETE,2026-09-07T06:45:00+09:00,2026-09-07T08:13:34+09:00,369.0,358.0,368.0,1.9303,-1.1083,1.654,"1차 퀀트 관망 대기: 하드게이트 차단, 알파스코어 67점, MA5 > MA20, RSI 43.8, %B 0.48, 저점거리 1.69%, 최근고점대비 0.83%, 반등확인 통과, 이격 안정, 1H 358.0 >= EMA20 347.3 (기준 0.998), 모멘텀 돌파 직전 4봉 고점 돌파=차단, 거래량배수=0.29, 양봉=통과, RSI=차단, 1H MTF=통과"
upbit,2026-09-07T06:43:34+09:00,KRW-JTO,644.0,40,RSI 범위 이탈,COMPLETE,2026-09-07T06:45:00+09:00,2026-09-07T08:13:34+09:00,657.0,631.0,634.0,1.7334,-2.2926,-1.8281,"1차 퀀트 관망 대기: 하드게이트 차단, 알파스코어 40점, MA5 > MA20, RSI 82.5, %B 0.98, 저점거리 3.70%, 최근고점대비 0.62%, 반등확인 차단, 이격 안정, 1H 626.0 >= EMA20 607.3 (기준 0.998), 모멘텀 돌파 직전 4봉 고점 돌파=차단, 거래량배수=4.86, 양봉=차단, RSI=차단, 1H MTF=통과"
upbit,2026-09-07T06:43:34+09:00,KRW-SUI,1105.0,62,반등 미확인,COMPLETE,2026-09-07T06:45:00+09:00,2026-09-07T08:13:34+09:00,1109.0,1088.0,1103.0,0.0814,-1.8138,-0.4601,"1차 퀀트 관망 대기: 하드게이트 통과, 알파스코어 62점, MA5 > MA20, RSI 64.3, %B 0.70, 저점거리 1.28%, 최근고점대비 0.81%, 반등확인 차단, 이격 안정, 1H 1109.0 >= EMA20 1087.7 (기준 0.998)"
upbit,2026-09-07T06:43:35+09:00,KRW-ADA,302.0,60,하드 게이트,COMPLETE,2026-09-07T06:45:00+09:00,2026-09-07T08:13:35+09:00,303.0,298.0,303.0,0.0506,-1.6004,0.0506,"1차 퀀트 관망 대기: 하드게이트 차단, 알파스코어 60점, MA5 > MA20, RSI 75.0, %B 0.73, 저점거리 0.67%, 최근고점대비 0.33%, 반등확인 통과, 이격 안정, 1H 301.0 >= EMA20 298.7 (기준 0.998)"
upbit,2026-09-07T06:48:34+09:00,KRW-PROM,7470.0,32,RSI 범위 이탈,COMPLETE,2026-09-07T06:50:00+09:00,2026-09-07T08:18:34+09:00,7570.0,7410.0,7505.0,1.0553,-1.0806,0.1876,"1차 퀀트 관망 대기: 하드게이트 차단, 알파스코어 32점, MA5 <= MA20, RSI 33.3, %B 0.10, 저점거리 0.13%, 최근고점대비 1.20%, 반등확인 차단, 이격 안정, 1H 7510.0 >= EMA20 7348.0 (기준 0.998), 모멘텀 돌파 직전 4봉 고점 돌파=차단, 거래량배수=2.50, 양봉=차단, RSI=차단, 1H MTF=통과"
upbit,2026-09-07T06:48:34+09:00,KRW-ORCA,1908.0,67,돌파 미확인,COMPLETE,2026-09-07T06:50:00+09:00,2026-09-07T08:18:34+09:00,1905.0,1881.0,1916.0,-0.4364,-1.6907,0.1385,"1차 퀀트 관망 대기: 하드게이트 차단, 알파스코어 67점, MA5 > MA20, RSI 60.0, %B 0.85, 저점거리 1.38%, 최근고점대비 0.05%, 반등확인 통과, 이격 안정, 1H 1896.0 >= EMA20 1889.9 (기준 0.998), 모멘텀 돌파 직전 4봉 고점 돌파=차단, 거래량배수=1.46, 양봉=통과, RSI=통과, 1H MTF=통과"
upbit,2026-09-07T06:48:35+09:00,KRW-LINK,17580.0,47,거래량 부족,COMPLETE,2026-09-07T06:50:00+09:00,2026-09-07T08:18:35+09:00,17950.0,17400.0,17900.0,1.8192,-1.3006,1.5356,"1차 퀀트 관망 대기: 하드게이트 차단, 알파스코어 47점, MA5 > MA20, RSI 63.6, %B 0.56, 저점거리 1.33%, 최근고점대비 3.30%, 반등확인 차단, 이격 안정, 1H 17820.0 >= EMA20 16799.7 (기준 0.998), 모멘텀 돌파 직전 4봉 고점 돌파=차단, 거래량배수=0.82, 양봉=차단, RSI=통과, 1H MTF=통과"
upbit,2026-09-07T06:48:35+09:00,KRW-ONDO,521.0,72,돌파 미확인,COMPLETE,2026-09-07T06:50:00+09:00,2026-09-07T08:18:35+09:00,528.0,514.0,524.0,1.0602,-1.6194,0.2946,"1차 퀀트 관망 대기: 하드게이트 통과, 알파스코어 72점, MA5 > MA20, RSI 64.3, %B 0.68, 저점거리 1.17%, 최근고점대비 0.77%, 반등확인 차단, 이격 안정, 1H 517.0 >= EMA20 513.0 (기준 0.998), 모멘텀 돌파 직전 4봉 고점 돌파=차단, 거래량배수=1.53, 양봉=차단, RSI=통과, 1H MTF=통과"
upbit,2026-09-07T06:48:36+09:00,KRW-WLD,569.0,54,거래량 부족,COMPLETE,2026-09-07T06:50:00+09:00,2026-09-07T08:18:36+09:00,577.0,563.0,571.0,1.1224,-1.3311,0.0709,"1차 퀀트 관망 대기: 하드게이트 차단, 알파스코어 54점, MA5 > MA20, RSI 64.7, %B 1.01, 저점거리 1.61%, 최근고점대비 0.18%, 반등확인 통과, 이격 안정, 1H 561.0 >= EMA20 556.5 (기준 0.998), 모멘텀 돌파 직전 4봉 고점 돌파=차단, 거래량배수=0.45, 양봉=통과, RSI=통과, 1H MTF=통과"
upbit,2026-09-07T06:48:36+09:00,KRW-VIRTUAL,982.0,43,RSI 범위 이탈,COMPLETE,2026-09-07T06:50:00+09:00,2026-09-07T08:18:36+09:00,987.0,975.0,981.0,0.2281,-0.9904,-0.3812,"1차 퀀트 관망 대기: 하드게이트 차단, 알파스코어 43점, MA5 > MA20, RSI 78.4, %B 1.10, 저점거리 2.40%, 최근고점대비 0.41%, 반등확인 통과, 이격 안정, 1H 960.0 >= EMA20 946.5 (기준 0.998), 모멘텀 돌파 직전 4봉 고점 돌파=통과, 거래량배수=10.42, 양봉=통과, RSI=차단, 1H MTF=통과"
upbit,2026-09-07T06:48:36+09:00,KRW-ENS,8495.0,77,돌파 미확인,COMPLETE,2026-09-07T06:50:00+09:00,2026-09-07T08:18:36+09:00,8500.0,8280.0,8450.0,-0.2209,-2.8034,-0.8079,"1차 퀀트 관망 대기: 하드게이트 통과, 알파스코어 77점, MA5 > MA20, RSI 52.6, %B 0.54, 저점거리 0.47%, 최근고점대비 0.65%, 반등확인 차단, 이격 안정, 1H 8455.0 >= EMA20 8343.6 (기준 0.998), 모멘텀 돌파 직전 4봉 고점 돌파=차단, 거래량배수=1.62, 양봉=차단, RSI=통과, 1H MTF=통과"
upbit,2026-09-07T06:48:37+09:00,KRW-NEAR,3327.0,59,거래량 부족,COMPLETE,2026-09-07T06:50:00+09:00,2026-09-07T08:18:37+09:00,3398.0,3295.0,3344.0,1.8485,-1.2387,0.2299,"1차 퀀트 관망 대기: 하드게이트 차단, 알파스코어 59점, MA5 > MA20, RSI 61.0, %B 0.87, 저점거리 1.81%, 최근고점대비 0.39%, 반등확인 차단, 이격 안정, 1H 3289.0 >= EMA20 3209.0 (기준 0.998), 모멘텀 돌파 직전 4봉 고점 돌파=차단, 거래량배수=0.86, 양봉=차단, RSI=통과, 1H MTF=통과"
upbit,2026-09-07T06:48:37+09:00,KRW-JTO,642.0,37,RSI 범위 이탈,COMPLETE,2026-09-07T06:50:00+09:00,2026-09-07T08:18:37+09:00,657.0,631.0,635.0,2.0503,-1.9882,-1.3669,"1차 퀀트 관망 대기: 하드게이트 차단, 알파스코어 37점, MA5 > MA20, RSI 80.5, %B 0.88, 저점거리 3.38%, 최근고점대비 0.93%, 반등확인 차단, 이격 안정, 1H 626.0 >= EMA20 607.3 (기준 0.998), 모멘텀 돌파 직전 4봉 고점 돌파=차단, 거래량배수=0.30, 양봉=차단, RSI=차단, 1H MTF=통과"
upbit,2026-09-07T06:48:38+09:00,KRW-MET2,290.0,44,거래량 부족,COMPLETE,2026-09-07T06:50:00+09:00,2026-09-07T08:18:38+09:00,289.0,284.0,289.0,-0.6235,-2.3428,-0.6235,"1차 퀀트 관망 대기: 하드게이트 차단, 알파스코어 44점, MA5 > MA20, RSI 66.7, %B 0.89, 저점거리 1.75%, 최근고점대비 0.00%, 반등확인 통과, 이격 안정, 1H 286.0 >= EMA20 283.2 (기준 0.998), 모멘텀 돌파 직전 4봉 고점 돌파=차단, 거래량배수=0.01, 양봉=통과, RSI=통과, 1H MTF=통과"
upbit,2026-09-07T06:53:30+09:00,KRW-PROM,7510.0,54,RSI 범위 이탈,COMPLETE,2026-09-07T06:55:00+09:00,2026-09-07T08:23:30+09:00,7570.0,7410.0,7505.0,0.5171,-1.6074,-0.346,"1차 퀀트 관망 대기: 하드게이트 차단, 알파스코어 54점, MA5 <= MA20, RSI 38.8, %B 0.41, 저점거리 0.67%, 최근고점대비 0.27%, 반등확인 통과, 이격 안정, 1H 7510.0 >= EMA20 7348.0 (기준 0.998), 모멘텀 돌파 직전 4봉 고점 돌파=차단, 거래량배수=0.41, 양봉=통과, RSI=차단, 1H MTF=통과"
upbit,2026-09-07T06:53:31+09:00,KRW-LINK,17680.0,62,거래량 부족,COMPLETE,2026-09-07T06:55:00+09:00,2026-09-07T08:23:31+09:00,17950.0,17400.0,17910.0,1.2433,-1.8589,1.0177,"1차 퀀트 관망 대기: 하드게이트 통과, 알파스코어 62점, MA5 > MA20, RSI 62.1, %B 0.60, 저점거리 0.57%, 최근고점대비 2.71%, 반등확인 통과, 이격 안정, 1H 17820.0 >= EMA20 16799.7 (기준 0.998), 모멘텀 돌파 직전 4봉 고점 돌파=차단, 거래량배수=0.90, 양봉=통과, RSI=통과, 1H MTF=통과"
upbit,2026-09-07T06:53:31+09:00,KRW-ONDO,522.0,54,거래량 부족,COMPLETE,2026-09-07T06:55:00+09:00,2026-09-07T08:23:31+09:00,528.0,514.0,525.0,0.8666,-1.8079,0.2935,"1차 퀀트 관망 대기: 하드게이트 차단, 알파스코어 54점, MA5 > MA20, RSI 66.7, %B 0.73, 저점거리 1.36%, 최근고점대비 0.57%, 반등확인 차단, 이격 안정, 1H 517.0 >= EMA20 513.0 (기준 0.998), 모멘텀 돌파 직전 4봉 고점 돌파=차단, 거래량배수=0.45, 양봉=차단, RSI=통과, 1H MTF=통과"
upbit,2026-09-07T06:53:31+09:00,KRW-WLD,572.0,50,RSI 범위 이탈,COMPLETE,2026-09-07T06:55:00+09:00,2026-09-07T08:23:31+09:00,577.0,563.0,570.0,0.5921,-1.8486,-0.6283,"1차 퀀트 관망 대기: 하드게이트 차단, 알파스코어 50점, MA5 > MA20, RSI 73.7, %B 1.15, 저점거리 2.14%, 최근고점대비 0.17%, 반등확인 통과, 이격 안정, 1H 561.0 >= EMA20 556.5 (기준 0.998), 모멘텀 돌파 직전 4봉 고점 돌파=통과, 거래량배수=6.07, 양봉=통과, RSI=차단, 1H MTF=통과"
upbit,2026-09-07T06:53:32+09:00,KRW-VIRTUAL,985.0,40,RSI 범위 이탈,COMPLETE,2026-09-07T06:55:00+09:00,2026-09-07T08:23:32+09:00,987.0,975.0,980.0,-0.0771,-1.292,-0.7858,"1차 퀀트 관망 대기: 하드게이트 차단, 알파스코어 40점, MA5 > MA20, RSI 80.0, %B 1.10, 저점거리 2.71%, 최근고점대비 0.41%, 반등확인 통과, 이격 안정, 1H 960.0 >= EMA20 946.5 (기준 0.998), 모멘텀 돌파 직전 4봉 고점 돌파=차단, 거래량배수=1.21, 양봉=통과, RSI=차단, 1H MTF=통과"
upbit,2026-09-07T06:53:32+09:00,KRW-NEAR,3339.0,57,거래량 부족,COMPLETE,2026-09-07T06:55:00+09:00,2026-09-07T08:23:32+09:00,3398.0,3295.0,3336.0,1.4824,-1.5937,-0.3692,"1차 퀀트 관망 대기: 하드게이트 차단, 알파스코어 57점, MA5 > MA20, RSI 63.2, %B 0.97, 저점거리 2.17%, 최근고점대비 0.21%, 반등확인 통과, 이격 안정, 1H 3289.0 >= EMA20 3209.0 (기준 0.998), 모멘텀 돌파 직전 4봉 고점 돌파=차단, 거래량배수=1.26, 양봉=통과, RSI=통과, 1H MTF=통과"
upbit,2026-09-07T06:53:33+09:00,KRW-ZAMA,76.8,64,RSI 범위 이탈,COMPLETE,2026-09-07T06:55:00+09:00,2026-09-07T08:23:33+09:00,78.0,76.8,77.8,1.2785,-0.2796,1.0188,"1차 퀀트 관망 대기: 하드게이트 통과, 알파스코어 64점, MA5 <= MA20, RSI 50.0, %B 0.73, 저점거리 1.05%, 최근고점대비 0.13%, 반등확인 통과, 이격 안정, 1H 76.4 >= EMA20 76.4 (기준 0.998), 모멘텀 돌파 직전 4봉 고점 돌파=통과, 거래량배수=0.26, 양봉=통과, RSI=차단, 1H MTF=통과"
upbit,2026-09-07T06:53:33+09:00,KRW-JTO,644.0,37,RSI 범위 이탈,COMPLETE,2026-09-07T06:55:00+09:00,2026-09-07T08:23:33+09:00,657.0,631.0,635.0,1.7334,-2.2926,-1.6732,"1차 퀀트 관망 대기: 하드게이트 차단, 알파스코어 37점, MA5 > MA20, RSI 80.0, %B 0.89, 저점거리 3.04%, 최근고점대비 0.62%, 반등확인 통과, 이격 안정, 1H 626.0 >= EMA20 607.3 (기준 0.998), 모멘텀 돌파 직전 4봉 고점 돌파=차단, 거래량배수=0.78, 양봉=통과, RSI=차단, 1H MTF=통과"
upbit,2026-09-07T06:53:34+09:00,KRW-MET2,289.0,72,돌파 미확인,COMPLETE,2026-09-07T06:55:00+09:00,2026-09-07T08:23:34+09:00,289.0,284.0,289.0,-0.2796,-2.0049,-0.2796,"1차 퀀트 관망 대기: 하드게이트 통과, 알파스코어 72점, MA5 > MA20, RSI 58.3, %B 0.75, 저점거리 1.40%, 최근고점대비 0.35%, 반등확인 통과, 이격 안정, 1H 286.0 >= EMA20 283.2 (기준 0.998), 모멘텀 돌파 직전 4봉 고점 돌파=차단, 거래량배수=1.41, 양봉=통과, RSI=통과, 1H MTF=통과"
upbit,2026-09-07T06:53:34+09:00,KRW-SUI,1108.0,60,하드 게이트,COMPLETE,2026-09-07T06:55:00+09:00,2026-09-07T08:23:34+09:00,1109.0,1088.0,1101.0,-0.1896,-2.0796,-0.9096,"1차 퀀트 관망 대기: 하드게이트 차단, 알파스코어 60점, MA5 > MA20, RSI 69.0, %B 0.75, 저점거리 1.28%, 최근고점대비 0.54%, 반등확인 통과, 이격 안정, 1H 1109.0 >= EMA20 1087.7 (기준 0.998)"
upbit,2026-09-07T06:58:30+09:00,KRW-ORCA,1903.0,80,돌파 미확인,COMPLETE,2026-09-07T07:00:00+09:00,2026-09-07T08:28:30+09:00,1929.0,1881.0,1921.0,1.0828,-1.4324,0.6636,"1차 퀀트 관망 대기: 하드게이트 통과, 알파스코어 80점, MA5 > MA20, RSI 53.1, %B 0.65, 저점거리 1.12%, 최근고점대비 0.32%, 반등확인 통과, 이격 안정, 1H 1896.0 >= EMA20 1889.9 (기준 0.998), 모멘텀 돌파 직전 4봉 고점 돌파=차단, 거래량배수=3.09, 양봉=통과, RSI=통과, 1H MTF=통과"
upbit,2026-09-07T06:58:30+09:00,KRW-LINK,17590.0,52,거래량 부족,COMPLETE,2026-09-07T07:00:00+09:00,2026-09-07T08:28:30+09:00,17980.0,17400.0,18020.0,1.9314,-1.3567,2.1581,"1차 퀀트 관망 대기: 하드게이트 통과, 알파스코어 52점, MA5 > MA20, RSI 54.6, %B 0.52, 저점거리 0.23%, 최근고점대비 3.24%, 반등확인 차단, 이격 안정, 1H 17820.0 >= EMA20 16799.7 (기준 0.998), 모멘텀 돌파 직전 4봉 고점 돌파=차단, 거래량배수=0.34, 양봉=차단, RSI=통과, 1H MTF=통과"
upbit,2026-09-07T06:58:31+09:00,KRW-ONDO,521.0,59,반등 미확인,COMPLETE,2026-09-07T07:00:00+09:00,2026-09-07T08:28:31+09:00,528.0,514.0,525.0,1.0602,-1.6194,0.486,"1차 퀀트 관망 대기: 하드게이트 차단, 알파스코어 59점, MA5 > MA20, RSI 66.7, %B 0.63, 저점거리 1.17%, 최근고점대비 0.77%, 반등확인 차단, 이격 안정, 1H 517.0 >= EMA20 513.0 (기준 0.998)"
upbit,2026-09-07T06:58:31+09:00,KRW-WLD,576.0,50,RSI 범위 이탈,COMPLETE,2026-09-07T07:00:00+09:00,2026-09-07T08:28:31+09:00,577.0,563.0,572.0,-0.1065,-2.5302,-0.9721,"1차 퀀트 관망 대기: 하드게이트 차단, 알파스코어 50점, MA5 > MA20, RSI 78.3, %B 1.23, 저점거리 2.86%, 최근고점대비 0.17%, 반등확인 통과, 이격 안정, 1H 561.0 >= EMA20 556.5 (기준 0.998), 모멘텀 돌파 직전 4봉 고점 돌파=통과, 거래량배수=2.41, 양봉=통과, RSI=차단, 1H MTF=통과"
upbit,2026-09-07T06:58:31+09:00,KRW-VIRTUAL,987.0,37,RSI 범위 이탈,COMPLETE,2026-09-07T07:00:00+09:00,2026-09-07T08:28:31+09:00,987.0,975.0,982.0,-0.2796,-1.492,-0.7848,"1차 퀀트 관망 대기: 하드게이트 차단, 알파스코어 37점, MA5 > MA20, RSI 82.9, %B 1.05, 저점거리 2.81%, 최근고점대비 0.20%, 반등확인 통과, 이격 안정, 1H 960.0 >= EMA20 946.5 (기준 0.998), 모멘텀 돌파 직전 4봉 고점 돌파=차단, 거래량배수=1.19, 양봉=통과, RSI=차단, 1H MTF=통과"
upbit,2026-09-07T06:58:32+09:00,KRW-ENS,8490.0,74,거래량 부족,COMPLETE,2026-09-07T07:00:00+09:00,2026-09-07T08:28:32+09:00,8480.0,8280.0,8450.0,-0.3971,-2.7462,-0.7494,"1차 퀀트 관망 대기: 하드게이트 통과, 알파스코어 74점, MA5 > MA20, RSI 56.5, %B 0.48, 저점거리 0.41%, 최근고점대비 0.71%, 반등확인 차단, 이격 안정, 1H 8455.0 >= EMA20 8343.6 (기준 0.998), 모멘텀 돌파 직전 4봉 고점 돌파=차단, 거래량배수=0.08, 양봉=차단, RSI=통과, 1H MTF=통과"
upbit,2026-09-07T06:58:32+09:00,KRW-JUP,363.0,73,RSI 범위 이탈,COMPLETE,2026-09-07T07:00:00+09:00,2026-09-07T08:28:32+09:00,371.0,358.0,371.0,1.9181,-1.6532,1.9181,"1차 퀀트 관망 대기: 하드게이트 통과, 알파스코어 73점, MA5 > MA20, RSI 50.0, %B 0.69, 저점거리 2.25%, 최근고점대비 0.83%, 반등확인 통과, 이격 안정, 1H 358.0 >= EMA20 347.3 (기준 0.998), 모멘텀 돌파 직전 4봉 고점 돌파=차단, 거래량배수=2.14, 양봉=통과, RSI=차단, 1H MTF=통과"
upbit,2026-09-07T06:58:33+09:00,KRW-NEAR,3346.0,50,돌파 미확인,COMPLETE,2026-09-07T07:00:00+09:00,2026-09-07T08:28:33+09:00,3398.0,3295.0,3314.0,1.2701,-1.7996,-1.2333,"1차 퀀트 관망 대기: 하드게이트 차단, 알파스코어 50점, MA5 > MA20, RSI 66.2, %B 0.99, 저점거리 2.39%, 최근고점대비 0.54%, 반등확인 통과, 이격 안정, 1H 3289.0 >= EMA20 3209.0 (기준 0.998), 모멘텀 돌파 직전 4봉 고점 돌파=차단, 거래량배수=4.08, 양봉=통과, RSI=통과, 1H MTF=통과"
upbit,2026-09-07T06:58:33+09:00,KRW-ZAMA,77.6,55,하드 게이트,COMPLETE,2026-09-07T07:00:00+09:00,2026-09-07T08:28:33+09:00,78.0,76.8,77.9,0.2344,-1.3077,0.1059,"1차 퀀트 관망 대기: 하드게이트 차단, 알파스코어 55점, MA5 > MA20, RSI 63.6, %B 1.17, 저점거리 2.11%, 최근고점대비 0.13%, 반등확인 통과, 이격 안정, 1H 76.4 >= EMA20 76.4 (기준 0.998), 모멘텀 돌파 직전 4봉 고점 돌파=통과, 거래량배수=4.91, 양봉=통과, RSI=통과, 1H MTF=통과"
upbit,2026-09-07T06:58:34+09:00,KRW-JTO,646.0,37,RSI 범위 이탈,COMPLETE,2026-09-07T07:00:00+09:00,2026-09-07T08:28:34+09:00,657.0,631.0,632.0,1.4184,-2.5951,-2.4407,"1차 퀀트 관망 대기: 하드게이트 차단, 알파스코어 37점, MA5 > MA20, RSI 80.5, %B 0.90, 저점거리 3.36%, 최근고점대비 0.31%, 반등확인 통과, 이격 안정, 1H 626.0 >= EMA20 607.3 (기준 0.998), 모멘텀 돌파 직전 4봉 고점 돌파=차단, 거래량배수=0.89, 양봉=통과, RSI=차단, 1H MTF=통과"
upbit,2026-09-07T07:03:30+09:00,KRW-PROM,7530.0,59,RSI 범위 이탈,COMPLETE,2026-09-07T07:05:00+09:00,2026-09-07T08:33:30+09:00,7570.0,7410.0,7415.0,0.2501,-1.8688,-1.8026,"1차 퀀트 관망 대기: 하드게이트 통과, 알파스코어 59점, MA5 <= MA20, RSI 43.4, %B 0.56, 저점거리 0.94%, 최근고점대비 0.00%, 반등확인 통과, 이격 안정, 1H 7530.0 >= EMA20 7365.2 (기준 0.998), 모멘텀 돌파 직전 4봉 고점 돌파=통과, 거래량배수=0.23, 양봉=통과, RSI=차단, 1H MTF=통과"
upbit,2026-09-07T07:03:31+09:00,KRW-LINK,17520.0,47,RSI 범위 이탈,COMPLETE,2026-09-07T07:05:00+09:00,2026-09-07T08:33:31+09:00,18050.0,17400.0,18000.0,2.737,-0.9626,2.4525,"1차 퀀트 관망 대기: 하드게이트 차단, 알파스코어 47점, MA5 > MA20, RSI 38.9, %B 0.45, 저점거리 0.00%, 최근고점대비 3.65%, 반등확인 차단, 이격 안정, 1H 17520.0 >= EMA20 16867.7 (기준 0.998), 모멘텀 돌파 직전 4봉 고점 돌파=차단, 거래량배수=0.58, 양봉=차단, RSI=차단, 1H MTF=통과"
upbit,2026-09-07T07:03:31+09:00,KRW-ONDO,521.0,59,하드 게이트,COMPLETE,2026-09-07T07:05:00+09:00,2026-09-07T08:33:31+09:00,528.0,514.0,527.0,1.0602,-1.6194,0.8688,"1차 퀀트 관망 대기: 하드게이트 차단, 알파스코어 59점, MA5 > MA20, RSI 66.7, %B 0.61, 저점거리 0.77%, 최근고점대비 0.77%, 반등확인 통과, 이격 안정, 1H 521.0 >= EMA20 513.8 (기준 0.998)"
upbit,2026-09-07T07:03:31+09:00,KRW-WLD,577.0,37,RSI 범위 이탈,COMPLETE,2026-09-07T07:05:00+09:00,2026-09-07T08:33:31+09:00,573.0,563.0,574.0,-0.9709,-2.6992,-0.7981,"1차 퀀트 관망 대기: 하드게이트 차단, 알파스코어 37점, MA5 > MA20, RSI 79.2, %B 1.12, 저점거리 2.85%, 최근고점대비 0.00%, 반등확인 통과, 이격 안정, 1H 577.0 >= EMA20 558.5 (기준 0.998), 모멘텀 돌파 직전 4봉 고점 돌파=차단, 거래량배수=1.02, 양봉=통과, RSI=차단, 1H MTF=통과"
upbit,2026-09-07T07:03:32+09:00,KRW-VIRTUAL,983.0,37,RSI 범위 이탈,COMPLETE,2026-09-07T07:05:00+09:00,2026-09-07T08:33:32+09:00,987.0,975.0,990.0,0.1262,-1.0912,0.4305,"1차 퀀트 관망 대기: 하드게이트 차단, 알파스코어 37점, MA5 > MA20, RSI 75.0, %B 0.89, 저점거리 2.40%, 최근고점대비 0.61%, 반등확인 차단, 이격 안정, 1H 983.0 >= EMA20 950.0 (기준 0.998), 모멘텀 돌파 직전 4봉 고점 돌파=차단, 거래량배수=0.82, 양봉=차단, RSI=차단, 1H MTF=통과"
upbit,2026-09-07T07:03:32+09:00,KRW-DOT,1339.0,37,RSI 범위 이탈,COMPLETE,2026-09-07T07:05:00+09:00,2026-09-07T08:33:32+09:00,1333.0,1315.0,1329.0,-0.7265,-2.067,-1.0243,"1차 퀀트 관망 대기: 하드게이트 차단, 알파스코어 37점, MA5 > MA20, RSI 75.6, %B 0.87, 저점거리 1.75%, 최근고점대비 0.22%, 반등확인 통과, 이격 안정, 1H 1339.0 >= EMA20 1301.8 (기준 0.998), 모멘텀 돌파 직전 4봉 고점 돌파=차단, 거래량배수=0.48, 양봉=통과, RSI=차단, 1H MTF=통과"
upbit,2026-09-07T07:03:33+09:00,KRW-ZRO,1496.0,74,RSI 범위 이탈,COMPLETE,2026-09-07T07:05:00+09:00,2026-09-07T08:33:33+09:00,1496.0,1473.0,1496.0,-0.2796,-1.8127,-0.2796,"1차 퀀트 관망 대기: 하드게이트 통과, 알파스코어 74점, MA5 > MA20, RSI 48.9, %B 0.44, 저점거리 0.34%, 최근고점대비 0.87%, 반등확인 차단, 이격 안정, 1H 1496.0 >= EMA20 1483.6 (기준 0.998), 모멘텀 돌파 직전 4봉 고점 돌파=차단, 거래량배수=0.42, 양봉=차단, RSI=차단, 1H MTF=통과"
upbit,2026-09-07T07:03:33+09:00,KRW-SEI,67.4,44,RSI 범위 이탈,COMPLETE,2026-09-07T07:05:00+09:00,2026-09-07T08:33:33+09:00,67.1,66.3,66.9,-0.7235,-1.9071,-1.0194,"1차 퀀트 관망 대기: 하드게이트 차단, 알파스코어 44점, MA5 > MA20, RSI 76.5, %B 0.92, 저점거리 1.51%, 최근고점대비 0.15%, 반등확인 차단, 이격 안정, 1H 67.4 >= EMA20 66.0 (기준 0.998), 모멘텀 돌파 직전 4봉 고점 돌파=차단, 거래량배수=0.88, 양봉=차단, RSI=차단, 1H MTF=통과"
upbit,2026-09-07T07:03:34+09:00,KRW-NEAR,3389.0,50,하드 게이트,COMPLETE,2026-09-07T07:05:00+09:00,2026-09-07T08:33:34+09:00,3378.0,3295.0,3318.0,-0.6033,-3.0455,-2.3688,"1차 퀀트 관망 대기: 하드게이트 차단, 알파스코어 50점, MA5 > MA20, RSI 71.4, %B 1.22, 저점거리 3.13%, 최근고점대비 0.12%, 반등확인 통과, 이격 안정, 1H 3389.0 >= EMA20 3226.6 (기준 0.998), 모멘텀 돌파 직전 4봉 고점 돌파=통과, 거래량배수=4.74, 양봉=통과, RSI=통과, 1H MTF=통과"
upbit,2026-09-07T07:03:34+09:00,KRW-ZAMA,77.7,53,돌파 미확인,COMPLETE,2026-09-07T07:05:00+09:00,2026-09-07T08:33:34+09:00,78.0,76.8,78.0,0.1054,-1.4347,0.1054,"1차 퀀트 관망 대기: 하드게이트 차단, 알파스코어 53점, MA5 > MA20, RSI 63.6, %B 1.11, 저점거리 2.24%, 최근고점대비 0.13%, 반등확인 통과, 이격 안정, 1H 77.7 >= EMA20 76.5 (기준 0.998), 모멘텀 돌파 직전 4봉 고점 돌파=차단, 거래량배수=2.22, 양봉=통과, RSI=통과, 1H MTF=통과"
upbit,2026-09-07T07:08:37+09:00,KRW-JUP,362.0,62,거래량 부족,COMPLETE,2026-09-07T07:10:00+09:00,2026-09-07T08:38:37+09:00,373.0,358.0,372.0,2.7506,-1.3815,2.4751,"1차 퀀트 관망 대기: 하드게이트 통과, 알파스코어 62점, MA5 > MA20, RSI 62.5, %B 0.56, 저점거리 0.56%, 최근고점대비 1.10%, 반등확인 통과, 이격 안정, 1H 362.0 >= EMA20 348.7 (기준 0.998), 모멘텀 돌파 직전 4봉 고점 돌파=차단, 거래량배수=0.84, 양봉=통과, RSI=통과, 1H MTF=통과"
upbit,2026-09-07T07:08:37+09:00,KRW-PROM,7560.0,68,하드 게이트,COMPLETE,2026-09-07T07:10:00+09:00,2026-09-07T08:38:37+09:00,7570.0,7410.0,7435.0,-0.1477,-2.2582,-1.9284,"1차 퀀트 관망 대기: 하드게이트 차단, 알파스코어 68점, MA5 <= MA20, RSI 56.9, %B 0.78, 저점거리 1.34%, 최근고점대비 0.00%, 반등확인 통과, 이격 안정, 1H 7530.0 >= EMA20 7365.2 (기준 0.998), 모멘텀 돌파 직전 4봉 고점 돌파=통과, 거래량배수=3.26, 양봉=통과, RSI=통과, 1H MTF=통과"
upbit,2026-09-07T07:08:37+09:00,KRW-WLD,572.0,44,거래량 부족,COMPLETE,2026-09-07T07:10:00+09:00,2026-09-07T08:38:37+09:00,574.0,563.0,572.0,0.0691,-1.8486,-0.2796,"1차 퀀트 관망 대기: 하드게이트 차단, 알파스코어 44점, MA5 > MA20, RSI 70.4, %B 0.80, 저점거리 1.60%, 최근고점대비 0.87%, 반등확인 차단, 이격 안정, 1H 577.0 >= EMA20 558.5 (기준 0.998), 모멘텀 돌파 직전 4봉 고점 돌파=차단, 거래량배수=0.75, 양봉=차단, RSI=통과, 1H MTF=통과"
upbit,2026-09-07T07:08:38+09:00,KRW-ONDO,518.0,59,반등 미확인,COMPLETE,2026-09-07T07:10:00+09:00,2026-09-07T08:38:38+09:00,528.0,514.0,528.0,1.6455,-1.0497,1.6455,"1차 퀀트 관망 대기: 하드게이트 통과, 알파스코어 59점, MA5 > MA20, RSI 55.6, %B 0.35, 저점거리 0.00%, 최근고점대비 1.35%, 반등확인 차단, 이격 안정, 1H 521.0 >= EMA20 513.8 (기준 0.998)"
upbit,2026-09-07T07:08:38+09:00,KRW-LINK,17510.0,32,RSI 범위 이탈,COMPLETE,2026-09-07T07:10:00+09:00,2026-09-07T08:38:38+09:00,18050.0,17400.0,17960.0,2.7957,-0.9061,2.2832,"1차 퀀트 관망 대기: 하드게이트 차단, 알파스코어 32점, MA5 <= MA20, RSI 39.5, %B 0.41, 저점거리 0.29%, 최근고점대비 3.71%, 반등확인 차단, 이격 안정, 1H 17520.0 >= EMA20 16867.7 (기준 0.998), 모멘텀 돌파 직전 4봉 고점 돌파=차단, 거래량배수=0.47, 양봉=차단, RSI=차단, 1H MTF=통과"
upbit,2026-09-07T07:08:38+09:00,KRW-NEAR,3363.0,47,돌파 미확인,COMPLETE,2026-09-07T07:10:00+09:00,2026-09-07T08:38:38+09:00,3378.0,3295.0,3315.0,0.1652,-2.296,-1.7029,"1차 퀀트 관망 대기: 하드게이트 차단, 알파스코어 47점, MA5 > MA20, RSI 68.5, %B 0.92, 저점거리 2.16%, 최근고점대비 1.04%, 반등확인 차단, 이격 안정, 1H 3389.0 >= EMA20 3226.6 (기준 0.998), 모멘텀 돌파 직전 4봉 고점 돌파=차단, 거래량배수=4.91, 양봉=차단, RSI=통과, 1H MTF=통과"
upbit,2026-09-07T07:08:39+09:00,KRW-JTO,653.0,38,RSI 범위 이탈,COMPLETE,2026-09-07T07:10:00+09:00,2026-09-07T08:38:39+09:00,651.0,628.0,632.0,-0.585,-4.0974,-3.4865,"1차 퀀트 관망 대기: 하드게이트 차단, 알파스코어 38점, MA5 > MA20, RSI 91.2, %B 0.96, 저점거리 3.98%, 최근고점대비 0.00%, 반등확인 통과, 이격 안정, 1H 648.0 >= EMA20 611.2 (기준 0.998), 모멘텀 돌파 직전 4봉 고점 돌파=통과, 거래량배수=2.11, 양봉=통과, RSI=차단, 1H MTF=통과"
upbit,2026-09-07T07:08:39+09:00,KRW-SEI,67.3,44,반등 미확인,COMPLETE,2026-09-07T07:10:00+09:00,2026-09-07T08:38:39+09:00,67.0,66.3,67.1,-0.7241,-1.7613,-0.576,"1차 퀀트 관망 대기: 하드게이트 차단, 알파스코어 44점, MA5 > MA20, RSI 81.2, %B 0.85, 저점거리 1.36%, 최근고점대비 0.30%, 반등확인 차단, 이격 안정, 1H 67.4 >= EMA20 66.0 (기준 0.998)"
upbit,2026-09-07T07:08:40+09:00,KRW-MET2,287.0,70,돌파 미확인,COMPLETE,2026-09-07T07:10:00+09:00,2026-09-07T08:38:40+09:00,289.0,284.0,289.0,0.4153,-1.322,0.4153,"1차 퀀트 관망 대기: 하드게이트 통과, 알파스코어 70점, MA5 > MA20, RSI 53.9, %B 0.46, 저점거리 0.70%, 최근고점대비 1.05%, 반등확인 차단, 이격 안정, 1H 288.0 >= EMA20 283.6 (기준 0.998), 모멘텀 돌파 직전 4봉 고점 돌파=차단, 거래량배수=1.38, 양봉=차단, RSI=통과, 1H MTF=통과"
upbit,2026-09-07T07:08:40+09:00,KRW-AVAX,10580.0,54,반등 미확인,COMPLETE,2026-09-07T07:10:00+09:00,2026-09-07T08:38:40+09:00,10690.0,10500.0,10730.0,0.7572,-1.0336,1.1342,"1차 퀀트 관망 대기: 하드게이트 차단, 알파스코어 54점, MA5 > MA20, RSI 38.5, %B 0.35, 저점거리 0.38%, 최근고점대비 1.32%, 반등확인 차단, 이격 안정, 1H 10580.0 >= EMA20 10449.5 (기준 0.998)"
upbit,2026-09-07T07:13:31+09:00,KRW-JUP,360.0,70,돌파 미확인,COMPLETE,2026-09-07T07:15:00+09:00,2026-09-07T08:43:31+09:00,373.0,358.0,374.0,3.3214,-0.8336,3.5984,"1차 퀀트 관망 대기: 하드게이트 통과, 알파스코어 70점, MA5 > MA20, RSI 55.6, %B 0.30, 저점거리 0.00%, 최근고점대비 1.67%, 반등확인 차단, 이격 안정, 1H 362.0 >= EMA20 348.7 (기준 0.998), 모멘텀 돌파 직전 4봉 고점 돌파=차단, 거래량배수=2.72, 양봉=차단, RSI=통과, 1H MTF=통과"
upbit,2026-09-07T07:13:31+09:00,KRW-PROM,7555.0,60,돌파 미확인,COMPLETE,2026-09-07T07:15:00+09:00,2026-09-07T08:43:31+09:00,7570.0,7410.0,7425.0,-0.0816,-2.1935,-1.9955,"1차 퀀트 관망 대기: 하드게이트 차단, 알파스코어 60점, MA5 > MA20, RSI 64.4, %B 0.76, 저점거리 1.27%, 최근고점대비 0.07%, 반등확인 차단, 이격 안정, 1H 7530.0 >= EMA20 7365.2 (기준 0.998), 모멘텀 돌파 직전 4봉 고점 돌파=차단, 거래량배수=2.44, 양봉=차단, RSI=통과, 1H MTF=통과"
upbit,2026-09-07T07:13:32+09:00,KRW-WLD,565.0,62,돌파 미확인,COMPLETE,2026-09-07T07:15:00+09:00,2026-09-07T08:43:32+09:00,574.0,563.0,572.0,1.3089,-0.6326,0.9559,"1차 퀀트 관망 대기: 하드게이트 통과, 알파스코어 62점, MA5 > MA20, RSI 55.9, %B 0.41, 저점거리 0.18%, 최근고점대비 2.12%, 반등확인 차단, 이격 안정, 1H 577.0 >= EMA20 558.5 (기준 0.998), 모멘텀 돌파 직전 4봉 고점 돌파=차단, 거래량배수=1.39, 양봉=차단, RSI=통과, 1H MTF=통과"
upbit,2026-09-07T07:13:32+09:00,KRW-ONDO,516.0,47,반등 미확인,COMPLETE,2026-09-07T07:15:00+09:00,2026-09-07T08:43:32+09:00,528.0,514.0,527.0,2.0395,-0.6661,1.8462,"1차 퀀트 관망 대기: 하드게이트 차단, 알파스코어 47점, MA5 <= MA20, RSI 47.4, %B 0.16, 저점거리 0.19%, 최근고점대비 1.74%, 반등확인 차단, 이격 안정, 1H 521.0 >= EMA20 513.8 (기준 0.998)"
upbit,2026-09-07T07:13:33+09:00,KRW-LINK,17470.0,32,RSI 범위 이탈,COMPLETE,2026-09-07T07:15:00+09:00,2026-09-07T08:43:33+09:00,18050.0,17400.0,18010.0,3.0311,-0.6792,2.8028,"1차 퀀트 관망 대기: 하드게이트 차단, 알파스코어 32점, MA5 <= MA20, RSI 38.4, %B 0.33, 저점거리 0.23%, 최근고점대비 3.15%, 반등확인 차단, 이격 안정, 1H 17520.0 >= EMA20 16867.7 (기준 0.998), 모멘텀 돌파 직전 4봉 고점 돌파=차단, 거래량배수=0.24, 양봉=차단, RSI=차단, 1H MTF=통과"
upbit,2026-09-07T07:13:33+09:00,KRW-SPK,29.8,42,반등 미확인,COMPLETE,2026-09-07T07:15:00+09:00,2026-09-07T08:43:33+09:00,29.9,29.2,29.9,0.055,-2.2874,0.055,"1차 퀀트 관망 대기: 하드게이트 차단, 알파스코어 42점, MA5 <= MA20, RSI 36.4, %B -0.18, 저점거리 0.00%, 최근고점대비 1.34%, 반등확인 차단, 이격 안정, 1H 30.1 >= EMA20 30.1 (기준 0.998)"
upbit,2026-09-07T07:13:33+09:00,KRW-ZAMA,77.6,47,거래량 부족,COMPLETE,2026-09-07T07:15:00+09:00,2026-09-07T08:43:33+09:00,78.6,76.8,78.5,1.0054,-1.3077,0.8769,"1차 퀀트 관망 대기: 하드게이트 차단, 알파스코어 47점, MA5 > MA20, RSI 65.0, %B 0.97, 저점거리 2.11%, 최근고점대비 0.26%, 반등확인 통과, 이격 안정, 1H 77.7 >= EMA20 76.5 (기준 0.998), 모멘텀 돌파 직전 4봉 고점 돌파=차단, 거래량배수=0.51, 양봉=통과, RSI=통과, 1H MTF=통과"
upbit,2026-09-07T07:13:34+09:00,KRW-NEAR,3328.0,77,돌파 미확인,COMPLETE,2026-09-07T07:15:00+09:00,2026-09-07T08:43:34+09:00,3378.0,3295.0,3322.0,1.2186,-1.2684,-0.4594,"1차 퀀트 관망 대기: 하드게이트 통과, 알파스코어 77점, MA5 > MA20, RSI 57.5, %B 0.61, 저점거리 1.09%, 최근고점대비 2.10%, 반등확인 차단, 이격 안정, 1H 3389.0 >= EMA20 3226.6 (기준 0.998), 모멘텀 돌파 직전 4봉 고점 돌파=차단, 거래량배수=3.89, 양봉=차단, RSI=통과, 1H MTF=통과"
upbit,2026-09-07T07:13:34+09:00,KRW-JTO,649.0,40,RSI 범위 이탈,COMPLETE,2026-09-07T07:15:00+09:00,2026-09-07T08:43:34+09:00,644.0,628.0,633.0,-1.0479,-3.5063,-2.738,"1차 퀀트 관망 대기: 하드게이트 차단, 알파스코어 40점, MA5 > MA20, RSI 81.1, %B 0.83, 저점거리 3.02%, 최근고점대비 1.23%, 반등확인 차단, 이격 안정, 1H 648.0 >= EMA20 611.2 (기준 0.998), 모멘텀 돌파 직전 4봉 고점 돌파=차단, 거래량배수=3.61, 양봉=차단, RSI=차단, 1H MTF=통과"
upbit,2026-09-07T07:13:35+09:00,KRW-SEI,66.8,74,반등 미확인,COMPLETE,2026-09-07T07:15:00+09:00,2026-09-07T08:43:35+09:00,67.1,66.3,67.2,0.1682,-1.026,0.3175,"1차 퀀트 관망 대기: 하드게이트 통과, 알파스코어 74점, MA5 > MA20, RSI 57.9, %B 0.53, 저점거리 0.15%, 최근고점대비 1.05%, 반등확인 차단, 이격 안정, 1H 67.4 >= EMA20 66.0 (기준 0.998)"
upbit,2026-09-07T07:18:30+09:00,KRW-JUP,360.0,67,RSI 범위 이탈,COMPLETE,2026-09-07T07:20:00+09:00,2026-09-07T08:48:30+09:00,377.0,358.0,377.0,4.4294,-0.8336,4.4294,"1차 퀀트 관망 대기: 하드게이트 통과, 알파스코어 67점, MA5 > MA20, RSI 46.7, %B 0.32, 저점거리 0.28%, 최근고점대비 1.67%, 반등확인 통과, 이격 안정, 1H 362.0 >= EMA20 348.7 (기준 0.998), 모멘텀 돌파 직전 4봉 고점 돌파=차단, 거래량배수=0.45, 양봉=통과, RSI=차단, 1H MTF=통과"
upbit,2026-09-07T07:18:30+09:00,KRW-PROM,7555.0,62,돌파 미확인,COMPLETE,2026-09-07T07:20:00+09:00,2026-09-07T08:48:30+09:00,7550.0,7410.0,7420.0,-0.3456,-2.1935,-2.0615,"1차 퀀트 관망 대기: 하드게이트 차단, 알파스코어 62점, MA5 > MA20, RSI 61.0, %B 0.79, 저점거리 1.27%, 최근고점대비 0.07%, 반등확인 통과, 이격 안정, 1H 7530.0 >= EMA20 7365.2 (기준 0.998), 모멘텀 돌파 직전 4봉 고점 돌파=차단, 거래량배수=1.54, 양봉=통과, RSI=통과, 1H MTF=통과"
upbit,2026-09-07T07:18:31+09:00,KRW-WLD,567.0,74,거래량 부족,COMPLETE,2026-09-07T07:20:00+09:00,2026-09-07T08:48:31+09:00,574.0,564.0,571.0,0.9515,-0.8072,0.4239,"1차 퀀트 관망 대기: 하드게이트 통과, 알파스코어 74점, MA5 > MA20, RSI 53.1, %B 0.51, 저점거리 0.53%, 최근고점대비 1.76%, 반등확인 통과, 이격 안정, 1H 577.0 >= EMA20 558.5 (기준 0.998), 모멘텀 돌파 직전 4봉 고점 돌파=차단, 거래량배수=0.70, 양봉=통과, RSI=통과, 1H MTF=통과"
upbit,2026-09-07T07:18:31+09:00,KRW-ONDO,517.0,57,하드 게이트,COMPLETE,2026-09-07T07:20:00+09:00,2026-09-07T08:48:31+09:00,528.0,514.0,527.0,1.8421,-0.8583,1.6492,"1차 퀀트 관망 대기: 하드게이트 차단, 알파스코어 57점, MA5 <= MA20, RSI 41.2, %B 0.25, 저점거리 0.39%, 최근고점대비 1.55%, 반등확인 통과, 이격 안정, 1H 521.0 >= EMA20 513.8 (기준 0.998)"
upbit,2026-09-07T07:18:32+09:00,KRW-LINK,17520.0,22,RSI 범위 이탈,COMPLETE,2026-09-07T07:20:00+09:00,2026-09-07T08:48:32+09:00,18060.0,17400.0,17990.0,2.794,-0.9626,2.3955,"1차 퀀트 관망 대기: 하드게이트 차단, 알파스코어 22점, MA5 <= MA20, RSI 24.4, %B 0.32, 저점거리 0.52%, 최근고점대비 2.74%, 반등확인 통과, 이격 안정, 1H 17520.0 >= EMA20 16867.7 (기준 0.998), 모멘텀 돌파 직전 4봉 고점 돌파=차단, 거래량배수=0.41, 양봉=통과, RSI=차단, 1H MTF=통과"
upbit,2026-09-07T07:18:32+09:00,KRW-ENS,8380.0,32,RSI 범위 이탈,COMPLETE,2026-09-07T07:20:00+09:00,2026-09-07T08:48:32+09:00,8485.0,8350.0,8480.0,0.9699,-0.6366,0.9104,"1차 퀀트 관망 대기: 하드게이트 차단, 알파스코어 32점, MA5 <= MA20, RSI 22.4, %B -0.15, 저점거리 0.00%, 최근고점대비 2.03%, 반등확인 차단, 이격 안정, 1H 8485.0 >= EMA20 8357.5 (기준 0.998), 모멘텀 돌파 직전 4봉 고점 돌파=차단, 거래량배수=1.50, 양봉=차단, RSI=차단, 1H MTF=통과"
upbit,2026-09-07T07:18:33+09:00,KRW-SPK,29.8,42,하드 게이트,COMPLETE,2026-09-07T07:20:00+09:00,2026-09-07T08:48:33+09:00,29.9,29.2,29.8,0.055,-2.2874,-0.2796,"1차 퀀트 관망 대기: 하드게이트 차단, 알파스코어 42점, MA5 <= MA20, RSI 36.4, %B -0.07, 저점거리 0.00%, 최근고점대비 1.34%, 반등확인 통과, 이격 안정, 1H 30.1 >= EMA20 30.1 (기준 0.998)"
upbit,2026-09-07T07:18:33+09:00,KRW-ZAMA,77.4,37,거래량 부족,COMPLETE,2026-09-07T07:20:00+09:00,2026-09-07T08:48:33+09:00,78.6,76.8,78.6,1.2664,-1.0526,1.2664,"1차 퀀트 관망 대기: 하드게이트 차단, 알파스코어 37점, MA5 > MA20, RSI 68.4, %B 0.84, 저점거리 1.84%, 최근고점대비 0.52%, 반등확인 차단, 이격 안정, 1H 77.7 >= EMA20 76.5 (기준 0.998), 모멘텀 돌파 직전 4봉 고점 돌파=차단, 거래량배수=0.11, 양봉=통과, RSI=통과, 1H MTF=통과"
upbit,2026-09-07T07:18:33+09:00,KRW-NEAR,3312.0,59,RSI 범위 이탈,COMPLETE,2026-09-07T07:20:00+09:00,2026-09-07T08:48:33+09:00,3378.0,3295.0,3323.0,1.7076,-0.7915,0.0516,"1차 퀀트 관망 대기: 하드게이트 통과, 알파스코어 59점, MA5 > MA20, RSI 46.6, %B 0.46, 저점거리 0.61%, 최근고점대비 2.60%, 반등확인 차단, 이격 안정, 1H 3389.0 >= EMA20 3226.6 (기준 0.998), 모멘텀 돌파 직전 4봉 고점 돌파=차단, 거래량배수=0.84, 양봉=차단, RSI=차단, 1H MTF=통과"
upbit,2026-09-07T07:18:34+09:00,KRW-JTO,643.0,55,돌파 미확인,COMPLETE,2026-09-07T07:20:00+09:00,2026-09-07T08:48:34+09:00,642.0,628.0,635.0,-0.4347,-2.6059,-1.5203,"1차 퀀트 관망 대기: 하드게이트 차단, 알파스코어 55점, MA5 > MA20, RSI 69.8, %B 0.67, 저점거리 2.06%, 최근고점대비 2.18%, 반등확인 차단, 이격 안정, 1H 648.0 >= EMA20 611.2 (기준 0.998), 모멘텀 돌파 직전 4봉 고점 돌파=차단, 거래량배수=1.33, 양봉=차단, RSI=통과, 1H MTF=통과"
upbit,2026-09-07T07:23:30+09:00,KRW-JUP,359.0,50,RSI 범위 이탈,COMPLETE,2026-09-07T07:25:00+09:00,2026-09-07T08:53:30+09:00,378.0,361.0,375.0,4.9981,0.2759,4.1648,"1차 퀀트 관망 대기: 하드게이트 통과, 알파스코어 50점, MA5 <= MA20, RSI 46.7, %B 0.21, 저점거리 0.28%, 최근고점대비 1.95%, 반등확인 차단, 이격 안정, 1H 362.0 >= EMA20 348.7 (기준 0.998), 모멘텀 돌파 직전 4봉 고점 돌파=차단, 거래량배수=3.60, 양봉=차단, RSI=차단, 1H MTF=통과"
upbit,2026-09-07T07:23:30+09:00,KRW-WLD,565.0,59,RSI 범위 이탈,COMPLETE,2026-09-07T07:25:00+09:00,2026-09-07T08:53:30+09:00,574.0,564.0,572.0,1.3089,-0.4561,0.9559,"1차 퀀트 관망 대기: 하드게이트 통과, 알파스코어 59점, MA5 > MA20, RSI 51.5, %B 0.39, 저점거리 0.36%, 최근고점대비 2.12%, 반등확인 차단, 이격 안정, 1H 577.0 >= EMA20 558.5 (기준 0.998), 모멘텀 돌파 직전 4봉 고점 돌파=차단, 거래량배수=0.31, 양봉=차단, RSI=차단, 1H MTF=통과"
upbit,2026-09-07T07:23:31+09:00,KRW-ONDO,515.0,32,반등 미확인,COMPLETE,2026-09-07T07:25:00+09:00,2026-09-07T08:53:31+09:00,528.0,515.0,528.0,2.2376,-0.2796,2.2376,"1차 퀀트 관망 대기: 하드게이트 차단, 알파스코어 32점, MA5 <= MA20, RSI 33.3, %B 0.09, 저점거리 0.19%, 최근고점대비 1.94%, 반등확인 차단, 이격 안정, 1H 521.0 >= EMA20 513.8 (기준 0.998)"
upbit,2026-09-07T07:23:31+09:00,KRW-LINK,17410.0,22,RSI 범위 이탈,COMPLETE,2026-09-07T07:25:00+09:00,2026-09-07T08:53:31+09:00,18060.0,17490.0,18000.0,3.4434,0.1786,3.0998,"1차 퀀트 관망 대기: 하드게이트 차단, 알파스코어 22점, MA5 <= MA20, RSI 25.0, %B 0.15, 저점거리 0.00%, 최근고점대비 3.16%, 반등확인 차단, 이격 안정, 1H 17520.0 >= EMA20 16867.7 (기준 0.998), 모멘텀 돌파 직전 4봉 고점 돌파=차단, 거래량배수=0.56, 양봉=차단, RSI=차단, 1H MTF=통과"
upbit,2026-09-07T07:23:31+09:00,KRW-ORCA,1881.0,49,RSI 범위 이탈,COMPLETE,2026-09-07T07:25:00+09:00,2026-09-07T08:53:31+09:00,1929.0,1888.0,1923.0,2.2651,0.0915,1.947,"1차 퀀트 관망 대기: 하드게이트 차단, 알파스코어 49점, MA5 <= MA20, RSI 44.1, %B 0.05, 저점거리 0.00%, 최근고점대비 1.49%, 반등확인 차단, 이격 안정, 1H 1893.0 >= EMA20 1890.3 (기준 0.998), 모멘텀 돌파 직전 4봉 고점 돌파=차단, 거래량배수=0.96, 양봉=차단, RSI=차단, 1H MTF=통과"
upbit,2026-09-07T07:23:32+09:00,KRW-ENS,8355.0,32,반등 미확인,COMPLETE,2026-09-07T07:25:00+09:00,2026-09-07T08:53:32+09:00,8485.0,8350.0,8475.0,1.272,-0.3393,1.1526,"1차 퀀트 관망 대기: 하드게이트 차단, 알파스코어 32점, MA5 <= MA20, RSI 21.7, %B -0.12, 저점거리 0.91%, 최근고점대비 2.33%, 반등확인 차단, 이격 안정, 1H 8485.0 >= EMA20 8357.5 (기준 0.998)"
upbit,2026-09-07T07:23:32+09:00,KRW-ZAMA,77.2,60,돌파 미확인,COMPLETE,2026-09-07T07:25:00+09:00,2026-09-07T08:53:32+09:00,78.6,77.2,78.4,1.5288,-0.2796,1.2704,"1차 퀀트 관망 대기: 하드게이트 통과, 알파스코어 60점, MA5 > MA20, RSI 65.0, %B 0.73, 저점거리 1.58%, 최근고점대비 0.78%, 반등확인 차단, 이격 안정, 1H 77.7 >= EMA20 76.5 (기준 0.998), 모멘텀 돌파 직전 4봉 고점 돌파=차단, 거래량배수=1.93, 양봉=차단, RSI=통과, 1H MTF=통과"
upbit,2026-09-07T07:23:33+09:00,KRW-NEAR,3297.0,64,RSI 범위 이탈,COMPLETE,2026-09-07T07:25:00+09:00,2026-09-07T08:53:33+09:00,3378.0,3310.0,3316.0,2.1703,0.1136,0.2951,"1차 퀀트 관망 대기: 하드게이트 통과, 알파스코어 64점, MA5 > MA20, RSI 49.8, %B 0.32, 저점거리 0.15%, 최근고점대비 3.06%, 반등확인 차단, 이격 안정, 1H 3389.0 >= EMA20 3226.6 (기준 0.998), 모멘텀 돌파 직전 4봉 고점 돌파=차단, 거래량배수=1.04, 양봉=차단, RSI=차단, 1H MTF=통과"
upbit,2026-09-07T07:23:33+09:00,KRW-SPK,29.8,45,하드 게이트,COMPLETE,2026-09-07T07:25:00+09:00,2026-09-07T08:53:33+09:00,29.9,29.6,29.8,0.055,-0.9489,-0.2796,"1차 퀀트 관망 대기: 하드게이트 차단, 알파스코어 45점, MA5 <= MA20, RSI 36.4, %B 0.01, 저점거리 0.00%, 최근고점대비 1.01%, 반등확인 통과, 이격 안정, 1H 30.1 >= EMA20 30.1 (기준 0.998)"
upbit,2026-09-07T07:23:33+09:00,KRW-JTO,639.0,70,거래량 부족,COMPLETE,2026-09-07T07:25:00+09:00,2026-09-07T08:53:33+09:00,642.0,628.0,636.0,0.1886,-1.9962,-0.7478,"1차 퀀트 관망 대기: 하드게이트 통과, 알파스코어 70점, MA5 > MA20, RSI 60.5, %B 0.55, 저점거리 1.11%, 최근고점대비 2.82%, 반등확인 차단, 이격 안정, 1H 648.0 >= EMA20 611.2 (기준 0.998), 모멘텀 돌파 직전 4봉 고점 돌파=차단, 거래량배수=1.29, 양봉=차단, RSI=통과, 1H MTF=통과"
upbit,2026-09-07T07:23:34+09:00,KRW-SUI,1090.0,32,RSI 범위 이탈,COMPLETE,2026-09-07T07:25:00+09:00,2026-09-07T08:53:34+09:00,1105.0,1092.0,1104.0,1.0927,-0.0966,1.0012,"1차 퀀트 관망 대기: 하드게이트 차단, 알파스코어 32점, MA5 <= MA20, RSI 31.6, %B 0.00, 저점거리 0.18%, 최근고점대비 1.83%, 반등확인 차단, 이격 안정, 1H 1108.0 >= EMA20 1089.6 (기준 0.998), 모멘텀 돌파 직전 4봉 고점 돌파=차단, 거래량배수=1.30, 양봉=차단, RSI=차단, 1H MTF=통과"
upbit,2026-09-07T07:23:34+09:00,KRW-APT,843.0,59,RSI 범위 이탈,COMPLETE,2026-09-07T07:25:00+09:00,2026-09-07T08:53:34+09:00,854.0,844.0,849.0,1.0216,-0.1613,0.4301,"1차 퀀트 관망 대기: 하드게이트 통과, 알파스코어 59점, MA5 > MA20, RSI 51.5, %B 0.26, 저점거리 0.00%, 최근고점대비 1.30%, 반등확인 차단, 이격 안정, 1H 854.0 >= EMA20 841.7 (기준 0.998), 모멘텀 돌파 직전 4봉 고점 돌파=차단, 거래량배수=0.39, 양봉=차단, RSI=차단, 1H MTF=통과"
upbit,2026-09-07T07:28:30+09:00,KRW-JUP,361.0,67,RSI 범위 이탈,COMPLETE,2026-09-07T07:30:00+09:00,2026-09-07T08:58:30+09:00,378.0,361.0,370.0,4.4164,-0.2796,2.2065,"1차 퀀트 관망 대기: 하드게이트 통과, 알파스코어 67점, MA5 <= MA20, RSI 50.0, %B 0.49, 저점거리 0.84%, 최근고점대비 1.39%, 반등확인 통과, 이격 안정, 1H 362.0 >= EMA20 348.7 (기준 0.998), 모멘텀 돌파 직전 4봉 고점 돌파=차단, 거래량배수=0.46, 양봉=통과, RSI=차단, 1H MTF=통과"
upbit,2026-09-07T07:28:30+09:00,KRW-WLD,566.0,59,RSI 범위 이탈,COMPLETE,2026-09-07T07:30:00+09:00,2026-09-07T08:58:30+09:00,574.0,566.0,574.0,1.1299,-0.2796,1.1299,"1차 퀀트 관망 대기: 하드게이트 통과, 알파스코어 59점, MA5 <= MA20, RSI 50.0, %B 0.44, 저점거리 0.53%, 최근고점대비 1.94%, 반등확인 통과, 이격 안정, 1H 577.0 >= EMA20 558.5 (기준 0.998), 모멘텀 돌파 직전 4봉 고점 돌파=차단, 거래량배수=0.07, 양봉=통과, RSI=차단, 1H MTF=통과"
upbit,2026-09-07T07:28:31+09:00,KRW-ONDO,515.0,29,하드 게이트,COMPLETE,2026-09-07T07:30:00+09:00,2026-09-07T08:58:31+09:00,528.0,517.0,528.0,2.2376,0.1077,2.2376,"1차 퀀트 관망 대기: 하드게이트 차단, 알파스코어 29점, MA5 <= MA20, RSI 25.0, %B 0.11, 저점거리 0.19%, 최근고점대비 1.94%, 반등확인 통과, 이격 안정, 1H 521.0 >= EMA20 513.8 (기준 0.998)"
upbit,2026-09-07T07:28:31+09:00,KRW-LINK,17510.0,42,RSI 범위 이탈,COMPLETE,2026-09-07T07:30:00+09:00,2026-09-07T08:58:31+09:00,18060.0,17520.0,17930.0,2.8527,-0.2227,2.1123,"1차 퀀트 관망 대기: 하드게이트 차단, 알파스코어 42점, MA5 <= MA20, RSI 37.0, %B 0.27, 저점거리 0.63%, 최근고점대비 2.00%, 반등확인 통과, 이격 안정, 1H 17520.0 >= EMA20 16867.7 (기준 0.998), 모멘텀 돌파 직전 4봉 고점 돌파=차단, 거래량배수=0.24, 양봉=통과, RSI=차단, 1H MTF=통과"
upbit,2026-09-07T07:28:32+09:00,KRW-ORCA,1889.0,49,RSI 범위 이탈,COMPLETE,2026-09-07T07:30:00+09:00,2026-09-07T08:58:32+09:00,1929.0,1888.0,2021.0,1.832,-0.3324,6.6887,"1차 퀀트 관망 대기: 하드게이트 통과, 알파스코어 49점, MA5 <= MA20, RSI 50.8, %B 0.32, 저점거리 0.43%, 최근고점대비 1.06%, 반등확인 통과, 이격 안정, 1H 1893.0 >= EMA20 1890.3 (기준 0.998), 모멘텀 돌파 직전 4봉 고점 돌파=차단, 거래량배수=0.69, 양봉=통과, RSI=차단, 1H MTF=통과"
upbit,2026-09-07T07:28:32+09:00,KRW-ENS,8350.0,34,반등 미확인,COMPLETE,2026-09-07T07:30:00+09:00,2026-09-07T08:58:32+09:00,8485.0,8350.0,8470.0,1.3326,-0.2796,1.1535,"1차 퀀트 관망 대기: 하드게이트 차단, 알파스코어 34점, MA5 <= MA20, RSI 17.2, %B -0.05, 저점거리 0.85%, 최근고점대비 2.28%, 반등확인 차단, 이격 안정, 1H 8485.0 >= EMA20 8357.5 (기준 0.998)"
upbit,2026-09-07T07:28:32+09:00,KRW-ZAMA,77.5,47,거래량 부족,COMPLETE,2026-09-07T07:30:00+09:00,2026-09-07T08:58:32+09:00,78.6,77.2,78.0,1.1358,-0.6656,0.3637,"1차 퀀트 관망 대기: 하드게이트 차단, 알파스코어 47점, MA5 > MA20, RSI 65.0, %B 0.83, 저점거리 1.97%, 최근고점대비 0.39%, 반등확인 통과, 이격 안정, 1H 77.7 >= EMA20 76.5 (기준 0.998), 모멘텀 돌파 직전 4봉 고점 돌파=차단, 거래량배수=0.29, 양봉=통과, RSI=통과, 1H MTF=통과"
upbit,2026-09-07T07:28:33+09:00,KRW-NEAR,3310.0,64,RSI 범위 이탈,COMPLETE,2026-09-07T07:30:00+09:00,2026-09-07T08:58:33+09:00,3378.0,3309.0,3324.0,1.769,-0.3097,0.1422,"1차 퀀트 관망 대기: 하드게이트 통과, 알파스코어 64점, MA5 > MA20, RSI 51.7, %B 0.42, 저점거리 0.52%, 최근고점대비 2.66%, 반등확인 통과, 이격 안정, 1H 3389.0 >= EMA20 3226.6 (기준 0.998), 모멘텀 돌파 직전 4봉 고점 돌파=차단, 거래량배수=0.73, 양봉=통과, RSI=차단, 1H MTF=통과"
upbit,2026-09-07T07:28:33+09:00,KRW-SPK,29.7,47,반등 미확인,COMPLETE,2026-09-07T07:30:00+09:00,2026-09-07T08:58:33+09:00,29.9,29.6,29.8,0.3919,-0.6154,0.0562,"1차 퀀트 관망 대기: 하드게이트 차단, 알파스코어 47점, MA5 <= MA20, RSI 33.3, %B -0.07, 저점거리 1.71%, 최근고점대비 1.35%, 반등확인 차단, 이격 안정, 1H 30.1 >= EMA20 30.1 (기준 0.998)"
upbit,2026-09-07T07:28:34+09:00,KRW-JTO,636.0,55,돌파 미확인,COMPLETE,2026-09-07T07:30:00+09:00,2026-09-07T08:58:34+09:00,642.0,628.0,629.0,0.6611,-1.534,-1.3772,"1차 퀀트 관망 대기: 하드게이트 통과, 알파스코어 55점, MA5 > MA20, RSI 55.6, %B 0.44, 저점거리 0.32%, 최근고점대비 3.30%, 반등확인 차단, 이격 안정, 1H 648.0 >= EMA20 611.2 (기준 0.998), 모멘텀 돌파 직전 4봉 고점 돌파=차단, 거래량배수=2.74, 양봉=차단, RSI=통과, 1H MTF=통과"
upbit,2026-09-07T07:33:34+09:00,KRW-PROM,7500.0,65,RSI 범위 이탈,COMPLETE,2026-09-07T07:35:00+09:00,2026-09-07T09:03:34+09:00,7650.0,7410.0,7525.0,1.7148,-1.4763,0.0528,"1차 퀀트 관망 대기: 하드게이트 통과, 알파스코어 65점, MA5 > MA20, RSI 46.7, %B 0.37, 저점거리 0.54%, 최근고점대비 0.93%, 반등확인 통과, 이격 안정, 1H 7530.0 >= EMA20 7365.2 (기준 0.998), 모멘텀 돌파 직전 4봉 고점 돌파=차단, 거래량배수=2.74, 양봉=통과, RSI=차단, 1H MTF=통과"
upbit,2026-09-07T07:33:35+09:00,KRW-LINK,17510.0,32,RSI 범위 이탈,COMPLETE,2026-09-07T07:35:00+09:00,2026-09-07T09:03:35+09:00,18060.0,17620.0,18070.0,2.8527,0.3468,2.9096,"1차 퀀트 관망 대기: 하드게이트 차단, 알파스코어 32점, MA5 <= MA20, RSI 26.9, %B 0.29, 저점거리 0.63%, 최근고점대비 1.03%, 반등확인 통과, 이격 안정, 1H 17520.0 >= EMA20 16867.7 (기준 0.998), 모멘텀 돌파 직전 4봉 고점 돌파=차단, 거래량배수=0.15, 양봉=통과, RSI=차단, 1H MTF=통과"
upbit,2026-09-07T07:33:35+09:00,KRW-WLD,566.0,44,RSI 범위 이탈,COMPLETE,2026-09-07T07:35:00+09:00,2026-09-07T09:03:35+09:00,574.0,566.0,575.0,1.1299,-0.2796,1.3061,"1차 퀀트 관망 대기: 하드게이트 통과, 알파스코어 44점, MA5 <= MA20, RSI 51.6, %B 0.43, 저점거리 0.53%, 최근고점대비 1.94%, 반등확인 통과, 이격 안정, 1H 577.0 >= EMA20 558.5 (기준 0.998), 모멘텀 돌파 직전 4봉 고점 돌파=차단, 거래량배수=1.07, 양봉=통과, RSI=차단, 1H MTF=통과"
upbit,2026-09-07T07:33:36+09:00,KRW-ONDO,517.0,39,하드 게이트,COMPLETE,2026-09-07T07:35:00+09:00,2026-09-07T09:03:36+09:00,529.0,519.0,529.0,2.035,0.1062,2.035,"1차 퀀트 관망 대기: 하드게이트 차단, 알파스코어 39점, MA5 <= MA20, RSI 33.3, %B 0.27, 저점거리 0.58%, 최근고점대비 1.55%, 반등확인 통과, 이격 안정, 1H 521.0 >= EMA20 513.8 (기준 0.998)"
upbit,2026-09-07T07:33:36+09:00,KRW-VIRTUAL,984.0,64,거래량 부족,COMPLETE,2026-09-07T07:35:00+09:00,2026-09-07T09:03:36+09:00,996.0,976.0,986.0,0.9365,-1.0903,-0.0769,"1차 퀀트 관망 대기: 하드게이트 차단, 알파스코어 64점, MA5 > MA20, RSI 62.1, %B 0.76, 저점거리 1.86%, 최근고점대비 0.51%, 반등확인 통과, 이격 안정, 1H 983.0 >= EMA20 950.0 (기준 0.998), 모멘텀 돌파 직전 4봉 고점 돌파=차단, 거래량배수=0.53, 양봉=통과, RSI=통과, 1H MTF=통과"
upbit,2026-09-07T07:33:36+09:00,KRW-JUP,361.0,59,RSI 범위 이탈,COMPLETE,2026-09-07T07:35:00+09:00,2026-09-07T09:03:36+09:00,378.0,361.0,370.0,4.4164,-0.2796,2.2065,"1차 퀀트 관망 대기: 하드게이트 통과, 알파스코어 59점, MA5 <= MA20, RSI 50.0, %B 0.48, 저점거리 0.84%, 최근고점대비 1.39%, 반등확인 차단, 이격 안정, 1H 362.0 >= EMA20 348.7 (기준 0.998), 모멘텀 돌파 직전 4봉 고점 돌파=차단, 거래량배수=0.61, 양봉=차단, RSI=차단, 1H MTF=통과"
upbit,2026-09-07T07:33:37+09:00,KRW-NEAR,3333.0,79,거래량 부족,COMPLETE,2026-09-07T07:35:00+09:00,2026-09-07T09:03:37+09:00,3378.0,3309.0,3309.0,1.0668,-0.9977,-0.9977,"1차 퀀트 관망 대기: 하드게이트 통과, 알파스코어 79점, MA5 <= MA20, RSI 54.5, %B 0.62, 저점거리 1.15%, 최근고점대비 1.95%, 반등확인 통과, 이격 안정, 1H 3389.0 >= EMA20 3226.6 (기준 0.998), 모멘텀 돌파 직전 4봉 고점 돌파=차단, 거래량배수=0.87, 양봉=통과, RSI=통과, 1H MTF=통과"
upbit,2026-09-07T07:33:37+09:00,KRW-JTO,640.0,74,거래량 부족,COMPLETE,2026-09-07T07:35:00+09:00,2026-09-07T09:03:37+09:00,642.0,628.0,633.0,0.032,-2.1494,-1.3703,"1차 퀀트 관망 대기: 하드게이트 통과, 알파스코어 74점, MA5 > MA20, RSI 58.3, %B 0.55, 저점거리 0.79%, 최근고점대비 2.66%, 반등확인 통과, 이격 안정, 1H 648.0 >= EMA20 611.2 (기준 0.998), 모멘텀 돌파 직전 4봉 고점 돌파=차단, 거래량배수=0.54, 양봉=통과, RSI=통과, 1H MTF=통과"
upbit,2026-09-07T07:33:38+09:00,KRW-AVAX,10590.0,39,하드 게이트,COMPLETE,2026-09-07T07:35:00+09:00,2026-09-07T09:03:38+09:00,10830.0,10630.0,10780.0,1.9803,0.0971,1.5095,"1차 퀀트 관망 대기: 하드게이트 차단, 알파스코어 39점, MA5 <= MA20, RSI 37.9, %B 0.36, 저점거리 0.86%, 최근고점대비 1.23%, 반등확인 통과, 이격 안정, 1H 10580.0 >= EMA20 10449.5 (기준 0.998)"
upbit,2026-09-07T07:33:38+09:00,KRW-TAO,356800.0,29,RSI 범위 이탈,COMPLETE,2026-09-07T07:35:00+09:00,2026-09-07T09:03:38+09:00,362500.0,354400.0,363000.0,1.3135,-0.9504,1.4532,"1차 퀀트 관망 대기: 하드게이트 차단, 알파스코어 29점, MA5 <= MA20, RSI 26.8, %B 0.09, 저점거리 0.71%, 최근고점대비 3.36%, 반등확인 차단, 이격 안정, 1H 361300.0 >= EMA20 339936.5 (기준 0.998), 모멘텀 돌파 직전 4봉 고점 돌파=차단, 거래량배수=0.49, 양봉=차단, RSI=차단, 1H MTF=통과"
upbit,2026-09-07T07:38:31+09:00,KRW-PROM,7490.0,54,RSI 범위 이탈,COMPLETE,2026-09-07T07:40:00+09:00,2026-09-07T09:08:31+09:00,7650.0,7410.0,7450.0,1.8506,-1.3447,-0.8122,"1차 퀀트 관망 대기: 하드게이트 통과, 알파스코어 54점, MA5 > MA20, RSI 44.7, %B 0.29, 저점거리 0.40%, 최근고점대비 1.07%, 반등확인 차단, 이격 안정, 1H 7530.0 >= EMA20 7365.2 (기준 0.998), 모멘텀 돌파 직전 4봉 고점 돌파=차단, 거래량배수=0.84, 양봉=차단, RSI=차단, 1H MTF=통과"
upbit,2026-09-07T07:38:31+09:00,KRW-LINK,17650.0,52,RSI 범위 이탈,COMPLETE,2026-09-07T07:40:00+09:00,2026-09-07T09:08:31+09:00,18100.0,17620.0,18110.0,2.2628,-0.4491,2.3193,"1차 퀀트 관망 대기: 하드게이트 통과, 알파스코어 52점, MA5 <= MA20, RSI 42.9, %B 0.48, 저점거리 1.44%, 최근고점대비 0.23%, 반등확인 통과, 이격 안정, 1H 17520.0 >= EMA20 16867.7 (기준 0.998), 모멘텀 돌파 직전 4봉 고점 돌파=통과, 거래량배수=0.34, 양봉=통과, RSI=차단, 1H MTF=통과"
upbit,2026-09-07T07:38:32+09:00,KRW-ONDO,519.0,59,RSI 범위 이탈,COMPLETE,2026-09-07T07:40:00+09:00,2026-09-07T09:08:32+09:00,530.0,520.0,529.0,1.8339,-0.0875,1.6418,"1차 퀀트 관망 대기: 하드게이트 차단, 알파스코어 59점, MA5 <= MA20, RSI 40.0, %B 0.42, 저점거리 0.97%, 최근고점대비 0.96%, 반등확인 통과, 이격 안정, 1H 521.0 >= EMA20 513.8 (기준 0.998), 모멘텀 돌파 직전 4봉 고점 돌파=통과, 거래량배수=0.32, 양봉=통과, RSI=차단, 1H MTF=통과"
upbit,2026-09-07T07:38:32+09:00,KRW-VIRTUAL,984.0,54,거래량 부족,COMPLETE,2026-09-07T07:40:00+09:00,2026-09-07T09:08:32+09:00,996.0,976.0,991.0,0.9365,-1.0903,0.4298,"1차 퀀트 관망 대기: 하드게이트 차단, 알파스코어 54점, MA5 > MA20, RSI 66.7, %B 0.74, 저점거리 1.13%, 최근고점대비 0.51%, 반등확인 통과, 이격 안정, 1H 983.0 >= EMA20 950.0 (기준 0.998), 모멘텀 돌파 직전 4봉 고점 돌파=차단, 거래량배수=0.33, 양봉=통과, RSI=통과, 1H MTF=통과"
upbit,2026-09-07T07:38:33+09:00,KRW-AVAX,10620.0,70,하드 게이트,COMPLETE,2026-09-07T07:40:00+09:00,2026-09-07T09:08:33+09:00,10830.0,10630.0,10820.0,1.6923,-0.1857,1.5984,"1차 퀀트 관망 대기: 하드게이트 차단, 알파스코어 70점, MA5 <= MA20, RSI 41.9, %B 0.52, 저점거리 1.14%, 최근고점대비 0.75%, 반등확인 통과, 이격 안정, 1H 10580.0 >= EMA20 10449.5 (기준 0.998)"
upbit,2026-09-07T07:38:33+09:00,KRW-JUP,364.0,55,하드 게이트,COMPLETE,2026-09-07T07:40:00+09:00,2026-09-07T09:08:33+09:00,378.0,361.0,369.0,3.5558,-1.1015,1.0902,"1차 퀀트 관망 대기: 하드게이트 차단, 알파스코어 55점, MA5 <= MA20, RSI 52.9, %B 0.88, 저점거리 1.68%, 최근고점대비 0.55%, 반등확인 통과, 이격 안정, 1H 362.0 >= EMA20 348.7 (기준 0.998), 모멘텀 돌파 직전 4봉 고점 돌파=통과, 거래량배수=1.91, 양봉=통과, RSI=통과, 1H MTF=통과"
upbit,2026-09-07T07:38:34+09:00,KRW-ZAMA,77.5,54,거래량 부족,COMPLETE,2026-09-07T07:40:00+09:00,2026-09-07T09:08:34+09:00,78.6,77.3,78.4,1.1358,-0.537,0.8784,"1차 퀀트 관망 대기: 하드게이트 차단, 알파스코어 54점, MA5 > MA20, RSI 68.3, %B 0.78, 저점거리 1.71%, 최근고점대비 0.39%, 반등확인 통과, 이격 안정, 1H 77.7 >= EMA20 76.5 (기준 0.998), 모멘텀 돌파 직전 4봉 고점 돌파=차단, 거래량배수=0.57, 양봉=통과, RSI=통과, 1H MTF=통과"
upbit,2026-09-07T07:38:34+09:00,KRW-NEAR,3345.0,74,거래량 부족,COMPLETE,2026-09-07T07:40:00+09:00,2026-09-07T09:08:34+09:00,3378.0,3308.0,3300.0,0.7042,-1.3826,-1.6211,"1차 퀀트 관망 대기: 하드게이트 통과, 알파스코어 74점, MA5 <= MA20, RSI 60.1, %B 0.72, 저점거리 1.52%, 최근고점대비 1.58%, 반등확인 통과, 이격 안정, 1H 3389.0 >= EMA20 3226.6 (기준 0.998), 모멘텀 돌파 직전 4봉 고점 돌파=차단, 거래량배수=0.54, 양봉=통과, RSI=통과, 1H MTF=통과"
upbit,2026-09-07T07:38:35+09:00,KRW-JTO,641.0,74,거래량 부족,COMPLETE,2026-09-07T07:40:00+09:00,2026-09-07T09:08:35+09:00,640.0,628.0,636.0,-0.4352,-2.302,-1.0575,"1차 퀀트 관망 대기: 하드게이트 통과, 알파스코어 74점, MA5 > MA20, RSI 57.5, %B 0.56, 저점거리 0.94%, 최근고점대비 2.50%, 반등확인 통과, 이격 안정, 1H 648.0 >= EMA20 611.2 (기준 0.998), 모멘텀 돌파 직전 4봉 고점 돌파=차단, 거래량배수=0.54, 양봉=통과, RSI=통과, 1H MTF=통과"
upbit,2026-09-07T07:38:35+09:00,KRW-TAO,357000.0,29,RSI 범위 이탈,COMPLETE,2026-09-07T07:40:00+09:00,2026-09-07T09:08:35+09:00,363000.0,354400.0,363000.0,1.3964,-1.0059,1.3964,"1차 퀀트 관망 대기: 하드게이트 차단, 알파스코어 29점, MA5 <= MA20, RSI 25.8, %B 0.15, 저점거리 0.76%, 최근고점대비 3.31%, 반등확인 통과, 이격 안정, 1H 361300.0 >= EMA20 339936.5 (기준 0.998), 모멘텀 돌파 직전 4봉 고점 돌파=차단, 거래량배수=0.27, 양봉=통과, RSI=차단, 1H MTF=통과"
upbit,2026-09-07T07:43:32+09:00,KRW-PROM,7480.0,54,RSI 범위 이탈,PENDING_90M,,2026-09-07T09:13:32+09:00,,,,,,,"1차 퀀트 관망 대기: 하드게이트 통과, 알파스코어 54점, MA5 <= MA20, RSI 48.8, %B 0.20, 저점거리 0.27%, 최근고점대비 1.20%, 반등확인 차단, 이격 안정, 1H 7530.0 >= EMA20 7365.2 (기준 0.998), 모멘텀 돌파 직전 4봉 고점 돌파=차단, 거래량배수=0.35, 양봉=차단, RSI=차단, 1H MTF=통과"
upbit,2026-09-07T07:43:32+09:00,KRW-LINK,17640.0,52,RSI 범위 이탈,PENDING_90M,,2026-09-07T09:13:32+09:00,,,,,,,"1차 퀀트 관망 대기: 하드게이트 통과, 알파스코어 52점, MA5 <= MA20, RSI 50.0, %B 0.48, 저점거리 1.38%, 최근고점대비 0.28%, 반등확인 차단, 이격 안정, 1H 17520.0 >= EMA20 16867.7 (기준 0.998), 모멘텀 돌파 직전 4봉 고점 돌파=차단, 거래량배수=0.62, 양봉=차단, RSI=차단, 1H MTF=통과"
upbit,2026-09-07T07:43:33+09:00,KRW-WLD,569.0,59,거래량 부족,PENDING_90M,,2026-09-07T09:13:33+09:00,,,,,,,"1차 퀀트 관망 대기: 하드게이트 통과, 알파스코어 59점, MA5 <= MA20, RSI 56.2, %B 0.58, 저점거리 1.07%, 최근고점대비 1.41%, 반등확인 통과, 이격 안정, 1H 577.0 >= EMA20 558.5 (기준 0.998), 모멘텀 돌파 직전 4봉 고점 돌파=통과, 거래량배수=0.86, 양봉=통과, RSI=통과, 1H MTF=통과"
upbit,2026-09-07T07:43:33+09:00,KRW-ONDO,520.0,59,RSI 범위 이탈,PENDING_90M,,2026-09-07T09:13:33+09:00,,,,,,,"1차 퀀트 관망 대기: 하드게이트 통과, 알파스코어 59점, MA5 <= MA20, RSI 45.0, %B 0.50, 저점거리 1.17%, 최근고점대비 0.58%, 반등확인 통과, 이격 안정, 1H 521.0 >= EMA20 513.8 (기준 0.998), 모멘텀 돌파 직전 4봉 고점 돌파=통과, 거래량배수=0.98, 양봉=통과, RSI=차단, 1H MTF=통과"
upbit,2026-09-07T07:43:34+09:00,KRW-VIRTUAL,986.0,54,거래량 부족,PENDING_90M,,2026-09-07T09:13:34+09:00,,,,,,,"1차 퀀트 관망 대기: 하드게이트 차단, 알파스코어 54점, MA5 > MA20, RSI 69.1, %B 0.78, 저점거리 1.13%, 최근고점대비 0.30%, 반등확인 통과, 이격 안정, 1H 983.0 >= EMA20 950.0 (기준 0.998), 모멘텀 돌파 직전 4봉 고점 돌파=차단, 거래량배수=0.04, 양봉=통과, RSI=통과, 1H MTF=통과"
upbit,2026-09-07T07:43:34+09:00,KRW-AVAX,10660.0,64,복합 조건 미달,PENDING_90M,,2026-09-07T09:13:34+09:00,,,,,,,"1차 퀀트 관망 대기: 하드게이트 통과, 알파스코어 64점, MA5 <= MA20, RSI 50.0, %B 0.71, 저점거리 1.52%, 최근고점대비 0.28%, 반등확인 통과, 이격 안정, 1H 10580.0 >= EMA20 10449.5 (기준 0.998)"
upbit,2026-09-07T07:43:34+09:00,KRW-SPK,29.7,54,하드 게이트,PENDING_90M,,2026-09-07T09:13:34+09:00,,,,,,,"1차 퀀트 관망 대기: 하드게이트 차단, 알파스코어 54점, MA5 <= MA20, RSI 38.5, %B 0.15, 저점거리 1.71%, 최근고점대비 1.35%, 반등확인 통과, 이격 안정, 1H 30.1 >= EMA20 30.1 (기준 0.998)"
upbit,2026-09-07T07:43:35+09:00,KRW-JUP,364.0,65,돌파 미확인,PENDING_90M,,2026-09-07T09:13:35+09:00,,,,,,,"1차 퀀트 관망 대기: 하드게이트 차단, 알파스코어 65점, MA5 > MA20, RSI 56.2, %B 0.86, 저점거리 1.68%, 최근고점대비 0.55%, 반등확인 통과, 이격 안정, 1H 362.0 >= EMA20 348.7 (기준 0.998), 모멘텀 돌파 직전 4봉 고점 돌파=차단, 거래량배수=2.35, 양봉=통과, RSI=통과, 1H MTF=통과"
upbit,2026-09-07T07:43:35+09:00,KRW-ZAMA,77.6,44,거래량 부족,PENDING_90M,,2026-09-07T09:13:35+09:00,,,,,,,"1차 퀀트 관망 대기: 하드게이트 차단, 알파스코어 44점, MA5 > MA20, RSI 68.3, %B 0.79, 저점거리 1.84%, 최근고점대비 0.26%, 반등확인 통과, 이격 안정, 1H 77.7 >= EMA20 76.5 (기준 0.998), 모멘텀 돌파 직전 4봉 고점 돌파=통과, 거래량배수=0.59, 양봉=통과, RSI=통과, 1H MTF=통과"
upbit,2026-09-07T07:43:36+09:00,KRW-SEI,66.7,64,복합 조건 미달,PENDING_90M,,2026-09-07T09:13:36+09:00,,,,,,,"1차 퀀트 관망 대기: 하드게이트 통과, 알파스코어 64점, MA5 <= MA20, RSI 43.5, %B 0.41, 저점거리 0.60%, 최근고점대비 1.20%, 반등확인 통과, 이격 안정, 1H 67.4 >= EMA20 66.0 (기준 0.998)"
upbit,2026-09-07T07:48:34+09:00,KRW-ZAMA,77.7,37,거래량 부족,PENDING_90M,,2026-09-07T09:18:34+09:00,,,,,,,"1차 퀀트 관망 대기: 하드게이트 차단, 알파스코어 37점, MA5 > MA20, RSI 66.7, %B 0.80, 저점거리 1.57%, 최근고점대비 0.13%, 반등확인 통과, 이격 안정, 1H 77.7 >= EMA20 76.5 (기준 0.998), 모멘텀 돌파 직전 4봉 고점 돌파=차단, 거래량배수=0.22, 양봉=통과, RSI=통과, 1H MTF=통과"
upbit,2026-09-07T07:48:35+09:00,KRW-LINK,17660.0,52,거래량 부족,PENDING_90M,,2026-09-07T09:18:35+09:00,,,,,,,"1차 퀀트 관망 대기: 하드게이트 통과, 알파스코어 52점, MA5 <= MA20, RSI 53.2, %B 0.55, 저점거리 1.49%, 최근고점대비 0.23%, 반등확인 통과, 이격 안정, 1H 17520.0 >= EMA20 16867.7 (기준 0.998), 모멘텀 돌파 직전 4봉 고점 돌파=차단, 거래량배수=0.26, 양봉=통과, RSI=통과, 1H MTF=통과"
upbit,2026-09-07T07:48:35+09:00,KRW-WLD,569.0,74,RSI 범위 이탈,PENDING_90M,,2026-09-07T09:18:35+09:00,,,,,,,"1차 퀀트 관망 대기: 하드게이트 통과, 알파스코어 74점, MA5 <= MA20, RSI 51.7, %B 0.57, 저점거리 1.07%, 최근고점대비 1.41%, 반등확인 통과, 이격 안정, 1H 577.0 >= EMA20 558.5 (기준 0.998), 모멘텀 돌파 직전 4봉 고점 돌파=차단, 거래량배수=0.87, 양봉=통과, RSI=차단, 1H MTF=통과"
upbit,2026-09-07T07:48:35+09:00,KRW-ONDO,521.0,59,복합 조건 미달,PENDING_90M,,2026-09-07T09:18:35+09:00,,,,,,,"1차 퀀트 관망 대기: 하드게이트 통과, 알파스코어 59점, MA5 <= MA20, RSI 42.1, %B 0.59, 저점거리 1.36%, 최근고점대비 0.38%, 반등확인 통과, 이격 안정, 1H 521.0 >= EMA20 513.8 (기준 0.998)"
upbit,2026-09-07T07:48:36+09:00,KRW-DOT,1332.0,52,RSI 범위 이탈,PENDING_90M,,2026-09-07T09:18:36+09:00,,,,,,,"1차 퀀트 관망 대기: 하드게이트 통과, 알파스코어 52점, MA5 <= MA20, RSI 50.0, %B 0.62, 저점거리 1.29%, 최근고점대비 0.60%, 반등확인 통과, 이격 안정, 1H 1339.0 >= EMA20 1301.8 (기준 0.998), 모멘텀 돌파 직전 4봉 고점 돌파=통과, 거래량배수=0.06, 양봉=통과, RSI=차단, 1H MTF=통과"
upbit,2026-09-07T07:48:36+09:00,KRW-VIRTUAL,986.0,64,거래량 부족,PENDING_90M,,2026-09-07T09:18:36+09:00,,,,,,,"1차 퀀트 관망 대기: 하드게이트 차단, 알파스코어 64점, MA5 > MA20, RSI 62.2, %B 0.76, 저점거리 1.13%, 최근고점대비 0.30%, 반등확인 통과, 이격 안정, 1H 983.0 >= EMA20 950.0 (기준 0.998), 모멘텀 돌파 직전 4봉 고점 돌파=차단, 거래량배수=0.26, 양봉=통과, RSI=통과, 1H MTF=통과"
upbit,2026-09-07T07:48:37+09:00,KRW-NEAR,3334.0,74,RSI 범위 이탈,PENDING_90M,,2026-09-07T09:18:37+09:00,,,,,,,"1차 퀀트 관망 대기: 하드게이트 통과, 알파스코어 74점, MA5 > MA20, RSI 50.9, %B 0.58, 저점거리 1.18%, 최근고점대비 1.92%, 반등확인 차단, 이격 안정, 1H 3389.0 >= EMA20 3226.6 (기준 0.998), 모멘텀 돌파 직전 4봉 고점 돌파=차단, 거래량배수=0.49, 양봉=차단, RSI=차단, 1H MTF=통과"
upbit,2026-09-07T07:48:37+09:00,KRW-JTO,639.0,52,RSI 범위 이탈,PENDING_90M,,2026-09-07T09:18:37+09:00,,,,,,,"1차 퀀트 관망 대기: 하드게이트 통과, 알파스코어 52점, MA5 <= MA20, RSI 42.1, %B 0.43, 저점거리 0.63%, 최근고점대비 2.82%, 반등확인 차단, 이격 안정, 1H 648.0 >= EMA20 611.2 (기준 0.998), 모멘텀 돌파 직전 4봉 고점 돌파=차단, 거래량배수=0.29, 양봉=차단, RSI=차단, 1H MTF=통과"
upbit,2026-09-07T07:48:37+09:00,KRW-TAO,356900.0,39,RSI 범위 이탈,PENDING_90M,,2026-09-07T09:18:37+09:00,,,,,,,"1차 퀀트 관망 대기: 하드게이트 차단, 알파스코어 39점, MA5 <= MA20, RSI 31.9, %B 0.20, 저점거리 0.73%, 최근고점대비 2.89%, 반등확인 차단, 이격 안정, 1H 361300.0 >= EMA20 339936.5 (기준 0.998), 모멘텀 돌파 직전 4봉 고점 돌파=차단, 거래량배수=0.27, 양봉=차단, RSI=차단, 1H MTF=통과"
upbit,2026-09-07T07:48:38+09:00,KRW-SEI,66.9,64,복합 조건 미달,PENDING_90M,,2026-09-07T09:18:38+09:00,,,,,,,"1차 퀀트 관망 대기: 하드게이트 통과, 알파스코어 64점, MA5 <= MA20, RSI 50.0, %B 0.56, 저점거리 0.90%, 최근고점대비 0.90%, 반등확인 통과, 이격 안정, 1H 67.4 >= EMA20 66.0 (기준 0.998)"
upbit,2026-09-07T07:53:31+09:00,KRW-ZAMA,77.3,67,거래량 부족,PENDING_90M,,2026-09-07T09:23:31+09:00,,,,,,,"1차 퀀트 관망 대기: 하드게이트 통과, 알파스코어 67점, MA5 > MA20, RSI 59.5, %B 0.62, 저점거리 0.65%, 최근고점대비 0.65%, 반등확인 차단, 이격 안정, 1H 77.7 >= EMA20 76.5 (기준 0.998), 모멘텀 돌파 직전 4봉 고점 돌파=차단, 거래량배수=0.49, 양봉=차단, RSI=통과, 1H MTF=통과"
upbit,2026-09-07T07:53:31+09:00,KRW-LINK,17700.0,74,거래량 부족,PENDING_90M,,2026-09-07T09:23:31+09:00,,,,,,,"1차 퀀트 관망 대기: 하드게이트 통과, 알파스코어 74점, MA5 > MA20, RSI 55.6, %B 0.67, 저점거리 1.72%, 최근고점대비 0.00%, 반등확인 통과, 이격 안정, 1H 17520.0 >= EMA20 16867.7 (기준 0.998), 모멘텀 돌파 직전 4봉 고점 돌파=차단, 거래량배수=0.24, 양봉=통과, RSI=통과, 1H MTF=통과"
upbit,2026-09-07T07:53:31+09:00,KRW-WLD,568.0,74,RSI 범위 이탈,PENDING_90M,,2026-09-07T09:23:31+09:00,,,,,,,"1차 퀀트 관망 대기: 하드게이트 통과, 알파스코어 74점, MA5 <= MA20, RSI 48.3, %B 0.48, 저점거리 0.89%, 최근고점대비 1.58%, 반등확인 통과, 이격 안정, 1H 577.0 >= EMA20 558.5 (기준 0.998), 모멘텀 돌파 직전 4봉 고점 돌파=차단, 거래량배수=0.51, 양봉=통과, RSI=차단, 1H MTF=통과"
upbit,2026-09-07T07:53:32+09:00,KRW-ONDO,520.0,74,RSI 범위 이탈,PENDING_90M,,2026-09-07T09:23:32+09:00,,,,,,,"1차 퀀트 관망 대기: 하드게이트 통과, 알파스코어 74점, MA5 <= MA20, RSI 44.4, %B 0.50, 저점거리 1.17%, 최근고점대비 0.38%, 반등확인 차단, 이격 안정, 1H 521.0 >= EMA20 513.8 (기준 0.998), 모멘텀 돌파 직전 4봉 고점 돌파=차단, 거래량배수=0.31, 양봉=차단, RSI=차단, 1H MTF=통과"
upbit,2026-09-07T07:53:32+09:00,KRW-DOT,1328.0,62,RSI 범위 이탈,PENDING_90M,,2026-09-07T09:23:32+09:00,,,,,,,"1차 퀀트 관망 대기: 하드게이트 차단, 알파스코어 62점, MA5 <= MA20, RSI 37.2, %B 0.48, 저점거리 0.99%, 최근고점대비 0.83%, 반등확인 통과, 이격 안정, 1H 1339.0 >= EMA20 1301.8 (기준 0.998), 모멘텀 돌파 직전 4봉 고점 돌파=차단, 거래량배수=0.07, 양봉=통과, RSI=차단, 1H MTF=통과"
upbit,2026-09-07T07:53:33+09:00,KRW-VIRTUAL,983.0,74,거래량 부족,PENDING_90M,,2026-09-07T09:23:33+09:00,,,,,,,"1차 퀀트 관망 대기: 하드게이트 통과, 알파스코어 74점, MA5 > MA20, RSI 58.3, %B 0.63, 저점거리 0.82%, 최근고점대비 0.41%, 반등확인 차단, 이격 안정, 1H 983.0 >= EMA20 950.0 (기준 0.998), 모멘텀 돌파 직전 4봉 고점 돌파=차단, 거래량배수=0.40, 양봉=차단, RSI=통과, 1H MTF=통과"
upbit,2026-09-07T07:53:33+09:00,KRW-MON,36.6,65,RSI 범위 이탈,PENDING_90M,,2026-09-07T09:23:33+09:00,,,,,,,"1차 퀀트 관망 대기: 하드게이트 통과, 알파스코어 65점, MA5 <= MA20, RSI 50.0, %B 0.55, 저점거리 1.67%, 최근고점대비 0.55%, 반등확인 통과, 이격 안정, 1H 36.8 >= EMA20 36.0 (기준 0.998), 모멘텀 돌파 직전 4봉 고점 돌파=차단, 거래량배수=3.28, 양봉=통과, RSI=차단, 1H MTF=통과"
upbit,2026-09-07T07:53:34+09:00,KRW-SPK,29.8,57,반등 미확인,PENDING_90M,,2026-09-07T09:23:34+09:00,,,,,,,"1차 퀀트 관망 대기: 하드게이트 차단, 알파스코어 57점, MA5 <= MA20, RSI 38.5, %B 0.34, 저점거리 2.05%, 최근고점대비 1.01%, 반등확인 차단, 이격 안정, 1H 30.1 >= EMA20 30.1 (기준 0.998)"
upbit,2026-09-07T07:53:34+09:00,KRW-SEI,66.9,64,복합 조건 미달,PENDING_90M,,2026-09-07T09:23:34+09:00,,,,,,,"1차 퀀트 관망 대기: 하드게이트 통과, 알파스코어 64점, MA5 <= MA20, RSI 52.2, %B 0.55, 저점거리 0.90%, 최근고점대비 0.90%, 반등확인 통과, 이격 안정, 1H 67.4 >= EMA20 66.0 (기준 0.998)"
upbit,2026-09-07T07:53:34+09:00,KRW-JTO,633.0,32,RSI 범위 이탈,PENDING_90M,,2026-09-07T09:23:34+09:00,,,,,,,"1차 퀀트 관망 대기: 하드게이트 차단, 알파스코어 32점, MA5 <= MA20, RSI 37.2, %B 0.16, 저점거리 0.00%, 최근고점대비 3.79%, 반등확인 차단, 이격 안정, 1H 648.0 >= EMA20 611.2 (기준 0.998), 모멘텀 돌파 직전 4봉 고점 돌파=차단, 거래량배수=1.19, 양봉=차단, RSI=차단, 1H MTF=통과"
upbit,2026-09-07T07:58:31+09:00,KRW-ZAMA,77.7,63,돌파 미확인,PENDING_90M,,2026-09-07T09:28:31+09:00,,,,,,,"1차 퀀트 관망 대기: 하드게이트 차단, 알파스코어 63점, MA5 > MA20, RSI 64.4, %B 0.76, 저점거리 1.17%, 최근고점대비 0.13%, 반등확인 통과, 이격 안정, 1H 77.7 >= EMA20 76.5 (기준 0.998), 모멘텀 돌파 직전 4봉 고점 돌파=차단, 거래량배수=3.38, 양봉=통과, RSI=통과, 1H MTF=통과"
upbit,2026-09-07T07:58:32+09:00,KRW-LINK,17750.0,52,거래량 부족,PENDING_90M,,2026-09-07T09:28:32+09:00,,,,,,,"1차 퀀트 관망 대기: 하드게이트 차단, 알파스코어 52점, MA5 > MA20, RSI 60.2, %B 0.79, 저점거리 2.01%, 최근고점대비 0.00%, 반등확인 통과, 이격 안정, 1H 17520.0 >= EMA20 16867.7 (기준 0.998), 모멘텀 돌파 직전 4봉 고점 돌파=통과, 거래량배수=0.69, 양봉=통과, RSI=통과, 1H MTF=통과"
upbit,2026-09-07T07:58:32+09:00,KRW-WLD,568.0,74,RSI 범위 이탈,PENDING_90M,,2026-09-07T09:28:32+09:00,,,,,,,"1차 퀀트 관망 대기: 하드게이트 통과, 알파스코어 74점, MA5 <= MA20, RSI 48.3, %B 0.47, 저점거리 0.89%, 최근고점대비 1.58%, 반등확인 통과, 이격 안정, 1H 577.0 >= EMA20 558.5 (기준 0.998), 모멘텀 돌파 직전 4봉 고점 돌파=차단, 거래량배수=0.45, 양봉=통과, RSI=차단, 1H MTF=통과"
upbit,2026-09-07T07:58:32+09:00,KRW-ONDO,522.0,74,거래량 부족,PENDING_90M,,2026-09-07T09:28:32+09:00,,,,,,,"1차 퀀트 관망 대기: 하드게이트 통과, 알파스코어 74점, MA5 > MA20, RSI 52.6, %B 0.69, 저점거리 1.56%, 최근고점대비 0.00%, 반등확인 통과, 이격 안정, 1H 521.0 >= EMA20 513.8 (기준 0.998), 모멘텀 돌파 직전 4봉 고점 돌파=차단, 거래량배수=0.37, 양봉=통과, RSI=통과, 1H MTF=통과"
upbit,2026-09-07T07:58:33+09:00,KRW-DOT,1328.0,62,RSI 범위 이탈,PENDING_90M,,2026-09-07T09:28:33+09:00,,,,,,,"1차 퀀트 관망 대기: 하드게이트 차단, 알파스코어 62점, MA5 <= MA20, RSI 38.8, %B 0.48, 저점거리 0.99%, 최근고점대비 0.83%, 반등확인 통과, 이격 안정, 1H 1339.0 >= EMA20 1301.8 (기준 0.998), 모멘텀 돌파 직전 4봉 고점 돌파=차단, 거래량배수=0.34, 양봉=통과, RSI=차단, 1H MTF=통과"
upbit,2026-09-07T07:58:33+09:00,KRW-VIRTUAL,984.0,67,거래량 부족,PENDING_90M,,2026-09-07T09:28:33+09:00,,,,,,,"1차 퀀트 관망 대기: 하드게이트 통과, 알파스코어 67점, MA5 > MA20, RSI 52.4, %B 0.65, 저점거리 0.92%, 최근고점대비 0.30%, 반등확인 통과, 이격 안정, 1H 983.0 >= EMA20 950.0 (기준 0.998), 모멘텀 돌파 직전 4봉 고점 돌파=차단, 거래량배수=1.13, 양봉=통과, RSI=통과, 1H MTF=통과"
upbit,2026-09-07T07:58:33+09:00,KRW-PROM,7420.0,42,RSI 범위 이탈,PENDING_90M,,2026-09-07T09:28:33+09:00,,,,,,,"1차 퀀트 관망 대기: 하드게이트 차단, 알파스코어 42점, MA5 <= MA20, RSI 37.5, %B -0.08, 저점거리 0.00%, 최근고점대비 2.02%, 반등확인 차단, 이격 안정, 1H 7530.0 >= EMA20 7365.2 (기준 0.998), 모멘텀 돌파 직전 4봉 고점 돌파=차단, 거래량배수=4.87, 양봉=차단, RSI=차단, 1H MTF=통과"
upbit,2026-09-07T07:58:34+09:00,KRW-SPK,29.8,59,복합 조건 미달,PENDING_90M,,2026-09-07T09:28:34+09:00,,,,,,,"1차 퀀트 관망 대기: 하드게이트 통과, 알파스코어 59점, MA5 <= MA20, RSI 45.5, %B 0.36, 저점거리 2.05%, 최근고점대비 1.01%, 반등확인 통과, 이격 안정, 1H 30.1 >= EMA20 30.1 (기준 0.998)"
upbit,2026-09-07T07:58:34+09:00,KRW-JUP,365.0,58,RSI 범위 이탈,PENDING_90M,,2026-09-07T09:28:34+09:00,,,,,,,"1차 퀀트 관망 대기: 하드게이트 차단, 알파스코어 58점, MA5 > MA20, RSI 50.0, %B 0.89, 저점거리 1.96%, 최근고점대비 0.27%, 반등확인 통과, 이격 안정, 1H 362.0 >= EMA20 348.7 (기준 0.998), 모멘텀 돌파 직전 4봉 고점 돌파=차단, 거래량배수=3.12, 양봉=통과, RSI=차단, 1H MTF=통과"
upbit,2026-09-07T07:58:35+09:00,KRW-NEAR,3318.0,59,RSI 범위 이탈,PENDING_90M,,2026-09-07T09:28:35+09:00,,,,,,,"1차 퀀트 관망 대기: 하드게이트 차단, 알파스코어 59점, MA5 > MA20, RSI 48.0, %B 0.38, 저점거리 0.70%, 최근고점대비 2.41%, 반등확인 차단, 이격 안정, 1H 3389.0 >= EMA20 3226.6 (기준 0.998), 모멘텀 돌파 직전 4봉 고점 돌파=차단, 거래량배수=0.39, 양봉=차단, RSI=차단, 1H MTF=통과"
upbit,2026-09-07T08:03:35+09:00,KRW-PROM,7450.0,44,RSI 범위 이탈,PENDING_90M,,2026-09-07T09:33:35+09:00,,,,,,,"1차 퀀트 관망 대기: 하드게이트 차단, 알파스코어 44점, MA5 <= MA20, RSI 46.1, %B 0.17, 저점거리 0.54%, 최근고점대비 1.61%, 반등확인 통과, 이격 안정, 1H 7450.0 >= EMA20 7372.9 (기준 0.998), 모멘텀 돌파 직전 4봉 고점 돌파=차단, 거래량배수=0.75, 양봉=통과, RSI=차단, 1H MTF=통과"
upbit,2026-09-07T08:03:35+09:00,KRW-LINK,17780.0,62,거래량 부족,PENDING_90M,,2026-09-07T09:33:35+09:00,,,,,,,"1차 퀀트 관망 대기: 하드게이트 차단, 알파스코어 62점, MA5 > MA20, RSI 56.6, %B 0.93, 저점거리 2.18%, 최근고점대비 0.11%, 반등확인 통과, 이격 안정, 1H 17780.0 >= EMA20 16953.8 (기준 0.998), 모멘텀 돌파 직전 4봉 고점 돌파=통과, 거래량배수=1.27, 양봉=통과, RSI=통과, 1H MTF=통과"
upbit,2026-09-07T08:03:36+09:00,KRW-WLD,567.0,59,RSI 범위 이탈,PENDING_90M,,2026-09-07T09:33:36+09:00,,,,,,,"1차 퀀트 관망 대기: 하드게이트 차단, 알파스코어 59점, MA5 <= MA20, RSI 40.7, %B 0.39, 저점거리 0.71%, 최근고점대비 1.76%, 반등확인 통과, 이격 안정, 1H 567.0 >= EMA20 559.3 (기준 0.998), 모멘텀 돌파 직전 4봉 고점 돌파=차단, 거래량배수=0.17, 양봉=통과, RSI=차단, 1H MTF=통과"
upbit,2026-09-07T08:03:36+09:00,KRW-ONDO,523.0,59,거래량 부족,PENDING_90M,,2026-09-07T09:33:36+09:00,,,,,,,"1차 퀀트 관망 대기: 하드게이트 차단, 알파스코어 59점, MA5 > MA20, RSI 52.6, %B 0.79, 저점거리 1.75%, 최근고점대비 0.00%, 반등확인 통과, 이격 안정, 1H 523.0 >= EMA20 514.7 (기준 0.998), 모멘텀 돌파 직전 4봉 고점 돌파=통과, 거래량배수=0.35, 양봉=통과, RSI=통과, 1H MTF=통과"
upbit,2026-09-07T08:03:36+09:00,KRW-VIRTUAL,978.0,77,RSI 범위 이탈,PENDING_90M,,2026-09-07T09:33:36+09:00,,,,,,,"1차 퀀트 관망 대기: 하드게이트 통과, 알파스코어 77점, MA5 > MA20, RSI 42.2, %B 0.40, 저점거리 0.31%, 최근고점대비 0.92%, 반등확인 차단, 이격 안정, 1H 978.0 >= EMA20 952.7 (기준 0.998), 모멘텀 돌파 직전 4봉 고점 돌파=차단, 거래량배수=2.98, 양봉=차단, RSI=차단, 1H MTF=통과"
upbit,2026-09-07T08:03:37+09:00,KRW-JUP,364.0,72,RSI 범위 이탈,PENDING_90M,,2026-09-07T09:33:37+09:00,,,,,,,"1차 퀀트 관망 대기: 하드게이트 통과, 알파스코어 72점, MA5 > MA20, RSI 50.0, %B 0.73, 저점거리 1.68%, 최근고점대비 0.55%, 반등확인 차단, 이격 안정, 1H 364.0 >= EMA20 350.1 (기준 0.998), 모멘텀 돌파 직전 4봉 고점 돌파=차단, 거래량배수=1.46, 양봉=차단, RSI=차단, 1H MTF=통과"
upbit,2026-09-07T08:03:37+09:00,KRW-ZAMA,77.4,67,거래량 부족,PENDING_90M,,2026-09-07T09:33:37+09:00,,,,,,,"1차 퀀트 관망 대기: 하드게이트 통과, 알파스코어 67점, MA5 > MA20, RSI 56.8, %B 0.62, 저점거리 0.78%, 최근고점대비 0.52%, 반등확인 차단, 이격 안정, 1H 77.4 >= EMA20 76.6 (기준 0.998), 모멘텀 돌파 직전 4봉 고점 돌파=차단, 거래량배수=0.57, 양봉=차단, RSI=통과, 1H MTF=통과"
upbit,2026-09-07T08:03:38+09:00,KRW-NEAR,3330.0,74,RSI 범위 이탈,PENDING_90M,,2026-09-07T09:33:38+09:00,,,,,,,"1차 퀀트 관망 대기: 하드게이트 통과, 알파스코어 74점, MA5 <= MA20, RSI 48.0, %B 0.51, 저점거리 1.06%, 최근고점대비 2.04%, 반등확인 통과, 이격 안정, 1H 3330.0 >= EMA20 3236.7 (기준 0.998), 모멘텀 돌파 직전 4봉 고점 돌파=차단, 거래량배수=0.49, 양봉=통과, RSI=차단, 1H MTF=통과"
upbit,2026-09-07T08:03:38+09:00,KRW-SEI,66.8,79,반등 미확인,PENDING_90M,,2026-09-07T09:33:38+09:00,,,,,,,"1차 퀀트 관망 대기: 하드게이트 통과, 알파스코어 79점, MA5 > MA20, RSI 43.5, %B 0.45, 저점거리 0.75%, 최근고점대비 1.05%, 반등확인 차단, 이격 안정, 1H 66.8 >= EMA20 66.1 (기준 0.998)"
upbit,2026-09-07T08:03:39+09:00,KRW-TAO,354600.0,29,RSI 범위 이탈,PENDING_90M,,2026-09-07T09:33:39+09:00,,,,,,,"1차 퀀트 관망 대기: 하드게이트 차단, 알파스코어 29점, MA5 <= MA20, RSI 20.4, %B 0.17, 저점거리 0.08%, 최근고점대비 2.23%, 반등확인 차단, 이격 안정, 1H 354600.0 >= EMA20 341352.2 (기준 0.998), 모멘텀 돌파 직전 4봉 고점 돌파=차단, 거래량배수=0.81, 양봉=차단, RSI=차단, 1H MTF=통과"
upbit,2026-09-07T08:08:34+09:00,KRW-ONDO,524.0,62,하드 게이트,PENDING_90M,,2026-09-07T09:38:34+09:00,,,,,,,"1차 퀀트 관망 대기: 하드게이트 차단, 알파스코어 62점, MA5 > MA20, RSI 57.9, %B 0.87, 저점거리 1.95%, 최근고점대비 0.00%, 반등확인 통과, 이격 안정, 1H 523.0 >= EMA20 514.7 (기준 0.998), 모멘텀 돌파 직전 4봉 고점 돌파=통과, 거래량배수=1.57, 양봉=통과, RSI=통과, 1H MTF=통과"
upbit,2026-09-07T08:08:35+09:00,KRW-ORCA,1894.0,74,RSI 범위 이탈,PENDING_90M,,2026-09-07T09:38:35+09:00,,,,,,,"1차 퀀트 관망 대기: 하드게이트 차단, 알파스코어 74점, MA5 <= MA20, RSI 40.4, %B 0.52, 저점거리 0.69%, 최근고점대비 0.00%, 반등확인 통과, 이격 안정, 1H 1888.0 >= EMA20 1890.0 (기준 0.998), 모멘텀 돌파 직전 4봉 고점 돌파=차단, 거래량배수=0.21, 양봉=통과, RSI=차단, 1H MTF=통과"
upbit,2026-09-07T08:08:35+09:00,KRW-PROM,7490.0,59,RSI 범위 이탈,PENDING_90M,,2026-09-07T09:38:35+09:00,,,,,,,"1차 퀀트 관망 대기: 하드게이트 통과, 알파스코어 59점, MA5 <= MA20, RSI 46.1, %B 0.46, 저점거리 1.08%, 최근고점대비 1.07%, 반등확인 통과, 이격 안정, 1H 7450.0 >= EMA20 7372.9 (기준 0.998), 모멘텀 돌파 직전 4봉 고점 돌파=차단, 거래량배수=0.61, 양봉=통과, RSI=차단, 1H MTF=통과"
upbit,2026-09-07T08:08:36+09:00,KRW-LINK,17820.0,37,거래량 부족,PENDING_90M,,2026-09-07T09:38:36+09:00,,,,,,,"1차 퀀트 관망 대기: 하드게이트 차단, 알파스코어 37점, MA5 > MA20, RSI 66.2, %B 1.01, 저점거리 2.41%, 최근고점대비 0.17%, 반등확인 통과, 이격 안정, 1H 17780.0 >= EMA20 16953.8 (기준 0.998), 모멘텀 돌파 직전 4봉 고점 돌파=통과, 거래량배수=0.81, 양봉=통과, RSI=통과, 1H MTF=통과"
upbit,2026-09-07T08:08:36+09:00,KRW-WLD,572.0,69,RSI 범위 이탈,PENDING_90M,,2026-09-07T09:38:36+09:00,,,,,,,"1차 퀀트 관망 대기: 하드게이트 통과, 알파스코어 69점, MA5 <= MA20, RSI 42.9, %B 0.74, 저점거리 1.60%, 최근고점대비 0.17%, 반등확인 통과, 이격 안정, 1H 567.0 >= EMA20 559.3 (기준 0.998), 모멘텀 돌파 직전 4봉 고점 돌파=통과, 거래량배수=0.56, 양봉=통과, RSI=차단, 1H MTF=통과"
upbit,2026-09-07T08:08:37+09:00,KRW-VIRTUAL,982.0,74,RSI 범위 이탈,PENDING_90M,,2026-09-07T09:38:37+09:00,,,,,,,"1차 퀀트 관망 대기: 하드게이트 통과, 알파스코어 74점, MA5 > MA20, RSI 44.7, %B 0.53, 저점거리 0.72%, 최근고점대비 0.51%, 반등확인 통과, 이격 안정, 1H 978.0 >= EMA20 952.7 (기준 0.998), 모멘텀 돌파 직전 4봉 고점 돌파=차단, 거래량배수=0.46, 양봉=통과, RSI=차단, 1H MTF=통과"
upbit,2026-09-07T08:08:37+09:00,KRW-AVAX,10680.0,74,하드 게이트,PENDING_90M,,2026-09-07T09:38:37+09:00,,,,,,,"1차 퀀트 관망 대기: 하드게이트 차단, 알파스코어 74점, MA5 > MA20, RSI 58.3, %B 0.78, 저점거리 1.71%, 최근고점대비 0.00%, 반등확인 통과, 이격 안정, 1H 10640.0 >= EMA20 10467.5 (기준 0.998)"
upbit,2026-09-07T08:08:38+09:00,KRW-JUP,366.0,62,돌파 미확인,PENDING_90M,,2026-09-07T09:38:38+09:00,,,,,,,"1차 퀀트 관망 대기: 하드게이트 차단, 알파스코어 62점, MA5 > MA20, RSI 57.9, %B 0.95, 저점거리 2.23%, 최근고점대비 0.55%, 반등확인 통과, 이격 안정, 1H 364.0 >= EMA20 350.1 (기준 0.998), 모멘텀 돌파 직전 4봉 고점 돌파=차단, 거래량배수=1.92, 양봉=통과, RSI=통과, 1H MTF=통과"
upbit,2026-09-07T08:08:38+09:00,KRW-NEAR,3332.0,74,RSI 범위 이탈,PENDING_90M,,2026-09-07T09:38:38+09:00,,,,,,,"1차 퀀트 관망 대기: 하드게이트 차단, 알파스코어 74점, MA5 <= MA20, RSI 46.9, %B 0.51, 저점거리 1.12%, 최근고점대비 1.35%, 반등확인 통과, 이격 안정, 1H 3330.0 >= EMA20 3236.7 (기준 0.998), 모멘텀 돌파 직전 4봉 고점 돌파=차단, 거래량배수=0.52, 양봉=통과, RSI=차단, 1H MTF=통과"
upbit,2026-09-07T08:08:38+09:00,KRW-ZAMA,77.4,67,RSI 범위 이탈,PENDING_90M,,2026-09-07T09:38:38+09:00,,,,,,,"1차 퀀트 관망 대기: 하드게이트 통과, 알파스코어 67점, MA5 > MA20, RSI 47.2, %B 0.60, 저점거리 0.78%, 최근고점대비 0.52%, 반등확인 통과, 이격 안정, 1H 77.4 >= EMA20 76.6 (기준 0.998), 모멘텀 돌파 직전 4봉 고점 돌파=차단, 거래량배수=0.83, 양봉=통과, RSI=차단, 1H MTF=통과"
upbit,2026-09-07T08:13:32+09:00,KRW-ONDO,527.0,60,하드 게이트,PENDING_90M,,2026-09-07T09:43:32+09:00,,,,,,,"1차 퀀트 관망 대기: 하드게이트 차단, 알파스코어 60점, MA5 > MA20, RSI 63.6, %B 1.04, 저점거리 2.53%, 최근고점대비 0.19%, 반등확인 통과, 이격 안정, 1H 523.0 >= EMA20 514.7 (기준 0.998), 모멘텀 돌파 직전 4봉 고점 돌파=통과, 거래량배수=3.10, 양봉=통과, RSI=통과, 1H MTF=통과"
upbit,2026-09-07T08:13:33+09:00,KRW-PROM,7500.0,59,RSI 범위 이탈,PENDING_90M,,2026-09-07T09:43:33+09:00,,,,,,,"1차 퀀트 관망 대기: 하드게이트 통과, 알파스코어 59점, MA5 <= MA20, RSI 44.0, %B 0.53, 저점거리 1.21%, 최근고점대비 0.93%, 반등확인 통과, 이격 안정, 1H 7450.0 >= EMA20 7372.9 (기준 0.998), 모멘텀 돌파 직전 4봉 고점 돌파=통과, 거래량배수=0.95, 양봉=통과, RSI=차단, 1H MTF=통과"
upbit,2026-09-07T08:13:33+09:00,KRW-LINK,17900.0,40,RSI 범위 이탈,PENDING_90M,,2026-09-07T09:43:33+09:00,,,,,,,"1차 퀀트 관망 대기: 하드게이트 차단, 알파스코어 40점, MA5 > MA20, RSI 76.4, %B 1.07, 저점거리 2.87%, 최근고점대비 0.11%, 반등확인 통과, 이격 안정, 1H 17780.0 >= EMA20 16953.8 (기준 0.998), 모멘텀 돌파 직전 4봉 고점 돌파=통과, 거래량배수=1.29, 양봉=통과, RSI=차단, 1H MTF=통과"
upbit,2026-09-07T08:13:34+09:00,KRW-WLD,570.0,69,RSI 범위 이탈,PENDING_90M,,2026-09-07T09:43:34+09:00,,,,,,,"1차 퀀트 관망 대기: 하드게이트 차단, 알파스코어 69점, MA5 <= MA20, RSI 37.9, %B 0.57, 저점거리 1.24%, 최근고점대비 0.35%, 반등확인 통과, 이격 안정, 1H 567.0 >= EMA20 559.3 (기준 0.998), 모멘텀 돌파 직전 4봉 고점 돌파=차단, 거래량배수=0.71, 양봉=통과, RSI=차단, 1H MTF=통과"
upbit,2026-09-07T08:13:34+09:00,KRW-VIRTUAL,984.0,77,RSI 범위 이탈,PENDING_90M,,2026-09-07T09:43:34+09:00,,,,,,,"1차 퀀트 관망 대기: 하드게이트 통과, 알파스코어 77점, MA5 <= MA20, RSI 51.1, %B 0.63, 저점거리 0.92%, 최근고점대비 0.30%, 반등확인 통과, 이격 안정, 1H 978.0 >= EMA20 952.7 (기준 0.998), 모멘텀 돌파 직전 4봉 고점 돌파=차단, 거래량배수=1.55, 양봉=통과, RSI=차단, 1H MTF=통과"
upbit,2026-09-07T08:13:34+09:00,KRW-AVAX,10670.0,74,반등 미확인,PENDING_90M,,2026-09-07T09:43:34+09:00,,,,,,,"1차 퀀트 관망 대기: 하드게이트 통과, 알파스코어 74점, MA5 > MA20, RSI 63.6, %B 0.72, 저점거리 1.62%, 최근고점대비 0.09%, 반등확인 차단, 이격 안정, 1H 10640.0 >= EMA20 10467.5 (기준 0.998)"
upbit,2026-09-07T08:13:35+09:00,KRW-JUP,367.0,54,거래량 부족,PENDING_90M,,2026-09-07T09:43:35+09:00,,,,,,,"1차 퀀트 관망 대기: 하드게이트 차단, 알파스코어 54점, MA5 > MA20, RSI 63.2, %B 0.99, 저점거리 2.51%, 최근고점대비 0.27%, 반등확인 통과, 이격 안정, 1H 364.0 >= EMA20 350.1 (기준 0.998), 모멘텀 돌파 직전 4봉 고점 돌파=차단, 거래량배수=0.18, 양봉=통과, RSI=통과, 1H MTF=통과"
upbit,2026-09-07T08:13:35+09:00,KRW-NEAR,3361.0,62,RSI 범위 이탈,PENDING_90M,,2026-09-07T09:43:35+09:00,,,,,,,"1차 퀀트 관망 대기: 하드게이트 차단, 알파스코어 62점, MA5 <= MA20, RSI 43.3, %B 0.83, 저점거리 2.00%, 최근고점대비 0.51%, 반등확인 통과, 이격 안정, 1H 3330.0 >= EMA20 3236.7 (기준 0.998), 모멘텀 돌파 직전 4봉 고점 돌파=통과, 거래량배수=1.31, 양봉=통과, RSI=차단, 1H MTF=통과"
upbit,2026-09-07T08:13:36+09:00,KRW-ZAMA,77.5,77,RSI 범위 이탈,PENDING_90M,,2026-09-07T09:43:36+09:00,,,,,,,"1차 퀀트 관망 대기: 하드게이트 통과, 알파스코어 77점, MA5 > MA20, RSI 47.2, %B 0.63, 저점거리 0.91%, 최근고점대비 0.39%, 반등확인 통과, 이격 안정, 1H 77.4 >= EMA20 76.6 (기준 0.998), 모멘텀 돌파 직전 4봉 고점 돌파=차단, 거래량배수=1.46, 양봉=통과, RSI=차단, 1H MTF=통과"
upbit,2026-09-07T08:18:30+09:00,KRW-ONDO,524.0,54,거래량 부족,PENDING_90M,,2026-09-07T09:48:30+09:00,,,,,,,"1차 퀀트 관망 대기: 하드게이트 차단, 알파스코어 54점, MA5 > MA20, RSI 63.6, %B 0.80, 저점거리 1.95%, 최근고점대비 0.76%, 반등확인 차단, 이격 안정, 1H 523.0 >= EMA20 514.7 (기준 0.998), 모멘텀 돌파 직전 4봉 고점 돌파=차단, 거래량배수=0.62, 양봉=차단, RSI=통과, 1H MTF=통과"
upbit,2026-09-07T08:18:31+09:00,KRW-PROM,7525.0,59,RSI 범위 이탈,PENDING_90M,,2026-09-07T09:48:31+09:00,,,,,,,"1차 퀀트 관망 대기: 하드게이트 통과, 알파스코어 59점, MA5 <= MA20, RSI 42.9, %B 0.70, 저점거리 1.55%, 최근고점대비 0.60%, 반등확인 통과, 이격 안정, 1H 7450.0 >= EMA20 7372.9 (기준 0.998), 모멘텀 돌파 직전 4봉 고점 돌파=통과, 거래량배수=0.37, 양봉=통과, RSI=차단, 1H MTF=통과"
upbit,2026-09-07T08:18:31+09:00,KRW-LINK,17860.0,37,RSI 범위 이탈,PENDING_90M,,2026-09-07T09:48:31+09:00,,,,,,,"1차 퀀트 관망 대기: 하드게이트 차단, 알파스코어 37점, MA5 > MA20, RSI 73.3, %B 0.93, 저점거리 2.64%, 최근고점대비 0.34%, 반등확인 차단, 이격 안정, 1H 17780.0 >= EMA20 16953.8 (기준 0.998), 모멘텀 돌파 직전 4봉 고점 돌파=차단, 거래량배수=1.00, 양봉=차단, RSI=차단, 1H MTF=통과"
upbit,2026-09-07T08:18:32+09:00,KRW-WLD,571.0,74,RSI 범위 이탈,PENDING_90M,,2026-09-07T09:48:32+09:00,,,,,,,"1차 퀀트 관망 대기: 하드게이트 통과, 알파스코어 74점, MA5 > MA20, RSI 48.0, %B 0.64, 저점거리 1.42%, 최근고점대비 0.18%, 반등확인 통과, 이격 안정, 1H 567.0 >= EMA20 559.3 (기준 0.998), 모멘텀 돌파 직전 4봉 고점 돌파=차단, 거래량배수=0.14, 양봉=통과, RSI=차단, 1H MTF=통과"
upbit,2026-09-07T08:18:33+09:00,KRW-JUP,368.0,57,돌파 미확인,PENDING_90M,,2026-09-07T09:48:33+09:00,,,,,,,"1차 퀀트 관망 대기: 하드게이트 차단, 알파스코어 57점, MA5 > MA20, RSI 65.0, %B 1.01, 저점거리 2.79%, 최근고점대비 0.27%, 반등확인 통과, 이격 안정, 1H 364.0 >= EMA20 350.1 (기준 0.998), 모멘텀 돌파 직전 4봉 고점 돌파=차단, 거래량배수=1.41, 양봉=통과, RSI=통과, 1H MTF=통과"
upbit,2026-09-07T08:18:34+09:00,KRW-NEAR,3347.0,74,RSI 범위 이탈,PENDING_90M,,2026-09-07T09:48:34+09:00,,,,,,,"1차 퀀트 관망 대기: 하드게이트 통과, 알파스코어 74점, MA5 > MA20, RSI 46.0, %B 0.65, 저점거리 1.58%, 최근고점대비 0.93%, 반등확인 차단, 이격 안정, 1H 3330.0 >= EMA20 3236.7 (기준 0.998), 모멘텀 돌파 직전 4봉 고점 돌파=차단, 거래량배수=0.95, 양봉=차단, RSI=차단, 1H MTF=통과"
upbit,2026-09-07T08:18:34+09:00,KRW-ZAMA,77.9,52,거래량 부족,PENDING_90M,,2026-09-07T09:48:34+09:00,,,,,,,"1차 퀀트 관망 대기: 하드게이트 차단, 알파스코어 52점, MA5 > MA20, RSI 61.8, %B 0.85, 저점거리 1.43%, 최근고점대비 0.00%, 반등확인 통과, 이격 안정, 1H 77.4 >= EMA20 76.6 (기준 0.998), 모멘텀 돌파 직전 4봉 고점 돌파=통과, 거래량배수=0.39, 양봉=통과, RSI=통과, 1H MTF=통과"
upbit,2026-09-07T08:23:30+09:00,KRW-ONDO,524.0,44,거래량 부족,PENDING_90M,,2026-09-07T09:53:30+09:00,,,,,,,"1차 퀀트 관망 대기: 하드게이트 차단, 알파스코어 44점, MA5 > MA20, RSI 70.0, %B 0.79, 저점거리 1.95%, 최근고점대비 0.76%, 반등확인 통과, 이격 안정, 1H 523.0 >= EMA20 514.7 (기준 0.998), 모멘텀 돌파 직전 4봉 고점 돌파=차단, 거래량배수=0.50, 양봉=통과, RSI=통과, 1H MTF=통과"
upbit,2026-09-07T08:23:30+09:00,KRW-PROM,7500.0,69,RSI 범위 이탈,PENDING_90M,,2026-09-07T09:53:30+09:00,,,,,,,"1차 퀀트 관망 대기: 하드게이트 차단, 알파스코어 69점, MA5 <= MA20, RSI 39.6, %B 0.51, 저점거리 1.21%, 최근고점대비 0.67%, 반등확인 차단, 이격 안정, 1H 7450.0 >= EMA20 7372.9 (기준 0.998), 모멘텀 돌파 직전 4봉 고점 돌파=차단, 거래량배수=1.03, 양봉=차단, RSI=차단, 1H MTF=통과"
upbit,2026-09-07T08:23:30+09:00,KRW-WLD,572.0,59,거래량 부족,PENDING_90M,,2026-09-07T09:53:30+09:00,,,,,,,"1차 퀀트 관망 대기: 하드게이트 차단, 알파스코어 59점, MA5 > MA20, RSI 68.4, %B 0.70, 저점거리 1.42%, 최근고점대비 0.00%, 반등확인 통과, 이격 안정, 1H 567.0 >= EMA20 559.3 (기준 0.998), 모멘텀 돌파 직전 4봉 고점 돌파=차단, 거래량배수=0.08, 양봉=통과, RSI=통과, 1H MTF=통과"
upbit,2026-09-07T08:23:31+09:00,KRW-VIRTUAL,982.0,74,거래량 부족,PENDING_90M,,2026-09-07T09:53:31+09:00,,,,,,,"1차 퀀트 관망 대기: 하드게이트 통과, 알파스코어 74점, MA5 <= MA20, RSI 53.3, %B 0.39, 저점거리 0.72%, 최근고점대비 0.51%, 반등확인 차단, 이격 안정, 1H 978.0 >= EMA20 952.7 (기준 0.998), 모멘텀 돌파 직전 4봉 고점 돌파=차단, 거래량배수=0.12, 양봉=차단, RSI=통과, 1H MTF=통과"
upbit,2026-09-07T08:23:31+09:00,KRW-AVAX,10660.0,64,하드 게이트,PENDING_90M,,2026-09-07T09:53:31+09:00,,,,,,,"1차 퀀트 관망 대기: 하드게이트 차단, 알파스코어 64점, MA5 > MA20, RSI 66.7, %B 0.69, 저점거리 1.43%, 최근고점대비 0.19%, 반등확인 통과, 이격 안정, 1H 10640.0 >= EMA20 10467.5 (기준 0.998)"
upbit,2026-09-07T08:23:32+09:00,KRW-JUP,368.0,47,RSI 범위 이탈,PENDING_90M,,2026-09-07T09:53:32+09:00,,,,,,,"1차 퀀트 관망 대기: 하드게이트 차단, 알파스코어 47점, MA5 > MA20, RSI 72.2, %B 0.94, 저점거리 2.79%, 최근고점대비 0.27%, 반등확인 통과, 이격 안정, 1H 364.0 >= EMA20 350.1 (기준 0.998), 모멘텀 돌파 직전 4봉 고점 돌파=차단, 거래량배수=1.27, 양봉=통과, RSI=차단, 1H MTF=통과"
upbit,2026-09-07T08:23:32+09:00,KRW-SPK,29.8,47,상위 추세 미달,PENDING_90M,,2026-09-07T09:53:32+09:00,,,,,,,"1차 퀀트 관망 대기: 하드게이트 차단, 알파스코어 47점, MA5 <= MA20, RSI 42.9, %B 0.44, 저점거리 2.05%, 최근고점대비 0.34%, 반등확인 통과, 이격 안정, 1H 29.8 < EMA20 30.1 (기준 0.998)"
upbit,2026-09-07T08:23:33+09:00,KRW-ZAMA,77.8,62,거래량 부족,PENDING_90M,,2026-09-07T09:53:33+09:00,,,,,,,"1차 퀀트 관망 대기: 하드게이트 차단, 알파스코어 62점, MA5 > MA20, RSI 53.3, %B 0.78, 저점거리 1.30%, 최근고점대비 0.13%, 반등확인 차단, 이격 안정, 1H 77.4 >= EMA20 76.6 (기준 0.998), 모멘텀 돌파 직전 4봉 고점 돌파=차단, 거래량배수=0.75, 양봉=차단, RSI=통과, 1H MTF=통과"
upbit,2026-09-07T08:23:33+09:00,KRW-NEAR,3346.0,74,거래량 부족,PENDING_90M,,2026-09-07T09:53:33+09:00,,,,,,,"1차 퀀트 관망 대기: 하드게이트 차단, 알파스코어 74점, MA5 > MA20, RSI 55.5, %B 0.63, 저점거리 1.55%, 최근고점대비 0.96%, 반등확인 통과, 이격 안정, 1H 3330.0 >= EMA20 3236.7 (기준 0.998), 모멘텀 돌파 직전 4봉 고점 돌파=차단, 거래량배수=0.60, 양봉=통과, RSI=통과, 1H MTF=통과"
upbit,2026-09-07T08:23:33+09:00,KRW-SEI,66.7,80,하드 게이트,PENDING_90M,,2026-09-07T09:53:33+09:00,,,,,,,"1차 퀀트 관망 대기: 하드게이트 차단, 알파스코어 80점, MA5 <= MA20, RSI 36.4, %B 0.40, 저점거리 0.60%, 최근고점대비 0.45%, 반등확인 통과, 이격 안정, 1H 66.8 >= EMA20 66.1 (기준 0.998)"
upbit,2026-09-07T08:28:33+09:00,KRW-JUP,369.0,40,RSI 범위 이탈,PENDING_90M,,2026-09-07T09:58:33+09:00,,,,,,,"1차 퀀트 관망 대기: 하드게이트 차단, 알파스코어 40점, MA5 > MA20, RSI 73.7, %B 0.97, 저점거리 2.22%, 최근고점대비 0.54%, 반등확인 통과, 이격 안정, 1H 364.0 >= EMA20 350.1 (기준 0.998), 모멘텀 돌파 직전 4봉 고점 돌파=차단, 거래량배수=1.80, 양봉=통과, RSI=차단, 1H MTF=통과"
upbit,2026-09-07T08:28:33+09:00,KRW-ZAMA,77.9,62,거래량 부족,PENDING_90M,,2026-09-07T09:58:33+09:00,,,,,,,"1차 퀀트 관망 대기: 하드게이트 차단, 알파스코어 62점, MA5 > MA20, RSI 58.6, %B 0.88, 저점거리 0.91%, 최근고점대비 0.13%, 반등확인 통과, 이격 안정, 1H 77.4 >= EMA20 76.6 (기준 0.998), 모멘텀 돌파 직전 4봉 고점 돌파=차단, 거래량배수=1.26, 양봉=통과, RSI=통과, 1H MTF=통과"
upbit,2026-09-07T08:28:34+09:00,KRW-ONDO,524.0,54,거래량 부족,PENDING_90M,,2026-09-07T09:58:34+09:00,,,,,,,"1차 퀀트 관망 대기: 하드게이트 차단, 알파스코어 54점, MA5 > MA20, RSI 68.4, %B 0.77, 저점거리 1.75%, 최근고점대비 0.76%, 반등확인 차단, 이격 안정, 1H 523.0 >= EMA20 514.7 (기준 0.998), 모멘텀 돌파 직전 4봉 고점 돌파=차단, 거래량배수=0.35, 양봉=차단, RSI=통과, 1H MTF=통과"
upbit,2026-09-07T08:28:34+09:00,KRW-WLD,571.0,74,거래량 부족,PENDING_90M,,2026-09-07T09:58:34+09:00,,,,,,,"1차 퀀트 관망 대기: 하드게이트 통과, 알파스코어 74점, MA5 > MA20, RSI 61.1, %B 0.61, 저점거리 1.24%, 최근고점대비 0.35%, 반등확인 차단, 이격 안정, 1H 567.0 >= EMA20 559.3 (기준 0.998), 모멘텀 돌파 직전 4봉 고점 돌파=차단, 거래량배수=0.37, 양봉=차단, RSI=통과, 1H MTF=통과"
upbit,2026-09-07T08:28:35+09:00,KRW-VIRTUAL,981.0,74,RSI 범위 이탈,PENDING_90M,,2026-09-07T09:58:35+09:00,,,,,,,"1차 퀀트 관망 대기: 하드게이트 통과, 알파스코어 74점, MA5 <= MA20, RSI 45.0, %B 0.30, 저점거리 0.51%, 최근고점대비 0.61%, 반등확인 통과, 이격 안정, 1H 978.0 >= EMA20 952.7 (기준 0.998), 모멘텀 돌파 직전 4봉 고점 돌파=차단, 거래량배수=0.22, 양봉=통과, RSI=차단, 1H MTF=통과"
upbit,2026-09-07T08:28:35+09:00,KRW-ENS,8450.0,74,거래량 부족,PENDING_90M,,2026-09-07T09:58:35+09:00,,,,,,,"1차 퀀트 관망 대기: 하드게이트 통과, 알파스코어 74점, MA5 > MA20, RSI 64.6, %B 0.70, 저점거리 1.20%, 최근고점대비 0.12%, 반등확인 통과, 이격 안정, 1H 8385.0 >= EMA20 8360.0 (기준 0.998), 모멘텀 돌파 직전 4봉 고점 돌파=통과, 거래량배수=0.51, 양봉=통과, RSI=통과, 1H MTF=통과"
upbit,2026-09-07T08:28:35+09:00,KRW-JTO,635.0,29,RSI 범위 이탈,PENDING_90M,,2026-09-07T09:58:35+09:00,,,,,,,"1차 퀀트 관망 대기: 하드게이트 차단, 알파스코어 29점, MA5 <= MA20, RSI 31.8, %B 0.32, 저점거리 0.63%, 최근고점대비 1.10%, 반등확인 통과, 이격 안정, 1H 633.0 >= EMA20 613.3 (기준 0.998), 모멘텀 돌파 직전 4봉 고점 돌파=통과, 거래량배수=0.20, 양봉=통과, RSI=차단, 1H MTF=통과"
upbit,2026-09-07T08:28:36+09:00,KRW-TAO,360300.0,65,복합 조건 미달,PENDING_90M,,2026-09-07T09:58:36+09:00,,,,,,,"1차 퀀트 관망 대기: 하드게이트 통과, 알파스코어 65점, MA5 <= MA20, RSI 53.9, %B 0.70, 저점거리 1.66%, 최근고점대비 0.19%, 반등확인 통과, 이격 안정, 1H 354600.0 >= EMA20 341352.2 (기준 0.998), 모멘텀 돌파 직전 4봉 고점 돌파=통과, 거래량배수=2.86, 양봉=통과, RSI=통과, 1H MTF=통과"
upbit,2026-09-07T08:28:36+09:00,KRW-LINK,17900.0,37,RSI 범위 이탈,PENDING_90M,,2026-09-07T09:58:36+09:00,,,,,,,"1차 퀀트 관망 대기: 하드게이트 차단, 알파스코어 37점, MA5 > MA20, RSI 77.1, %B 0.88, 저점거리 2.34%, 최근고점대비 0.28%, 반등확인 차단, 이격 안정, 1H 17780.0 >= EMA20 16953.8 (기준 0.998), 모멘텀 돌파 직전 4봉 고점 돌파=차단, 거래량배수=0.67, 양봉=차단, RSI=차단, 1H MTF=통과"
upbit,2026-09-07T08:28:37+09:00,KRW-MET2,289.0,69,거래량 부족,PENDING_90M,,2026-09-07T09:58:37+09:00,,,,,,,"1차 퀀트 관망 대기: 하드게이트 통과, 알파스코어 69점, MA5 > MA20, RSI 62.5, %B 0.68, 저점거리 1.40%, 최근고점대비 0.00%, 반등확인 통과, 이격 안정, 1H 288.0 >= EMA20 284.1 (기준 0.998), 모멘텀 돌파 직전 4봉 고점 돌파=차단, 거래량배수=0.05, 양봉=통과, RSI=통과, 1H MTF=통과"
upbit,2026-09-07T08:33:31+09:00,KRW-JUP,371.0,43,RSI 범위 이탈,PENDING_90M,,2026-09-07T10:03:31+09:00,,,,,,,"1차 퀀트 관망 대기: 하드게이트 차단, 알파스코어 43점, MA5 > MA20, RSI 80.0, %B 1.04, 저점거리 2.77%, 최근고점대비 0.00%, 반등확인 통과, 이격 안정, 1H 364.0 >= EMA20 350.1 (기준 0.998), 모멘텀 돌파 직전 4봉 고점 돌파=차단, 거래량배수=3.56, 양봉=통과, RSI=차단, 1H MTF=통과"
upbit,2026-09-07T08:33:32+09:00,KRW-ZAMA,77.8,59,거래량 부족,PENDING_90M,,2026-09-07T10:03:32+09:00,,,,,,,"1차 퀀트 관망 대기: 하드게이트 차단, 알파스코어 59점, MA5 > MA20, RSI 60.7, %B 0.79, 저점거리 0.78%, 최근고점대비 0.26%, 반등확인 통과, 이격 안정, 1H 77.4 >= EMA20 76.6 (기준 0.998), 모멘텀 돌파 직전 4봉 고점 돌파=차단, 거래량배수=0.34, 양봉=통과, RSI=통과, 1H MTF=통과"
upbit,2026-09-07T08:33:32+09:00,KRW-ONDO,525.0,40,RSI 범위 이탈,PENDING_90M,,2026-09-07T10:03:32+09:00,,,,,,,"1차 퀀트 관망 대기: 하드게이트 차단, 알파스코어 40점, MA5 > MA20, RSI 77.8, %B 0.82, 저점거리 1.55%, 최근고점대비 0.57%, 반등확인 통과, 이격 안정, 1H 523.0 >= EMA20 514.7 (기준 0.998), 모멘텀 돌파 직전 4봉 고점 돌파=차단, 거래량배수=1.26, 양봉=통과, RSI=차단, 1H MTF=통과"
upbit,2026-09-07T08:33:32+09:00,KRW-WLD,570.0,69,거래량 부족,PENDING_90M,,2026-09-07T10:03:32+09:00,,,,,,,"1차 퀀트 관망 대기: 하드게이트 통과, 알파스코어 69점, MA5 > MA20, RSI 64.7, %B 0.55, 저점거리 0.71%, 최근고점대비 0.53%, 반등확인 차단, 이격 안정, 1H 567.0 >= EMA20 559.3 (기준 0.998), 모멘텀 돌파 직전 4봉 고점 돌파=차단, 거래량배수=0.53, 양봉=차단, RSI=통과, 1H MTF=통과"
upbit,2026-09-07T08:33:33+09:00,KRW-VIRTUAL,980.0,69,거래량 부족,PENDING_90M,,2026-09-07T10:03:33+09:00,,,,,,,"1차 퀀트 관망 대기: 하드게이트 통과, 알파스코어 69점, MA5 <= MA20, RSI 54.5, %B 0.23, 저점거리 0.41%, 최근고점대비 0.71%, 반등확인 통과, 이격 안정, 1H 978.0 >= EMA20 952.7 (기준 0.998), 모멘텀 돌파 직전 4봉 고점 돌파=차단, 거래량배수=0.27, 양봉=통과, RSI=통과, 1H MTF=통과"
upbit,2026-09-07T08:33:33+09:00,KRW-ENS,8475.0,55,RSI 범위 이탈,PENDING_90M,,2026-09-07T10:03:33+09:00,,,,,,,"1차 퀀트 관망 대기: 하드게이트 차단, 알파스코어 55점, MA5 > MA20, RSI 75.0, %B 0.86, 저점거리 1.50%, 최근고점대비 0.00%, 반등확인 통과, 이격 안정, 1H 8385.0 >= EMA20 8360.0 (기준 0.998), 모멘텀 돌파 직전 4봉 고점 돌파=통과, 거래량배수=2.02, 양봉=통과, RSI=차단, 1H MTF=통과"
upbit,2026-09-07T08:33:34+09:00,KRW-PROM,7505.0,80,RSI 범위 이탈,PENDING_90M,,2026-09-07T10:03:34+09:00,,,,,,,"1차 퀀트 관망 대기: 하드게이트 통과, 알파스코어 80점, MA5 > MA20, RSI 47.8, %B 0.53, 저점거리 1.28%, 최근고점대비 0.27%, 반등확인 통과, 이격 안정, 1H 7450.0 >= EMA20 7372.9 (기준 0.998), 모멘텀 돌파 직전 4봉 고점 돌파=차단, 거래량배수=2.56, 양봉=통과, RSI=차단, 1H MTF=통과"
upbit,2026-09-07T08:33:34+09:00,KRW-NEAR,3336.0,69,거래량 부족,PENDING_90M,,2026-09-07T10:03:34+09:00,,,,,,,"1차 퀀트 관망 대기: 하드게이트 차단, 알파스코어 69점, MA5 > MA20, RSI 63.6, %B 0.49, 저점거리 0.72%, 최근고점대비 1.26%, 반등확인 차단, 이격 안정, 1H 3330.0 >= EMA20 3236.7 (기준 0.998), 모멘텀 돌파 직전 4봉 고점 돌파=차단, 거래량배수=0.29, 양봉=차단, RSI=통과, 1H MTF=통과"
upbit,2026-09-07T08:33:35+09:00,KRW-TAO,360900.0,44,거래량 부족,PENDING_90M,,2026-09-07T10:03:35+09:00,,,,,,,"1차 퀀트 관망 대기: 하드게이트 차단, 알파스코어 44점, MA5 > MA20, RSI 70.8, %B 0.82, 저점거리 1.83%, 최근고점대비 0.14%, 반등확인 통과, 이격 안정, 1H 354600.0 >= EMA20 341352.2 (기준 0.998), 모멘텀 돌파 직전 4봉 고점 돌파=차단, 거래량배수=0.42, 양봉=통과, RSI=통과, 1H MTF=통과"
upbit,2026-09-07T08:33:35+09:00,KRW-JTO,635.0,39,RSI 범위 이탈,PENDING_90M,,2026-09-07T10:03:35+09:00,,,,,,,"1차 퀀트 관망 대기: 하드게이트 차단, 알파스코어 39점, MA5 <= MA20, RSI 38.9, %B 0.34, 저점거리 0.63%, 최근고점대비 1.10%, 반등확인 통과, 이격 안정, 1H 633.0 >= EMA20 613.3 (기준 0.998), 모멘텀 돌파 직전 4봉 고점 돌파=차단, 거래량배수=0.58, 양봉=통과, RSI=차단, 1H MTF=통과"
upbit,2026-09-07T08:38:30+09:00,KRW-JUP,371.0,40,RSI 범위 이탈,PENDING_90M,,2026-09-07T10:08:30+09:00,,,,,,,"1차 퀀트 관망 대기: 하드게이트 차단, 알파스코어 40점, MA5 > MA20, RSI 77.8, %B 0.96, 저점거리 2.77%, 최근고점대비 0.27%, 반등확인 통과, 이격 안정, 1H 364.0 >= EMA20 350.1 (기준 0.998), 모멘텀 돌파 직전 4봉 고점 돌파=차단, 거래량배수=1.96, 양봉=통과, RSI=차단, 1H MTF=통과"
upbit,2026-09-07T08:38:30+09:00,KRW-ZAMA,77.9,59,거래량 부족,PENDING_90M,,2026-09-07T10:08:30+09:00,,,,,,,"1차 퀀트 관망 대기: 하드게이트 차단, 알파스코어 59점, MA5 > MA20, RSI 57.7, %B 0.86, 저점거리 0.78%, 최근고점대비 0.13%, 반등확인 통과, 이격 안정, 1H 77.4 >= EMA20 76.6 (기준 0.998), 모멘텀 돌파 직전 4봉 고점 돌파=차단, 거래량배수=0.64, 양봉=통과, RSI=통과, 1H MTF=통과"
upbit,2026-09-07T08:38:31+09:00,KRW-ONDO,525.0,37,RSI 범위 이탈,PENDING_90M,,2026-09-07T10:08:31+09:00,,,,,,,"1차 퀀트 관망 대기: 하드게이트 차단, 알파스코어 37점, MA5 > MA20, RSI 77.8, %B 0.79, 저점거리 1.16%, 최근고점대비 0.57%, 반등확인 통과, 이격 안정, 1H 523.0 >= EMA20 514.7 (기준 0.998), 모멘텀 돌파 직전 4봉 고점 돌파=차단, 거래량배수=0.44, 양봉=통과, RSI=차단, 1H MTF=통과"
upbit,2026-09-07T08:38:31+09:00,KRW-WLD,572.0,54,거래량 부족,PENDING_90M,,2026-09-07T10:08:31+09:00,,,,,,,"1차 퀀트 관망 대기: 하드게이트 차단, 알파스코어 54점, MA5 > MA20, RSI 66.7, %B 0.74, 저점거리 1.06%, 최근고점대비 0.17%, 반등확인 통과, 이격 안정, 1H 567.0 >= EMA20 559.3 (기준 0.998), 모멘텀 돌파 직전 4봉 고점 돌파=차단, 거래량배수=0.41, 양봉=통과, RSI=통과, 1H MTF=통과"
upbit,2026-09-07T08:38:32+09:00,KRW-VIRTUAL,982.0,74,RSI 범위 이탈,PENDING_90M,,2026-09-07T10:08:32+09:00,,,,,,,"1차 퀀트 관망 대기: 하드게이트 통과, 알파스코어 74점, MA5 <= MA20, RSI 50.0, %B 0.44, 저점거리 0.61%, 최근고점대비 0.51%, 반등확인 통과, 이격 안정, 1H 978.0 >= EMA20 952.7 (기준 0.998), 모멘텀 돌파 직전 4봉 고점 돌파=차단, 거래량배수=0.50, 양봉=통과, RSI=차단, 1H MTF=통과"
upbit,2026-09-07T08:38:32+09:00,KRW-ENS,8450.0,59,거래량 부족,PENDING_90M,,2026-09-07T10:08:32+09:00,,,,,,,"1차 퀀트 관망 대기: 하드게이트 차단, 알파스코어 59점, MA5 > MA20, RSI 69.2, %B 0.74, 저점거리 0.96%, 최근고점대비 0.30%, 반등확인 차단, 이격 안정, 1H 8385.0 >= EMA20 8360.0 (기준 0.998), 모멘텀 돌파 직전 4봉 고점 돌파=차단, 거래량배수=0.26, 양봉=차단, RSI=통과, 1H MTF=통과"
upbit,2026-09-07T08:38:33+09:00,KRW-PROM,7450.0,47,RSI 범위 이탈,PENDING_90M,,2026-09-07T10:08:33+09:00,,,,,,,"1차 퀀트 관망 대기: 하드게이트 차단, 알파스코어 47점, MA5 <= MA20, RSI 40.0, %B 0.17, 저점거리 0.54%, 최근고점대비 1.01%, 반등확인 차단, 이격 안정, 1H 7450.0 >= EMA20 7372.9 (기준 0.998), 모멘텀 돌파 직전 4봉 고점 돌파=차단, 거래량배수=1.49, 양봉=차단, RSI=차단, 1H MTF=통과"
upbit,2026-09-07T08:38:33+09:00,KRW-SPK,29.6,27,RSI 범위 이탈,PENDING_90M,,2026-09-07T10:08:33+09:00,,,,,,,"1차 퀀트 관망 대기: 하드게이트 차단, 알파스코어 27점, MA5 <= MA20, RSI 37.5, %B 0.13, 저점거리 0.00%, 최근고점대비 1.01%, 반등확인 통과, 이격 안정, 1H 29.8 < EMA20 30.1 (기준 0.998), 모멘텀 돌파 직전 4봉 고점 돌파=차단, 거래량배수=0.78, 양봉=통과, RSI=차단, 1H MTF=통과"
upbit,2026-09-07T08:38:34+09:00,KRW-SEI,66.9,64,하드 게이트,PENDING_90M,,2026-09-07T10:08:34+09:00,,,,,,,"1차 퀀트 관망 대기: 하드게이트 차단, 알파스코어 64점, MA5 <= MA20, RSI 68.8, %B 0.57, 저점거리 0.75%, 최근고점대비 0.15%, 반등확인 통과, 이격 안정, 1H 66.8 >= EMA20 66.1 (기준 0.998)"
upbit,2026-09-07T08:38:34+09:00,KRW-ORCA,1921.0,44,RSI 범위 이탈,PENDING_90M,,2026-09-07T10:08:34+09:00,,,,,,,"1차 퀀트 관망 대기: 하드게이트 차단, 알파스코어 44점, MA5 > MA20, RSI 79.6, %B 1.10, 저점거리 1.75%, 최근고점대비 0.42%, 반등확인 통과, 이격 안정, 1H 1888.0 >= EMA20 1890.0 (기준 0.998), 모멘텀 돌파 직전 4봉 고점 돌파=차단, 거래량배수=1.01, 양봉=통과, RSI=차단, 1H MTF=통과"
upbit,2026-09-07T08:43:34+09:00,KRW-JUP,372.0,40,RSI 범위 이탈,PENDING_90M,,2026-09-07T10:13:34+09:00,,,,,,,"1차 퀀트 관망 대기: 하드게이트 차단, 알파스코어 40점, MA5 > MA20, RSI 79.0, %B 0.96, 저점거리 3.05%, 최근고점대비 0.27%, 반등확인 통과, 이격 안정, 1H 364.0 >= EMA20 350.1 (기준 0.998), 모멘텀 돌파 직전 4봉 고점 돌파=차단, 거래량배수=1.53, 양봉=통과, RSI=차단, 1H MTF=통과"
upbit,2026-09-07T08:43:34+09:00,KRW-ONDO,527.0,43,RSI 범위 이탈,PENDING_90M,,2026-09-07T10:13:34+09:00,,,,,,,"1차 퀀트 관망 대기: 하드게이트 차단, 알파스코어 43점, MA5 > MA20, RSI 77.8, %B 0.89, 저점거리 1.35%, 최근고점대비 0.19%, 반등확인 통과, 이격 안정, 1H 523.0 >= EMA20 514.7 (기준 0.998), 모멘텀 돌파 직전 4봉 고점 돌파=통과, 거래량배수=2.33, 양봉=통과, RSI=차단, 1H MTF=통과"
upbit,2026-09-07T08:43:35+09:00,KRW-PROM,7415.0,39,RSI 범위 이탈,PENDING_90M,,2026-09-07T10:13:35+09:00,,,,,,,"1차 퀀트 관망 대기: 하드게이트 차단, 알파스코어 39점, MA5 <= MA20, RSI 36.1, %B 0.02, 저점거리 0.07%, 최근고점대비 1.48%, 반등확인 차단, 이격 안정, 1H 7450.0 >= EMA20 7372.9 (기준 0.998), 모멘텀 돌파 직전 4봉 고점 돌파=차단, 거래량배수=0.40, 양봉=차단, RSI=차단, 1H MTF=통과"
upbit,2026-09-07T08:43:35+09:00,KRW-WLD,574.0,47,하드 게이트,PENDING_90M,,2026-09-07T10:13:35+09:00,,,,,,,"1차 퀀트 관망 대기: 하드게이트 차단, 알파스코어 47점, MA5 > MA20, RSI 70.0, %B 0.98, 저점거리 1.41%, 최근고점대비 0.00%, 반등확인 통과, 이격 안정, 1H 567.0 >= EMA20 559.3 (기준 0.998), 모멘텀 돌파 직전 4봉 고점 돌파=통과, 거래량배수=1.38, 양봉=통과, RSI=통과, 1H MTF=통과"
upbit,2026-09-07T08:43:36+09:00,KRW-VIRTUAL,990.0,62,하드 게이트,PENDING_90M,,2026-09-07T10:13:36+09:00,,,,,,,"1차 퀀트 관망 대기: 하드게이트 차단, 알파스코어 62점, MA5 > MA20, RSI 58.3, %B 1.09, 저점거리 1.43%, 최근고점대비 0.00%, 반등확인 통과, 이격 안정, 1H 978.0 >= EMA20 952.7 (기준 0.998), 모멘텀 돌파 직전 4봉 고점 돌파=통과, 거래량배수=1.99, 양봉=통과, RSI=통과, 1H MTF=통과"
upbit,2026-09-07T08:43:36+09:00,KRW-SPK,29.9,57,상위 추세 미달,PENDING_90M,,2026-09-07T10:13:36+09:00,,,,,,,"1차 퀀트 관망 대기: 하드게이트 차단, 알파스코어 57점, MA5 <= MA20, RSI 60.0, %B 0.78, 저점거리 1.01%, 최근고점대비 0.00%, 반등확인 통과, 이격 안정, 1H 29.8 < EMA20 30.1 (기준 0.998)"
upbit,2026-09-07T08:43:37+09:00,KRW-SEI,66.9,59,하드 게이트,PENDING_90M,,2026-09-07T10:13:37+09:00,,,,,,,"1차 퀀트 관망 대기: 하드게이트 차단, 알파스코어 59점, MA5 > MA20, RSI 66.7, %B 0.60, 저점거리 0.60%, 최근고점대비 0.15%, 반등확인 통과, 이격 안정, 1H 66.8 >= EMA20 66.1 (기준 0.998)"
upbit,2026-09-07T08:43:37+09:00,KRW-ZAMA,78.0,54,거래량 부족,PENDING_90M,,2026-09-07T10:13:37+09:00,,,,,,,"1차 퀀트 관망 대기: 하드게이트 차단, 알파스코어 54점, MA5 > MA20, RSI 64.0, %B 0.92, 저점거리 0.91%, 최근고점대비 0.00%, 반등확인 통과, 이격 안정, 1H 77.4 >= EMA20 76.6 (기준 0.998), 모멘텀 돌파 직전 4봉 고점 돌파=차단, 거래량배수=0.27, 양봉=통과, RSI=통과, 1H MTF=통과"
upbit,2026-09-07T08:43:38+09:00,KRW-NEAR,3318.0,59,RSI 범위 이탈,PENDING_90M,,2026-09-07T10:13:38+09:00,,,,,,,"1차 퀀트 관망 대기: 하드게이트 통과, 알파스코어 59점, MA5 > MA20, RSI 44.4, %B 0.30, 저점거리 0.18%, 최근고점대비 1.81%, 반등확인 차단, 이격 안정, 1H 3330.0 >= EMA20 3236.7 (기준 0.998), 모멘텀 돌파 직전 4봉 고점 돌파=차단, 거래량배수=0.19, 양봉=차단, RSI=차단, 1H MTF=통과"
upbit,2026-09-07T08:43:38+09:00,KRW-TAO,360700.0,49,거래량 부족,PENDING_90M,,2026-09-07T10:13:38+09:00,,,,,,,"1차 퀀트 관망 대기: 하드게이트 차단, 알파스코어 49점, MA5 > MA20, RSI 66.4, %B 0.86, 저점거리 1.78%, 최근고점대비 0.19%, 반등확인 통과, 이격 안정, 1H 354600.0 >= EMA20 341352.2 (기준 0.998), 모멘텀 돌파 직전 4봉 고점 돌파=차단, 거래량배수=0.15, 양봉=통과, RSI=통과, 1H MTF=통과"
upbit,2026-09-07T08:48:32+09:00,KRW-JUP,372.0,40,RSI 범위 이탈,PENDING_90M,,2026-09-07T10:18:32+09:00,,,,,,,"1차 퀀트 관망 대기: 하드게이트 차단, 알파스코어 40점, MA5 > MA20, RSI 75.0, %B 0.90, 저점거리 3.05%, 최근고점대비 0.27%, 반등확인 통과, 이격 안정, 1H 364.0 >= EMA20 350.1 (기준 0.998), 모멘텀 돌파 직전 4봉 고점 돌파=차단, 거래량배수=1.85, 양봉=통과, RSI=차단, 1H MTF=통과"
upbit,2026-09-07T08:48:33+09:00,KRW-ONDO,528.0,37,RSI 범위 이탈,PENDING_90M,,2026-09-07T10:18:33+09:00,,,,,,,"1차 퀀트 관망 대기: 하드게이트 차단, 알파스코어 37점, MA5 > MA20, RSI 76.5, %B 0.90, 저점거리 1.54%, 최근고점대비 0.00%, 반등확인 통과, 이격 안정, 1H 523.0 >= EMA20 514.7 (기준 0.998), 모멘텀 돌파 직전 4봉 고점 돌파=통과, 거래량배수=0.67, 양봉=통과, RSI=차단, 1H MTF=통과"
upbit,2026-09-07T08:48:33+09:00,KRW-WLD,572.0,72,돌파 미확인,PENDING_90M,,2026-09-07T10:18:33+09:00,,,,,,,"1차 퀀트 관망 대기: 하드게이트 차단, 알파스코어 72점, MA5 > MA20, RSI 61.9, %B 0.78, 저점거리 1.06%, 최근고점대비 0.35%, 반등확인 차단, 이격 안정, 1H 567.0 >= EMA20 559.3 (기준 0.998), 모멘텀 돌파 직전 4봉 고점 돌파=차단, 거래량배수=1.64, 양봉=차단, RSI=통과, 1H MTF=통과"
upbit,2026-09-07T08:48:34+09:00,KRW-VIRTUAL,994.0,57,하드 게이트,PENDING_90M,,2026-09-07T10:18:34+09:00,,,,,,,"1차 퀀트 관망 대기: 하드게이트 차단, 알파스코어 57점, MA5 > MA20, RSI 62.5, %B 1.19, 저점거리 1.84%, 최근고점대비 0.10%, 반등확인 통과, 이격 안정, 1H 978.0 >= EMA20 952.7 (기준 0.998), 모멘텀 돌파 직전 4봉 고점 돌파=통과, 거래량배수=1.40, 양봉=통과, RSI=통과, 1H MTF=통과"
upbit,2026-09-07T08:48:34+09:00,KRW-SPK,29.8,62,상위 추세 미달,PENDING_90M,,2026-09-07T10:18:34+09:00,,,,,,,"1차 퀀트 관망 대기: 하드게이트 차단, 알파스코어 62점, MA5 <= MA20, RSI 54.5, %B 0.62, 저점거리 0.68%, 최근고점대비 0.34%, 반등확인 통과, 이격 안정, 1H 29.8 < EMA20 30.1 (기준 0.998)"
upbit,2026-09-07T08:48:35+09:00,KRW-SEI,67.1,44,하드 게이트,PENDING_90M,,2026-09-07T10:18:35+09:00,,,,,,,"1차 퀀트 관망 대기: 하드게이트 차단, 알파스코어 44점, MA5 > MA20, RSI 70.6, %B 0.84, 저점거리 0.90%, 최근고점대비 0.00%, 반등확인 통과, 이격 안정, 1H 66.8 >= EMA20 66.1 (기준 0.998)"
upbit,2026-09-07T08:48:35+09:00,KRW-ZAMA,78.5,50,하드 게이트,PENDING_90M,,2026-09-07T10:18:35+09:00,,,,,,,"1차 퀀트 관망 대기: 하드게이트 차단, 알파스코어 50점, MA5 > MA20, RSI 67.9, %B 1.21, 저점거리 1.55%, 최근고점대비 0.13%, 반등확인 통과, 이격 안정, 1H 77.4 >= EMA20 76.6 (기준 0.998), 모멘텀 돌파 직전 4봉 고점 돌파=통과, 거래량배수=2.83, 양봉=통과, RSI=통과, 1H MTF=통과"
upbit,2026-09-07T08:48:36+09:00,KRW-NEAR,3315.0,49,RSI 범위 이탈,PENDING_90M,,2026-09-07T10:18:36+09:00,,,,,,,"1차 퀀트 관망 대기: 하드게이트 차단, 알파스코어 49점, MA5 <= MA20, RSI 37.9, %B 0.28, 저점거리 0.09%, 최근고점대비 1.90%, 반등확인 차단, 이격 안정, 1H 3330.0 >= EMA20 3236.7 (기준 0.998), 모멘텀 돌파 직전 4봉 고점 돌파=차단, 거래량배수=0.73, 양봉=차단, RSI=차단, 1H MTF=통과"
upbit,2026-09-07T08:48:36+09:00,KRW-TAO,361900.0,44,거래량 부족,PENDING_90M,,2026-09-07T10:18:36+09:00,,,,,,,"1차 퀀트 관망 대기: 하드게이트 차단, 알파스코어 44점, MA5 > MA20, RSI 69.0, %B 0.97, 저점거리 2.12%, 최근고점대비 0.00%, 반등확인 통과, 이격 안정, 1H 354600.0 >= EMA20 341352.2 (기준 0.998), 모멘텀 돌파 직전 4봉 고점 돌파=통과, 거래량배수=0.21, 양봉=통과, RSI=통과, 1H MTF=통과"
upbit,2026-09-07T08:53:30+09:00,KRW-ONDO,527.0,37,거래량 부족,PENDING_90M,,2026-09-07T10:23:30+09:00,,,,,,,"1차 퀀트 관망 대기: 하드게이트 차단, 알파스코어 37점, MA5 > MA20, RSI 70.6, %B 0.80, 저점거리 1.35%, 최근고점대비 0.19%, 반등확인 통과, 이격 안정, 1H 523.0 >= EMA20 514.7 (기준 0.998), 모멘텀 돌파 직전 4봉 고점 돌파=차단, 거래량배수=0.90, 양봉=통과, RSI=통과, 1H MTF=통과"
upbit,2026-09-07T08:53:30+09:00,KRW-WLD,572.0,69,거래량 부족,PENDING_90M,,2026-09-07T10:23:30+09:00,,,,,,,"1차 퀀트 관망 대기: 하드게이트 차단, 알파스코어 69점, MA5 > MA20, RSI 57.9, %B 0.76, 저점거리 1.06%, 최근고점대비 0.35%, 반등확인 통과, 이격 안정, 1H 567.0 >= EMA20 559.3 (기준 0.998), 모멘텀 돌파 직전 4봉 고점 돌파=차단, 거래량배수=0.40, 양봉=통과, RSI=통과, 1H MTF=통과"
upbit,2026-09-07T08:53:31+09:00,KRW-VIRTUAL,994.0,59,거래량 부족,PENDING_90M,,2026-09-07T10:23:31+09:00,,,,,,,"1차 퀀트 관망 대기: 하드게이트 차단, 알파스코어 59점, MA5 > MA20, RSI 60.5, %B 1.07, 저점거리 1.84%, 최근고점대비 0.10%, 반등확인 통과, 이격 안정, 1H 978.0 >= EMA20 952.7 (기준 0.998), 모멘텀 돌파 직전 4봉 고점 돌파=차단, 거래량배수=1.11, 양봉=통과, RSI=통과, 1H MTF=통과"
upbit,2026-09-07T08:53:31+09:00,KRW-SPK,29.9,42,거래량 부족,PENDING_90M,,2026-09-07T10:23:31+09:00,,,,,,,"1차 퀀트 관망 대기: 하드게이트 차단, 알파스코어 42점, MA5 <= MA20, RSI 63.6, %B 0.91, 저점거리 1.01%, 최근고점대비 0.00%, 반등확인 통과, 이격 안정, 1H 29.8 < EMA20 30.1 (기준 0.998), 모멘텀 돌파 직전 4봉 고점 돌파=차단, 거래량배수=0.04, 양봉=통과, RSI=통과, 1H MTF=통과"
upbit,2026-09-07T08:53:31+09:00,KRW-SEI,67.2,44,하드 게이트,PENDING_90M,,2026-09-07T10:23:31+09:00,,,,,,,"1차 퀀트 관망 대기: 하드게이트 차단, 알파스코어 44점, MA5 > MA20, RSI 68.8, %B 0.97, 저점거리 1.05%, 최근고점대비 0.00%, 반등확인 통과, 이격 안정, 1H 66.8 >= EMA20 66.1 (기준 0.998)"
upbit,2026-09-07T08:53:32+09:00,KRW-UNI,9845.0,59,하드 게이트,PENDING_90M,,2026-09-07T10:23:32+09:00,,,,,,,"1차 퀀트 관망 대기: 하드게이트 차단, 알파스코어 59점, MA5 > MA20, RSI 64.6, %B 1.00, 저점거리 1.34%, 최근고점대비 0.00%, 반등확인 통과, 이격 안정, 1H 9750.0 >= EMA20 9626.2 (기준 0.998)"
upbit,2026-09-07T08:53:32+09:00,KRW-ZAMA,78.5,44,거래량 부족,PENDING_90M,,2026-09-07T10:23:32+09:00,,,,,,,"1차 퀀트 관망 대기: 하드게이트 차단, 알파스코어 44점, MA5 > MA20, RSI 66.7, %B 1.08, 저점거리 1.55%, 최근고점대비 0.13%, 반등확인 통과, 이격 안정, 1H 77.4 >= EMA20 76.6 (기준 0.998), 모멘텀 돌파 직전 4봉 고점 돌파=차단, 거래량배수=0.54, 양봉=통과, RSI=통과, 1H MTF=통과"
upbit,2026-09-07T08:53:33+09:00,KRW-JTO,633.0,29,RSI 범위 이탈,PENDING_90M,,2026-09-07T10:23:33+09:00,,,,,,,"1차 퀀트 관망 대기: 하드게이트 차단, 알파스코어 29점, MA5 <= MA20, RSI 26.7, %B 0.32, 저점거리 0.80%, 최근고점대비 0.32%, 반등확인 통과, 이격 안정, 1H 633.0 >= EMA20 613.3 (기준 0.998), 모멘텀 돌파 직전 4봉 고점 돌파=차단, 거래량배수=0.29, 양봉=통과, RSI=차단, 1H MTF=통과"
upbit,2026-09-07T08:53:33+09:00,KRW-LINK,18010.0,43,RSI 범위 이탈,PENDING_90M,,2026-09-07T10:23:33+09:00,,,,,,,"1차 퀀트 관망 대기: 하드게이트 차단, 알파스코어 43점, MA5 > MA20, RSI 82.5, %B 0.83, 저점거리 1.81%, 최근고점대비 0.28%, 반등확인 통과, 이격 안정, 1H 17780.0 >= EMA20 16953.8 (기준 0.998), 모멘텀 돌파 직전 4봉 고점 돌파=차단, 거래량배수=2.72, 양봉=통과, RSI=차단, 1H MTF=통과"
upbit,2026-09-07T08:53:33+09:00,KRW-TAO,360700.0,59,거래량 부족,PENDING_90M,,2026-09-07T10:23:33+09:00,,,,,,,"1차 퀀트 관망 대기: 하드게이트 차단, 알파스코어 59점, MA5 > MA20, RSI 60.6, %B 0.81, 저점거리 1.78%, 최근고점대비 0.50%, 반등확인 차단, 이격 안정, 1H 354600.0 >= EMA20 341352.2 (기준 0.998), 모멘텀 돌파 직전 4봉 고점 돌파=차단, 거래량배수=0.26, 양봉=차단, RSI=통과, 1H MTF=통과"
upbit,2026-09-07T08:58:35+09:00,KRW-ONDO,527.0,53,돌파 미확인,PENDING_90M,,2026-09-07T10:28:35+09:00,,,,,,,"1차 퀀트 관망 대기: 하드게이트 차단, 알파스코어 53점, MA5 > MA20, RSI 68.8, %B 0.78, 저점거리 0.96%, 최근고점대비 0.19%, 반등확인 통과, 이격 안정, 1H 523.0 >= EMA20 514.7 (기준 0.998), 모멘텀 돌파 직전 4봉 고점 돌파=차단, 거래량배수=2.03, 양봉=통과, RSI=통과, 1H MTF=통과"
upbit,2026-09-07T08:58:35+09:00,KRW-PROM,7420.0,52,RSI 범위 이탈,PENDING_90M,,2026-09-07T10:28:35+09:00,,,,,,,"1차 퀀트 관망 대기: 하드게이트 차단, 알파스코어 52점, MA5 <= MA20, RSI 41.3, %B 0.12, 저점거리 0.13%, 최근고점대비 1.42%, 반등확인 차단, 이격 안정, 1H 7450.0 >= EMA20 7372.9 (기준 0.998), 모멘텀 돌파 직전 4봉 고점 돌파=차단, 거래량배수=1.24, 양봉=차단, RSI=차단, 1H MTF=통과"
upbit,2026-09-07T08:58:36+09:00,KRW-WLD,571.0,77,거래량 부족,PENDING_90M,,2026-09-07T10:28:36+09:00,,,,,,,"1차 퀀트 관망 대기: 하드게이트 차단, 알파스코어 77점, MA5 > MA20, RSI 55.0, %B 0.64, 저점거리 0.71%, 최근고점대비 0.53%, 반등확인 통과, 이격 안정, 1H 567.0 >= EMA20 559.3 (기준 0.998), 모멘텀 돌파 직전 4봉 고점 돌파=차단, 거래량배수=1.29, 양봉=통과, RSI=통과, 1H MTF=통과"
upbit,2026-09-07T08:58:36+09:00,KRW-VIRTUAL,989.0,69,거래량 부족,PENDING_90M,,2026-09-07T10:28:36+09:00,,,,,,,"1차 퀀트 관망 대기: 하드게이트 차단, 알파스코어 69점, MA5 > MA20, RSI 53.5, %B 0.76, 저점거리 1.33%, 최근고점대비 0.71%, 반등확인 차단, 이격 안정, 1H 978.0 >= EMA20 952.7 (기준 0.998), 모멘텀 돌파 직전 4봉 고점 돌파=차단, 거래량배수=1.15, 양봉=차단, RSI=통과, 1H MTF=통과"
upbit,2026-09-07T08:58:37+09:00,KRW-ENS,8480.0,62,돌파 미확인,PENDING_90M,,2026-09-07T10:28:37+09:00,,,,,,,"1차 퀀트 관망 대기: 하드게이트 차단, 알파스코어 62점, MA5 > MA20, RSI 66.0, %B 0.84, 저점거리 1.31%, 최근고점대비 0.06%, 반등확인 통과, 이격 안정, 1H 8385.0 >= EMA20 8360.0 (기준 0.998), 모멘텀 돌파 직전 4봉 고점 돌파=차단, 거래량배수=1.30, 양봉=통과, RSI=통과, 1H MTF=통과"
upbit,2026-09-07T08:58:37+09:00,KRW-AVAX,10790.0,52,거래량 부족,PENDING_90M,,2026-09-07T10:28:37+09:00,,,,,,,"1차 퀀트 관망 대기: 하드게이트 차단, 알파스코어 52점, MA5 > MA20, RSI 66.7, %B 1.00, 저점거리 1.51%, 최근고점대비 0.37%, 반등확인 차단, 이격 안정, 1H 10640.0 >= EMA20 10467.5 (기준 0.998), 모멘텀 돌파 직전 4봉 고점 돌파=차단, 거래량배수=1.22, 양봉=차단, RSI=통과, 1H MTF=통과"
upbit,2026-09-07T08:58:38+09:00,KRW-JUP,377.0,43,RSI 범위 이탈,PENDING_90M,,2026-09-07T10:28:38+09:00,,,,,,,"1차 퀀트 관망 대기: 하드게이트 차단, 알파스코어 43점, MA5 > MA20, RSI 80.0, %B 1.04, 저점거리 3.86%, 최근고점대비 0.27%, 반등확인 통과, 이격 안정, 1H 364.0 >= EMA20 350.1 (기준 0.998), 모멘텀 돌파 직전 4봉 고점 돌파=차단, 거래량배수=2.88, 양봉=통과, RSI=차단, 1H MTF=통과"
upbit,2026-09-07T08:58:38+09:00,KRW-UNI,9850.0,70,하드 게이트,PENDING_90M,,2026-09-07T10:28:38+09:00,,,,,,,"1차 퀀트 관망 대기: 하드게이트 차단, 알파스코어 70점, MA5 > MA20, RSI 59.4, %B 0.97, 저점거리 1.39%, 최근고점대비 0.20%, 반등확인 통과, 이격 안정, 1H 9750.0 >= EMA20 9626.2 (기준 0.998)"
upbit,2026-09-07T08:58:39+09:00,KRW-ZAMA,78.6,50,돌파 미확인,PENDING_90M,,2026-09-07T10:28:39+09:00,,,,,,,"1차 퀀트 관망 대기: 하드게이트 차단, 알파스코어 50점, MA5 > MA20, RSI 66.7, %B 1.04, 저점거리 1.68%, 최근고점대비 0.00%, 반등확인 통과, 이격 안정, 1H 77.4 >= EMA20 76.6 (기준 0.998), 모멘텀 돌파 직전 4봉 고점 돌파=차단, 거래량배수=2.95, 양봉=통과, RSI=통과, 1H MTF=통과"
upbit,2026-09-07T08:58:39+09:00,KRW-TAO,359700.0,74,거래량 부족,PENDING_90M,,2026-09-07T10:28:39+09:00,,,,,,,"1차 퀀트 관망 대기: 하드게이트 통과, 알파스코어 74점, MA5 > MA20, RSI 60.6, %B 0.69, 저점거리 1.50%, 최근고점대비 0.78%, 반등확인 차단, 이격 안정, 1H 354600.0 >= EMA20 341352.2 (기준 0.998), 모멘텀 돌파 직전 4봉 고점 돌파=차단, 거래량배수=0.67, 양봉=차단, RSI=통과, 1H MTF=통과"
upbit,2026-09-07T09:03:33+09:00,KRW-ORCA,1923.0,52,RSI 범위 이탈,PENDING_90M,,2026-09-07T10:33:33+09:00,,,,,,,"1차 퀀트 관망 대기: 하드게이트 차단, 알파스코어 52점, MA5 > MA20, RSI 74.6, %B 0.82, 저점거리 1.85%, 최근고점대비 0.31%, 반등확인 차단, 이격 안정, 1H 1923.0 >= EMA20 1893.2 (기준 0.998), 모멘텀 돌파 직전 4봉 고점 돌파=차단, 거래량배수=2.17, 양봉=차단, RSI=차단, 1H MTF=통과"
upbit,2026-09-07T09:08:35+09:00,KRW-ORCA,2021.0,50,이격 과열,PENDING_90M,,2026-09-07T10:38:35+09:00,,,,,,,"1차 퀀트 관망 대기: 하드게이트 차단, 알파스코어 50점, MA5 > MA20, RSI 92.4, %B 1.44, 저점거리 6.99%, 최근고점대비 1.78%, 반등확인 통과, 이격 과열차단, 1H 1923.0 >= EMA20 1893.2 (기준 0.998), 모멘텀 돌파 직전 4봉 고점 돌파=통과, 거래량배수=160.90, 양봉=통과, RSI=차단, 1H MTF=통과"
upbit,2026-09-07T09:08:36+09:00,KRW-DOT,1336.0,58,하드 게이트,PENDING_90M,,2026-09-07T10:38:36+09:00,,,,,,,"1차 퀀트 관망 대기: 하드게이트 차단, 알파스코어 58점, MA5 > MA20, RSI 56.7, %B 1.02, 저점거리 0.98%, 최근고점대비 0.00%, 반등확인 통과, 이격 안정, 1H 1331.0 >= EMA20 1306.9 (기준 0.998)"
